mofu_sku,product_id,product_name,source_price_id,replacement_price_id,old_hkd,new_hkd,cost_cny,was_default_price,verification_status,failed_checks
MH-DOG-COMBO-015,prod_V8kNDHKt8kCFkT,COMBO 馬蘇里拉芝士角切狗狗乾糧 720g｜COMBO Mozzarella Cheese Cubes Dry Dog Food 720g,price_1U8SsoRyM6dRKLtZv82WvY8y,price_1U90TXRyM6dRKLtZARGBBySv,249.90,234.90,114.0000,True,verified,
MH-DOG-COMBO-013,prod_V8kNDRrV7QQWc8,COMBO 捲心菜牛肉狗狗乾糧 720g｜COMBO Cabbage & Beef Dry Dog Food 720g,price_1U8SspRyM6dRKLtZdI80zla7,price_1U90TYRyM6dRKLtZdZNpfM38,249.90,234.90,114.0000,True,verified,
MH-DOG-COMBO-014,prod_V8kNSV91CKgxb8,"COMBO 牛肉小魚乾芝士蔬菜狗狗乾糧 720g｜COMBO Beef, Dried Small Fish, Cheese & Vegetable Blend Dry Dog Food 720g",price_1U8SsmRyM6dRKLtZ3iaLqEV5,price_1U90TZRyM6dRKLtZtQ7cumCz,249.90,234.90,114.0000,True,verified,
MH-DOG-COMBO-016,prod_V8kNXGrzdUVGWS,COMBO 低脂小魚乾雞肉狗狗乾糧 720g｜COMBO Low-Fat Dried Small Fish & Chicken Dry Dog Food 720g,price_1U8SsqRyM6dRKLtZP2yQef0B,price_1U90TaRyM6dRKLtZWuVaHBFp,249.90,234.90,114.0000,True,verified,
MH-DOG-COMBO-017,prod_V8kNg5nRdCoND1,COMBO 低脂 7歲以上狗狗乾糧 720g｜COMBO Low-Fat Senior Dry Dog Food 720g,price_1U8SsrRyM6dRKLtZoKEOSOWV,price_1U90TbRyM6dRKLtZygTCmy0F,249.90,234.90,114.0000,True,verified,
MH-DOG-COMBO-012,prod_V8lA3QuLuCwOig,COMBO Pure 魚肉米狗狗乾糧 540g｜COMBO Pure Fish & Rice Dry Dog Food 540g,price_1U8TeHRyM6dRKLtZVgeSBzyq,price_1U90TcRyM6dRKLtZqUcntXTV,189.90,178.90,87.0000,True,verified,
MH-DOG-COMBO-008,prod_V8lA3mO6fUVnGr,COMBO Pure 嚴選芝士日本產雞肉狗狗乾糧 600g｜COMBO Pure Selected Cheese & Japanese Chicken Dry Dog Food 600g,price_1U8TeCRyM6dRKLtZj8yHgAgF,price_1U90TdRyM6dRKLtZwHed2NNy,189.90,178.90,87.0000,True,verified,
MH-DOG-COMBO-003,prod_V8lA3nhXSFdHkU,COMBO Pure 羅勒香雞肉切塊狗狗小食 50g｜COMBO Pure Basil-Scented Chicken Cubes Dog Treat 50g,price_1U8Te4RyM6dRKLtZsMkoDZgO,price_1U90TeRyM6dRKLtZlBbwP7Sb,69.90,65.90,31.7000,True,verified,
MH-DOG-COMBO-004,prod_V8lA4N42hxS8dk,COMBO Pure 雞肉軟骨切塊狗狗小食 50g｜COMBO Pure Chicken & Cartilage Cubes Dog Treat 50g,price_1U8Te5RyM6dRKLtZ9oA7GOJI,price_1U90TfRyM6dRKLtZYA48AO1y,69.90,65.90,31.7000,True,verified,
MH-DOG-COMBO-005,prod_V8lA7fjOQvodwx,COMBO Pure 雞胸肉三種蔬菜切塊狗狗小食 50g｜COMBO Pure Chicken Breast & Three Vegetable Cubes Dog Treat 50g,price_1U8Te6RyM6dRKLtZtPnsIajn,price_1U90TgRyM6dRKLtZOSQ0bR5c,69.90,65.90,31.7000,True,verified,
MH-DOG-COMBO-006,prod_V8lA8TrpHKZ0AE,COMBO Pure 日本產雞肉蔬菜狗狗乾糧 600g｜COMBO Pure Japanese Chicken & Vegetable Dry Dog Food 600g,price_1U8TeARyM6dRKLtZQu5zOWNW,price_1U90ThRyM6dRKLtZse2oFhSo,189.90,178.90,87.0000,True,verified,
MH-DOG-COMBO-007,prod_V8lAFkM1R1Q06Q,COMBO Pure 蔬菜嚴選芝士狗狗乾糧 600g｜COMBO Pure Vegetable & Selected Cheese Dry Dog Food 600g,price_1U8TeBRyM6dRKLtZzFpXrLkJ,price_1U90TiRyM6dRKLtZXvCDc0kQ,189.90,178.90,87.0000,True,verified,
MH-DOG-COMBO-010,prod_V8lAGBIlndcl9U,COMBO Pure 低脂日本產雞肉蔬菜狗狗乾糧 600g｜COMBO Pure Low-Fat Japanese Chicken & Vegetable Dry Dog Food 600g,price_1U8TeERyM6dRKLtZkFfIYDtC,price_1U90TjRyM6dRKLtZ6SUOdjvj,189.90,178.90,87.0000,True,verified,
MH-DOG-PTL-004,prod_V8lAMmluHgtE1f,PETLINE 盛宴時光 雞肉泥牛奶果凍芝士包 25g×4｜PETLINE Gochisou Time Chicken Paste Milk Jelly with Cheese Pouches 25g×4,price_1U8Te1RyM6dRKLtZhKa7smDU,price_1U90TkRyM6dRKLtZDOKY162e,49.90,40.90,19.7000,True,verified,
MH-CAT-COMBO-001,prod_V8lAOpvuncOCZM,COMBO 貓咪奢華美食四重滋味熟成鰹魚乾糧 600g｜COMBO Luxury Gourmet Four Flavours with Aged Bonito Dry Cat Food 600g,price_1U8Te7RyM6dRKLtZw2QIvSDA,price_1U90TlRyM6dRKLtZ6GLk9xjl,189.90,183.90,89.6000,True,verified,
MH-DOG-PTL-001,prod_V8lAPSEzKs8rpv,"PETLINE 盛宴時光 雞胸肉蔬菜牛肉風味果凍包 25g×4｜PETLINE Gochisou Time Chicken Breast, Vegetable & Beef-Style Jelly Pouches 25g×4",price_1U8TdxRyM6dRKLtZS4vQb2w7,price_1U90TmRyM6dRKLtZwKHnI6J8,49.90,40.90,19.7000,True,verified,
MH-CAT-COMBO-003,prod_V8lAWevxk3Za0C,COMBO 體重關注貓用鮪魚鰹魚節乾糧 600g｜COMBO Weight-Concern Cat Tuna Dry Food with Bonito Flakes 600g,price_1U8Te9RyM6dRKLtZbFSz0rsZ,price_1U90TnRyM6dRKLtZ6217JLWk,189.90,183.90,89.6000,True,verified,
MH-DOG-PTL-003,prod_V8lAXdhHafIDnG,PETLINE 盛宴時光 雞胸肉牛奶燉芝士包 25g×4｜PETLINE Gochisou Time Chicken Breast Milk-Stew with Cheese Pouches 25g×4,price_1U8TdzRyM6dRKLtZcZlk1ao4,price_1U90ToRyM6dRKLtZX8MagmYU,49.90,40.90,19.7000,True,verified,
MH-DOG-COMBO-011,prod_V8lAaOLN6jDE2s,COMBO Pure 凍乾配料日本產雞肉蔬菜狗狗乾糧 540g｜COMBO Pure Freeze-Dried Topping Japanese Chicken & Vegetable Dry Dog Food 540g,price_1U8TeFRyM6dRKLtZuol9PSsc,price_1U90TpRyM6dRKLtZPEBmnzI5,189.90,178.90,87.0000,True,verified,
MH-DOG-COMBO-001,prod_V8lActmdKRF9Nz,COMBO Pure 香嫩雞胸肉切塊狗狗小食 50g｜COMBO Pure Tender Chicken Breast Cubes Dog Treat 50g,price_1U8Te2RyM6dRKLtZjnp6TQr0,price_1U90TqRyM6dRKLtZ7F9UXZ0h,69.90,65.90,31.7000,True,verified,
MH-CAT-COMBO-002,prod_V8lAeH2hqPlna6,COMBO 貓咪奢華美食拼配鮭魚脆片鰹魚節乾糧 700g｜COMBO Luxury Gourmet Blend with Salmon Chips & Bonito Flakes Dry Cat Food 700g,price_1U8Te8RyM6dRKLtZf1Zb7BlY,price_1U90TrRyM6dRKLtZl9rMZv4g,189.90,183.90,89.6000,True,verified,
MH-DOG-COMBO-009,prod_V8lArvqiVc3AMr,COMBO Pure 超小粒日本產雞肉蔬菜狗狗乾糧 600g｜COMBO Pure Extra-Small Kibble Japanese Chicken & Vegetable Dry Dog Food 600g,price_1U8TeDRyM6dRKLtZlJaNJ6sH,price_1U90TsRyM6dRKLtZioR1zXXj,189.90,178.90,87.0000,True,verified,
MH-DOG-PTL-002,prod_V8lAt5mJJ5YOb7,PETLINE 盛宴時光 雞胸肉芝士果凍包 25g×4｜PETLINE Gochisou Time Chicken Breast & Cheese Jelly Pouches 25g×4,price_1U8TdyRyM6dRKLtZYeTThu5A,price_1U90TtRyM6dRKLtZ6uoUCcpH,49.90,40.90,19.7000,True,verified,
MH-DOG-COMBO-002,prod_V8lAyjALw49Mz2,COMBO Pure 香嫩雞胸肉絲狗狗小食 50g｜COMBO Pure Tender Chicken Breast Strips Dog Treat 50g,price_1U8Te3RyM6dRKLtZQYZvdm4f,price_1U90TuRyM6dRKLtZCkAleg1y,69.90,65.90,31.7000,True,verified,
MH-DOG-GEN-001,prod_V8sFjjO8IgpPvO,Complete ytt 日本犬用雞肉條小食 20g｜Complete ytt Chicken Tender Dog Treats 20g,price_1U8aVNRyM6dRKLtZ7S60votS,price_1U90TvRyM6dRKLtZxyVKNGkh,14.90,13.90,6.7400,True,verified,
MH-DOG-GEN-001,prod_V8sFjjO8IgpPvO,Complete ytt 日本犬用雞肉條小食 20g｜Complete ytt Chicken Tender Dog Treats 20g,price_1U8aVNRyM6dRKLtZqwr4DE1J,price_1U90TwRyM6dRKLtZWMr2o7IJ,27.90,26.90,12.9000,False,verified,
MH-DOG-GEN-001,prod_V8sFjjO8IgpPvO,Complete ytt 日本犬用雞肉條小食 20g｜Complete ytt Chicken Tender Dog Treats 20g,price_1U8aVORyM6dRKLtZ8BiiBL40,price_1U90TxRyM6dRKLtZG6lyhu3U,69.90,67.90,32.9000,False,verified,
MH-DOG-GEN-001,prod_V8sFjjO8IgpPvO,Complete ytt 日本犬用雞肉條小食 20g｜Complete ytt Chicken Tender Dog Treats 20g,price_1U8aVORyM6dRKLtZIb6ivl1D,price_1U90TxRyM6dRKLtZLzOCyvVt,78.90,75.90,36.7000,False,verified,
MH-DOG-GEN-001,prod_V8sFjjO8IgpPvO,Complete ytt 日本犬用雞肉條小食 20g｜Complete ytt Chicken Tender Dog Treats 20g,price_1U8aVORyM6dRKLtZyvltXD1x,price_1U90TyRyM6dRKLtZuCzym2Wg,69.90,67.90,32.9000,False,verified,
MH-LIF-GEN-001,prod_V8szJB1xzy0Hkm,藍貓圖案斜口高腳陶瓷食盤 M｜Blue Cat Pattern Raised Slanted Ceramic Bowl M,price_1U8bDuRyM6dRKLtZLWNMemMt,price_1U90TzRyM6dRKLtZ8d3asNMj,65.90,63.90,30.9500,True,verified,
MH-LIF-GEN-004,prod_V8szss31Rm8tiJ,高腳平口陶瓷貓咪食盤 250ml｜Raised Flat-Rim Ceramic Cat Bowl 250ml,price_1U8bDzRyM6dRKLtZ4X3eofhW,price_1U90U0RyM6dRKLtZybv7SNIu,38.90,37.90,18.3400,True,verified,
MH-LIF-GEN-004,prod_V8szss31Rm8tiJ,高腳平口陶瓷貓咪食盤 250ml｜Raised Flat-Rim Ceramic Cat Bowl 250ml,price_1U8bE0RyM6dRKLtZEhY45gCA,price_1U90U1RyM6dRKLtZttjg64hz,38.90,37.90,18.3400,False,verified,
MH-LIF-GEN-004,prod_V8szss31Rm8tiJ,高腳平口陶瓷貓咪食盤 250ml｜Raised Flat-Rim Ceramic Cat Bowl 250ml,price_1U8bE0RyM6dRKLtZMRGdUPd6,price_1U90U2RyM6dRKLtZDgAtF958,38.90,37.90,18.3400,False,verified,
MH-LIF-GEN-002,prod_V8szxN4qvZQyrJ,貓耳斜口高腳陶瓷食盤 12cm｜Cat Ear Raised Slanted Ceramic Bowl 12cm,price_1U8bDrRyM6dRKLtZ4BGKfDgq,price_1U90U2RyM6dRKLtZNtqNKB0D,54.90,52.90,25.5000,False,verified,
MH-LIF-GEN-002,prod_V8szxN4qvZQyrJ,貓耳斜口高腳陶瓷食盤 12cm｜Cat Ear Raised Slanted Ceramic Bowl 12cm,price_1U8bDrRyM6dRKLtZFJenWOBn,price_1U90U3RyM6dRKLtZgTJWL2qr,54.90,52.90,25.5000,True,verified,
MH-LIF-GEN-002,prod_V8szxN4qvZQyrJ,貓耳斜口高腳陶瓷食盤 12cm｜Cat Ear Raised Slanted Ceramic Bowl 12cm,price_1U8bDrRyM6dRKLtZvZK2osMh,price_1U90U4RyM6dRKLtZugqWBBh3,54.90,52.90,25.5000,False,verified,
MH-LIF-GEN-002,prod_V8szxN4qvZQyrJ,貓耳斜口高腳陶瓷食盤 12cm｜Cat Ear Raised Slanted Ceramic Bowl 12cm,price_1U8bDsRyM6dRKLtZjeQdGEbD,price_1U90U5RyM6dRKLtZcoofTFNx,54.90,52.90,25.5000,False,verified,
MH-LIF-GEN-006,prod_V8szzgASg2ZnbO,白貓海浪紋斜口高腳陶瓷食盤 M｜White Cat Wave Pattern Raised Slanted Ceramic Bowl M,price_1U8bDxRyM6dRKLtZBY1GwTXp,price_1U90U5RyM6dRKLtZrPuttxOn,59.90,57.90,27.9400,True,verified,
MH-LIF-GEN-003,prod_V8t03LiP3rgoHN,貓臉斜口高腳陶瓷食盤 350ml｜Cat Face Raised Slanted Ceramic Bowl 350ml,price_1U8bE3RyM6dRKLtZ2dyFDhQx,price_1U90U6RyM6dRKLtZlkpYO8WC,59.90,57.90,27.9400,False,verified,
MH-LIF-GEN-003,prod_V8t03LiP3rgoHN,貓臉斜口高腳陶瓷食盤 350ml｜Cat Face Raised Slanted Ceramic Bowl 350ml,price_1U8bE3RyM6dRKLtZ6NUu82ih,price_1U90U7RyM6dRKLtZKEcxXS2u,59.90,57.90,27.9400,True,verified,
MH-LIF-GEN-003,prod_V8t03LiP3rgoHN,貓臉斜口高腳陶瓷食盤 350ml｜Cat Face Raised Slanted Ceramic Bowl 350ml,price_1U8bE3RyM6dRKLtZoo1SG8fs,price_1U90U8RyM6dRKLtZFz5GTfrD,59.90,57.90,27.9400,False,verified,
MH-LIF-GEN-005,prod_V8t0eKeqlC0GzI,深藍貓臉高腳陶瓷食盤 M｜Navy Cat Face Raised Ceramic Bowl M,price_1U8bE6RyM6dRKLtZKBGrzFqk,price_1U90U8RyM6dRKLtZYP0Mu7cQ,46.90,45.90,21.9000,True,verified,
MH-CAT-GNSP-016,prod_V8th4gMOUDUrzu,銀之匙 三ツ星グルメ 夾心奶油 魚肉雞里脊三拼乾糧 180g｜Gin no Spoon Mitsuboshi Gourmet Cream-Filled Fish & Chicken Tender Three-Recipe Dry Cat Food 180g,price_1U8btqRyM6dRKLtZ3JpWeJNI,price_1U90U9RyM6dRKLtZVNCdKvBq,99.90,96.90,46.8000,True,verified,
MH-CAT-GNSP-018,prod_V8th51dTMblovb,銀之匙 三ツ星グルメ 夾心奶油 金槍魚雞里脊味乾糧 180g｜Gin no Spoon Mitsuboshi Gourmet Cream-Filled Tuna & Chicken Tender Dry Cat Food 180g,price_1U8btoRyM6dRKLtZuVNr212k,price_1U90UARyM6dRKLtZVVo8P52S,99.90,96.90,46.8000,True,verified,
MH-CAT-GNSP-020,prod_V8thBqcqHiv3cZ,銀之匙 三ツ星グルメ 幼貓魚味加牛奶乾糧 240g｜Gin no Spoon Mitsuboshi Gourmet Kitten Fish Recipe with Milk Dry Cat Food 240g,price_1U8bu8RyM6dRKLtZrtZ6IOrx,price_1U90UBRyM6dRKLtZweJ42eYf,99.90,96.90,46.8000,True,verified,
MH-CAT-GNSP-025,prod_V8thPo6RjbpnwO,銀之匙 三ツ星グルメ 餐後吐毛輕減及毛球護理魚味乾糧 192g｜Gin no Spoon Mitsuboshi Gourmet Fish Recipe Dry Cat Food for Reduced Post-Meal Vomiting & Hairball Care 192g,price_1U8bu3RyM6dRKLtZLjAK97QM,price_1U90UCRyM6dRKLtZnxOW8Xb7,99.90,96.90,46.8000,True,verified,
MH-CAT-GNSP-022,prod_V8thRjwLfHWe9X,銀之匙 三ツ星グルメ 鮮旨香 魚肉雞里脊三拼乾糧 160g｜Gin no Spoon Mitsuboshi Gourmet Shimi-Uma Fish & Chicken Tender Three-Recipe Dry Cat Food 160g,price_1U8btvRyM6dRKLtZPuQqw0hP,price_1U90UDRyM6dRKLtZGGjbUvCL,99.90,96.90,46.8000,True,verified,
MH-CAT-GNSP-017,prod_V8thb2VVnmHjCY,銀之匙 三ツ星グルメ 夾心奶油 金槍魚鰹魚毛球護理乾糧 180g｜Gin no Spoon Mitsuboshi Gourmet Cream-Filled Tuna & Bonito Hairball Care Dry Cat Food 180g,price_1U8bttRyM6dRKLtZYVjv60by,price_1U90UERyM6dRKLtZ1iJxMjSq,99.90,96.90,46.8000,True,verified,
MH-CAT-GNSP-019,prod_V8thjTAXBn4Lnx,銀之匙 三ツ星グルメ 香酥魚香毛球護理乾糧 240g｜Gin no Spoon Mitsuboshi Gourmet Fish Recipe Hairball Care Dry Cat Food 240g,price_1U8btlRyM6dRKLtZG99b8TZR,price_1U90UFRyM6dRKLtZfDs6FCKI,95.90,92.90,44.8000,True,verified,
MH-CAT-GNSP-024,prod_V8thk9qKECj0in,"銀之匙 三ツ星グルメ 鮮旨香 金槍魚鯛魚鰹魚乾糧 192g｜Gin no Spoon Mitsuboshi Gourmet Shimi-Uma Tuna, Sea Bream & Bonito Dry Cat Food 192g",price_1U8bu0RyM6dRKLtZKGEvnAcj,price_1U90UGRyM6dRKLtZs4CWYdMK,99.90,96.90,46.8000,True,verified,
MH-CAT-GNSP-023,prod_V8thsQJq4RYszQ,"銀之匙 三ツ星グルメ 鮮旨香 金槍魚雞里脊鰹魚乾糧 192g｜Gin no Spoon Mitsuboshi Gourmet Shimi-Uma Tuna, Chicken Tender & Bonito Dry Cat Food 192g",price_1U8btyRyM6dRKLtZ2aDVvnPF,price_1U90UIRyM6dRKLtZX816NXBC,99.90,96.90,46.8000,True,verified,
MH-CAT-GNSP-021,prod_V8thwhOf6ahDTN,銀之匙 三ツ星グルメ 10歲起腎臟健康維護魚味四拼乾糧 200g｜Gin no Spoon Mitsuboshi Gourmet 10+ Kidney Health Maintenance Fish Four-Recipe Dry Cat Food 200g,price_1U8bu5RyM6dRKLtZGPNwKLAo,price_1U90UJRyM6dRKLtZSS0HzuHg,99.90,96.90,46.8000,True,verified,
MH-CAT-GNSP-014,prod_V8uID4s03TNUrL,銀之匙 三ツ星グルメ 夾心奶油 金槍魚鯛魚味乾糧 180g｜Gin no Spoon Mitsuboshi Gourmet Cream-Filled Tuna & Sea Bream Dry Cat Food 180g,price_1U8cUERyM6dRKLtZmdIE2erH,price_1U90UJRyM6dRKLtZkHGlR5LS,95.90,92.90,44.8000,True,verified,
MH-CAT-GNSP-008,prod_V8uILuFno1z4MZ,銀之匙 三ツ星グルメ 香酥魚香 腸胃健康照護乾糧 200g｜Gin no Spoon Mitsuboshi Gourmet Aromatic Fish Gut-Health Care Dry Cat Food 200g,price_1U8cUMRyM6dRKLtZiqoZhzs8,price_1U90ULRyM6dRKLtZEB8JClxR,95.90,92.90,44.8000,True,verified,
MH-CAT-UCM-001,prod_V8uIO7LzUQjeCT,Unicharm Deotoilet 消臭抗菌沸石貓砂 清新庭院香 3.8L｜Unicharm Deotoilet Deodorising Antibacterial Zeolite Cat Litter Natural Green 3.8L,price_1U8cU0RyM6dRKLtZ8uu3Ejr3,price_1U90UMRyM6dRKLtZBWpBGc4z,91.90,88.90,43.0000,True,verified,
MH-LIF-ST-001,prod_V8uIOVwsFqgPTV,Nyantomo 清潔貓廁所 脫臭抗菌木質貓砂 4.4L｜Nyantomo Deodorising Antibacterial Wood Cat Litter 4.4L,price_1U8cU3RyM6dRKLtZBkHsqyun,price_1U90UMRyM6dRKLtZ3rSIKzH0,203.90,197.90,96.0000,False,verified,
MH-LIF-ST-001,prod_V8uIOVwsFqgPTV,Nyantomo 清潔貓廁所 脫臭抗菌木質貓砂 4.4L｜Nyantomo Deodorising Antibacterial Wood Cat Litter 4.4L,price_1U8cU3RyM6dRKLtZTKnfNwxt,price_1U90UNRyM6dRKLtZbyJ8ASWL,203.90,197.90,96.0000,False,verified,
MH-LIF-ST-001,prod_V8uIOVwsFqgPTV,Nyantomo 清潔貓廁所 脫臭抗菌木質貓砂 4.4L｜Nyantomo Deodorising Antibacterial Wood Cat Litter 4.4L,price_1U8cU3RyM6dRKLtZYlkAeABl,price_1U90UORyM6dRKLtZucjCVu2p,203.90,197.90,96.0000,True,verified,
MH-CAT-SNP-001,prod_V8uIPfhAKY5ONF,SNAPPY 低粉塵膨潤土貓砂 原味無香 7L｜SNAPPY Low-Dust Bentonite Cat Litter Unscented 7L,price_1U8cU9RyM6dRKLtZnyUTF5xl,price_1U90UPRyM6dRKLtZMHm0POgc,96.90,93.90,45.4500,True,verified,
MH-CAT-GNSP-013,prod_V8uIc8IHCyEuCW,銀之匙 三ツ星グルメ 夾心奶油 金槍魚鰹魚味乾糧 180g｜Gin no Spoon Mitsuboshi Gourmet Cream-Filled Tuna & Bonito Dry Cat Food 180g,price_1U8cUCRyM6dRKLtZZdqgSvlS,price_1U90UQRyM6dRKLtZMBbN46uT,95.90,92.90,44.8000,True,verified,
MH-CAT-GNSP-011,prod_V8uIfmE32YGKQz,銀之匙 三ツ星グルメ 夾心奶油 魚味綜合乾糧 180g｜Gin no Spoon Mitsuboshi Gourmet Cream-Filled Assorted Fish Dry Cat Food 180g,price_1U8cUHRyM6dRKLtZILTR8TCU,price_1U90URRyM6dRKLtZrJSTVo0e,95.90,92.90,44.8000,True,verified,
MH-CAT-GNSP-012,prod_V8uIgedRHwtgJJ,銀之匙 三ツ星グルメ 夾心奶油 腸胃健康魚味三拼乾糧 180g｜Gin no Spoon Mitsuboshi Gourmet Cream-Filled Gut-Health Fish Three-Recipe Dry Cat Food 180g,price_1U8cUJRyM6dRKLtZoV9l2W9Y,price_1U90USRyM6dRKLtZcBAMOLrG,95.90,92.90,44.8000,True,verified,
MH-CAT-PAMAX-001,prod_V8uInkIOBbpTsp,PAMAX Miracle Series 生物酶除味貓砂 2.7kg｜PAMAX Miracle Series Enzyme Odour-Control Cat Litter 2.7kg,price_1U8cU6RyM6dRKLtZIwFymbls,price_1U90UTRyM6dRKLtZG5Yi17iE,190.90,184.90,90.0000,False,verified,
MH-CAT-PAMAX-001,prod_V8uInkIOBbpTsp,PAMAX Miracle Series 生物酶除味貓砂 2.7kg｜PAMAX Miracle Series Enzyme Odour-Control Cat Litter 2.7kg,price_1U8cU6RyM6dRKLtZuYsvr2FS,price_1U90UTRyM6dRKLtZ7w2uTrRN,97.90,94.90,46.0000,True,verified,
MH-CAT-PAMAX-001,prod_V8uInkIOBbpTsp,PAMAX Miracle Series 生物酶除味貓砂 2.7kg｜PAMAX Miracle Series Enzyme Odour-Control Cat Litter 2.7kg,price_1U8cU7RyM6dRKLtZu7s2FINt,price_1U90UURyM6dRKLtZVrbGJPun,472.90,457.90,223.0000,False,verified,
MH-CAT-GNSP-007,prod_V8uJI32Jxh5dCc,銀之匙 三ツ星グルメ 香酥魚香 魚肉雞肉四拼乾糧 200g｜Gin no Spoon Mitsuboshi Gourmet Aromatic Fish & Chicken Four-Recipe Dry Cat Food 200g,price_1U8cUPRyM6dRKLtZO8S4Hj2n,price_1U90UVRyM6dRKLtZdpRMCdVh,95.90,92.90,44.8000,True,verified,
MH-CAT-GNSP-009,prod_V8uJPueROjgX6L,銀之匙 三ツ星グルメ 香酥魚香 毛球護理乾糧 200g｜Gin no Spoon Mitsuboshi Gourmet Aromatic Fish Hairball Care Dry Cat Food 200g,price_1U8cURRyM6dRKLtZxOISi7XP,price_1U90UWRyM6dRKLtZpGCnNCfv,95.90,92.90,44.8000,True,verified,
MH-CAT-GNSP-010,prod_V8uJVy7nhLvdrI,"銀之匙 三ツ星グルメ 香酥魚香 金槍魚鯛魚鰹魚扇貝乾糧 200g｜Gin no Spoon Mitsuboshi Gourmet Aromatic Tuna, Sea Bream, Bonito & Scallop Dry Cat Food 200g",price_1U8cUXRyM6dRKLtZaTGFfSor,price_1U90UXRyM6dRKLtZPnwAPeD0,95.90,92.90,44.8000,True,verified,
MH-CAT-GNSP-006,prod_V8uJcEJtSEmb69,銀之匙 三ツ星グルメ 香酥魚香 魚味綜合乾糧 200g｜Gin no Spoon Mitsuboshi Gourmet Aromatic Assorted Fish Dry Cat Food 200g,price_1U8cUURyM6dRKLtZjiy5wjhq,price_1U90UYRyM6dRKLtZrFyIguvH,95.90,92.90,44.8000,True,verified,
MH-CAT-SNR-014,prod_V8vq78vZ3hdOmK,AIM30 Karitto Treats 酥脆貓咪零食 鮮魚味 25g｜AIM30 Karitto Treats Crispy Cat Treats Fish Flavour 25g,price_1U8dzLRyM6dRKLtZiNLM7My7,price_1U90UZRyM6dRKLtZfuIyn5I5,30.90,29.90,14.4000,True,verified,
MH-CAT-SNR-018,prod_V8vr09YUCbk2x6,AIM30 Karitto Treats 酥脆貓咪零食 乳酸菌吞拿魚味 25g｜AIM30 Karitto Treats Crispy Cat Treats Tuna with Lactic Acid Bacteria 25g,price_1U8dzoRyM6dRKLtZuW3r2eij,price_1U90UaRyM6dRKLtZZr8F8rrj,30.90,29.90,14.4000,True,verified,
MH-CAT-SNR-020,prod_V8vr3X8ZjnY554,AIM30 Karitto Treats 酥脆貓咪零食 三文魚味 25g｜AIM30 Karitto Treats Crispy Cat Treats Salmon Flavour 25g,price_1U8dzQRyM6dRKLtZJ5Dc0Gve,price_1U90UbRyM6dRKLtZU5NFcUOh,30.90,29.90,14.4000,True,verified,
MH-CAT-GNSP-015,prod_V8vr5nCW67gu8X,銀之匙 三ツ星グルメ 魚肉奶油夾心 鮪魚及白蝦味乾糧 180g｜Gin no Spoon Mitsuboshi Gourmet Cream-Filled Tuna & White Shrimp Dry Cat Food 180g,price_1U8e0ARyM6dRKLtZWOXn9WYV,price_1U90UcRyM6dRKLtZI9rgG0ZK,116.90,112.90,55.0000,True,verified,
MH-CAT-SNR-023,prod_V8vr8q8jdO6wNr,AIM30 Karitto Treats 酥脆貓咪零食 吞拿魚味 25g｜AIM30 Karitto Treats Crispy Cat Treats Tuna Flavour 25g,price_1U8dzaRyM6dRKLtZjQNjilZt,price_1U90UdRyM6dRKLtZbXqoJb9j,42.90,40.90,19.8000,True,verified,
MH-CAT-SNR-004,prod_V8vrBdjzLlg7F7,AIM30 Karitto Treats 酥脆貓咪零食 雞肉及牛肉味 25g｜AIM30 Karitto Treats 酥脆貓咪零食 雞肉及牛肉味 25g,price_1U8e0FRyM6dRKLtZE4JPj5uL,price_1U90UeRyM6dRKLtZbZKrb0kY,50.90,48.90,23.8000,True,verified,
MH-CAT-SNR-010,prod_V8vrCIoYlfznHf,AIM30 Karitto Treats 酥脆貓咪零食 鰹魚味 25g｜AIM30 Karitto Treats Crispy Cat Treats Bonito Flavour 25g,price_1U8dzgRyM6dRKLtZTCmIF0v5,price_1U90UfRyM6dRKLtZUQCxCIhM,42.90,40.90,19.8000,True,verified,
MH-CAT-SNR-017,prod_V8vrEGzFHOkIGq,AIM30 Karitto Treats 酥脆貓咪零食 毛球護理吞拿魚味 25g｜AIM30 Karitto Treats Crispy Cat Treats Hairball Care Tuna 25g,price_1U8dzlRyM6dRKLtZddHrurtA,price_1U90UgRyM6dRKLtZwAX5Tu6D,30.90,29.90,14.4000,True,verified,
MH-CAT-SNR-011,prod_V8vrEO4eoZSj2o,AIM30 Karitto Treats 酥脆貓咪零食 芝士味 25g｜AIM30 Karitto Treats Crispy Cat Treats Cheese Flavour 25g,price_1U8dzVRyM6dRKLtZNWWJarJn,price_1U90UgRyM6dRKLtZYBURbREu,30.90,29.90,14.4000,True,verified,
MH-CAT-SNR-016,prod_V8vrEgpUGj9fjI,AIM30 Karitto Treats 酥脆貓咪零食 魚味四種綜合包 80g｜AIM30 Karitto Treats Crispy Cat Treats Four Fish Flavours Assortment 80g,price_1U8dzzRyM6dRKLtZyAr6CctM,price_1U90UhRyM6dRKLtZ9r3Nj431,118.90,115.90,56.0000,True,verified,
MH-CAT-SNR-022,prod_V8vrJdunHu4yQD,AIM30 Karitto Treats 酥脆貓咪零食 吞拿魚及蟹肉味 25g｜AIM30 Karitto Treats Crispy Cat Treats Tuna & Crab Flavour 25g,price_1U8dziRyM6dRKLtZ8ixLg9g3,price_1U90UiRyM6dRKLtZvgZXuZCO,30.90,29.90,14.4000,True,verified,
MH-CAT-SNR-002,prod_V8vrSwyPdcre4F,AIM30 貓咪雞肉絲 25g｜AIM30 Cat Shredded Chicken Fillet 25g,price_1U8e04RyM6dRKLtZkoQSmpqZ,price_1U90UjRyM6dRKLtZUcWxvibc,30.90,29.90,14.4000,True,verified,
MH-CAT-SNR-009,prod_V8vrVGdqH472WR,AIM30 Karitto Treats 酥脆貓咪零食 牛肉味 25g｜AIM30 Karitto Treats Crispy Cat Treats Beef Flavour 25g,price_1U8dzYRyM6dRKLtZ80e1VIfP,price_1U90UkRyM6dRKLtZ8Dgj5oIF,30.90,29.90,14.4000,True,verified,
MH-CAT-SNR-015,prod_V8vrYMEciXr909,AIM30 Karitto Treats 酥脆貓咪零食 鮮魚味 80g｜AIM30 Karitto Treats Crispy Cat Treats Fish Flavour 80g,price_1U8dztRyM6dRKLtZ3WxywbNW,price_1U90UlRyM6dRKLtZUOEGf3Zp,118.90,115.90,56.0000,True,verified,
MH-CAT-SNR-019,prod_V8vragc9O6bDre,AIM30 Karitto Treats 酥脆貓咪零食 金槍魚味 25g｜AIM30 Karitto Treats Crispy Cat Treats Tuna Flavour 25g,price_1U8dzdRyM6dRKLtZmYLY5TKe,price_1U90UmRyM6dRKLtZLzJJx5L3,30.90,29.90,14.4000,True,verified,
MH-CAT-SNR-001,prod_V8vriJ8BqO90r3,AIM30 貓咪鰹魚削節 12g｜AIM30 Cat Bonito Flakes 12g,price_1U8e01RyM6dRKLtZOgbpOPvb,price_1U90UnRyM6dRKLtZ9jd0Ick5,42.90,40.90,19.8000,True,verified,
MH-CAT-SNR-012,prod_V8vrkohKHcwdKL,AIM30 Karitto Treats 酥脆貓咪零食 雞肉味 25g｜AIM30 Karitto Treats Crispy Cat Treats Chicken Flavour 25g,price_1U8dzNRyM6dRKLtZwBGGo3H9,price_1U90UoRyM6dRKLtZdWNTjDgn,30.90,29.90,14.4000,True,verified,
MH-CAT-SNR-024,prod_V8vro3NAxi0isd,AIM30 貓咪吞拿魚片 30g｜AIM30 Cat Tuna Slices 30g,price_1U8e07RyM6dRKLtZMgv8TuPi,price_1U90UpRyM6dRKLtZowe2nk2e,42.90,40.90,19.8000,True,verified,
MH-CAT-SNR-021,prod_V8vrqp1avymNZ9,AIM30 Karitto Treats 酥脆貓咪零食 海鮮味 25g｜AIM30 Karitto Treats Crispy Cat Treats Seafood Flavour 25g,price_1U8dzTRyM6dRKLtZAzLsio4t,price_1U90UqRyM6dRKLtZI6NDRzkH,30.90,29.90,14.4000,True,verified,
MH-CAT-SNR-013,prod_V8vrsKDQclIgy0,AIM30 Karitto Treats 酥脆貓咪零食 雞肉味 80g｜AIM30 Karitto Treats Crispy Cat Treats Chicken Flavour 80g,price_1U8dzwRyM6dRKLtZ7ujj8KaR,price_1U90UrRyM6dRKLtZF78Kyv3h,118.90,115.90,56.0000,True,verified,
MH-CAT-SNR-003,prod_V8vrvYaxZ1cxLJ,AIM30 Karitto Treats 酥脆貓咪零食 雞肉及蟹肉味 25g｜AIM30 Karitto Treats 酥脆貓咪零食 雞肉及蟹肉味 25g,price_1U8e0DRyM6dRKLtZ7D7Iai7O,price_1U90UsRyM6dRKLtZK9gSfkYR,50.90,48.90,23.8000,True,verified,
MH-CAT-SNR-008,prod_V8vrxdYkx6Hq9O,AIM30 Karitto Treats 酥脆貓咪零食 綜合營養吞拿魚味 25g｜AIM30 Karitto Treats Crispy Cat Treats Balanced Nutrition Tuna 25g,price_1U8dzrRyM6dRKLtZSyj8L3go,price_1U90UtRyM6dRKLtZJ5kbDR2U,30.90,29.90,14.4000,True,verified,
MH-CAT-SNR-006,prod_V8vs7g4SLaJWJ3,AIM30 Karitto Treats 酥脆貓咪零食 吞拿魚及雞肉雙拼綜合包 80g｜AIM30 Karitto Treats 酥脆貓咪零食 吞拿魚及雞肉雙拼綜合包 80g,price_1U8e0LRyM6dRKLtZDV8NlhJy,price_1U90UuRyM6dRKLtZ5Ykm1PMs,118.90,115.90,56.0000,True,verified,
MH-CAT-SNR-007,prod_V8vsohIxXgEVDb,AIM30 Karitto Treats 酥脆貓咪零食 吞拿魚及三文魚味 25g｜AIM30 Karitto Treats 酥脆貓咪零食 吞拿魚及三文魚味 25g,price_1U8e0NRyM6dRKLtZOs14Trkd,price_1U90UvRyM6dRKLtZyNL3geji,118.90,115.90,56.0000,True,verified,
MH-CAT-SNR-005,prod_V8vsqALfCDaZlZ,AIM30 Karitto Treats 酥脆貓咪零食 牧場美味四種綜合包 80g｜AIM30 Karitto Treats 酥脆貓咪零食 牧場美味四種綜合包 80g,price_1U8e0IRyM6dRKLtZYfKTJ5RW,price_1U90UwRyM6dRKLtZbTqtcJN0,118.90,115.90,56.0000,True,verified,
MH-CAT-MONP-011,prod_V8xX3586zZhcZt,"Mon Petit Crispy Kiss 海鮮、芝士及雞肉燒烤味綜合包貓咪小食 144g｜Mon Petit Crispy Kiss Seafood, Cheese and Chicken Grill Variety Pack Cat Treats 144g",price_1U8fcMRyM6dRKLtZa6kX1FcS,price_1U90UxRyM6dRKLtZNd9wbSzb,127.90,123.90,59.9000,True,verified,
MH-CAT-MONP-005,prod_V8xX5m49XGPiSw,Mon Petit Crispy Kiss 奢華雞肉味貓咪小食 24g｜Mon Petit Crispy Kiss Luxury Chicken Flavour Cat Treats 24g,price_1U8fcFRyM6dRKLtZeD9cGjwS,price_1U90UyRyM6dRKLtZGcFJLD54,29.90,28.90,13.9000,True,verified,
MH-CAT-MONP-006,prod_V8xXBfCtwPwxjK,Mon Petit Crispy Kiss 奢華鮮魚味貓咪小食 24g｜Mon Petit Crispy Kiss Luxury Fish Flavour Cat Treats 24g,price_1U8fcERyM6dRKLtZ463dtKpL,price_1U90UzRyM6dRKLtZu93gYJdU,29.90,28.90,13.9000,True,verified,
MH-CAT-MONP-012,prod_V8xXFw4xx3NEuP,Mon Petit Crispy Kiss 海鮮及雞肉綜合包貓咪小食 144g｜Mon Petit Crispy Kiss Seafood and Chicken Variety Pack Cat Treats 144g,price_1U8fcIRyM6dRKLtZhierJFH2,price_1U90V0RyM6dRKLtZBnbfEKOe,127.90,123.90,59.9000,True,verified,
MH-CAT-SNR-026,prod_V8xXIokF7G9Er0,AIM30 室內成貓 鮮魚味乾糧 600g｜AIM30 Indoor Adult Cat Food Fish Flavour 600g,price_1U8fc4RyM6dRKLtZnmbBZ59U,price_1U90V1RyM6dRKLtZWvY33hpc,356.90,344.90,168.0000,True,verified,
MH-CAT-MONP-003,prod_V8xXLMbKeB2tb9,Mon Petit Crispy Kiss 鮮魚雞肉貓薄荷味貓咪小食 24g｜Mon Petit Crispy Kiss Fish and Chicken with Catnip Cat Treats 24g,price_1U8fcDRyM6dRKLtZDd0FVQMW,price_1U90V2RyM6dRKLtZ55juiHBJ,29.90,28.90,13.9000,True,verified,
MH-CAT-MONP-014,prod_V8xXM2ONlpEcC3,Mon Petit Crispy Kiss 真鯛及海鮮綜合包貓咪小食 144g｜Mon Petit Crispy Kiss Snapper and Seafood Assortment Cat Treats 144g,price_1U8fcNRyM6dRKLtZWtmFsbjT,price_1U90V3RyM6dRKLtZx0YL7SgA,127.90,123.90,59.9000,True,verified,
MH-CAT-MONP-009,prod_V8xXMB8UApWAYP,"Mon Petit Crispy Kiss 三文魚、鰹魚及小魚味貓咪小食 30g｜Mon Petit Crispy Kiss Salmon, Bonito and Small Fish Cat Treats 30g",price_1U8fcQRyM6dRKLtZAt0dJH05,price_1U90V4RyM6dRKLtZiEGy9NiO,29.90,28.90,13.9000,True,verified,
MH-CAT-SNR-030,prod_V8xXMTWORpMyun,AIM30 室內高齡貓 11 歲以上 鮮魚味乾糧 600g｜AIM30 Indoor Senior Cat Food 11+ Fish Flavour 600g,price_1U8fcBRyM6dRKLtZpuYulJ4J,price_1U90V5RyM6dRKLtZiXpTjbXR,356.90,344.90,168.0000,True,verified,
MH-CAT-MONP-008,prod_V8xXRC7As2ra5W,Mon Petit Crispy Kiss 肉類精選綜合包貓咪小食 144g｜Mon Petit Crispy Kiss Meat Selection Variety Pack Cat Treats 144g,price_1U8fcHRyM6dRKLtZ0WA7KbpT,price_1U90V6RyM6dRKLtZDgD1rY6E,127.90,123.90,59.9000,True,verified,
MH-CAT-MONP-002,prod_V8xXSx8MWb3Y8D,Mon Petit Crispy Kiss 芝士及雞肉味貓咪小食 30g｜Mon Petit Crispy Kiss Cheese and Chicken Flavour Cat Treats 30g,price_1U8fcGRyM6dRKLtZbNYK0jlM,price_1U90V7RyM6dRKLtZT1JURFbi,29.90,28.90,13.9000,True,verified,
MH-CAT-SNR-032,prod_V8xXT4XG39RY4o,AIM30 室內高齡貓 15 歲以上 腎臟健康照護 鮮魚味乾糧 600g｜AIM30 Indoor Senior Cat Food 15+ Kidney Health Care Fish Flavour 600g,price_1U8fc8RyM6dRKLtZkNh900Ke,price_1U90V8RyM6dRKLtZA8abkf2V,356.90,344.90,168.0000,True,verified,
MH-CAT-SNR-033,prod_V8xXTyAkIg3YGz,AIM30 室內高齡貓 15 歲以上 腎臟健康照護 雞肉味乾糧 600g｜AIM30 Indoor Senior Cat Food 15+ Kidney Health Care Chicken Flavour 600g,price_1U8fc6RyM6dRKLtZ8UU70tzG,price_1U90V9RyM6dRKLtZDZEmpFaX,356.90,344.90,168.0000,True,verified,
MH-CAT-MONP-007,prod_V8xXV7x4AmWu89,Mon Petit Crispy Kiss 奢華三文魚味貓咪小食 24g｜Mon Petit Crispy Kiss Luxury Salmon Flavour Cat Treats 24g,price_1U8fcRRyM6dRKLtZMvlsOquW,price_1U90VARyM6dRKLtZIMiTPMeC,29.90,28.90,13.9000,True,verified,
MH-CAT-MONP-004,prod_V8xXYKr9wN7Aee,Mon Petit Crispy Kiss 鮮魚精選貓咪小食 30g｜Mon Petit Crispy Kiss Fish Select Cat Treats 30g,price_1U8fcJRyM6dRKLtZd8RKpg9m,price_1U90VBRyM6dRKLtZlGUxjIZD,29.90,28.90,13.9000,True,verified,
MH-CAT-MONP-013,prod_V8xXZsF0TMS5c8,"Mon Petit Crispy Kiss 真鯛、鰹魚及小魚高湯味貓咪小食 30g｜Mon Petit Crispy Kiss Snapper, Skipjack Tuna and Small Fish Broth Cat Treats 30g",price_1U8fcORyM6dRKLtZ1yMnnhEK,price_1U90VCRyM6dRKLtZDkJrWAvy,29.90,28.90,13.9000,True,verified,
MH-CAT-SNR-029,prod_V8xXaZ0jwFhqkT,AIM30 室內高齡貓 11 歲以上 雞肉味乾糧 600g｜AIM30 Indoor Senior Cat Food 11+ Chicken Flavour 600g,price_1U8fc2RyM6dRKLtZ3lk0Ei43,price_1U90VDRyM6dRKLtZsCZkGfIs,356.90,344.90,168.0000,True,verified,
MH-CAT-MONP-010,prod_V8xXmrlDUto85d,Mon Petit Crispy Kiss 海鮮味貓咪小食 30g｜Mon Petit Crispy Kiss Seafood Flavour Cat Treats 30g,price_1U8fcKRyM6dRKLtZsJdoHEu4,price_1U90VERyM6dRKLtZvWBCXYd9,29.90,28.90,13.9000,True,verified,
MH-CAT-MONP-001,prod_V8xXn4fyGQ2Iwg,Mon Petit Crispy Kiss 鰹魚及小魚高湯味貓咪小食 30g｜Mon Petit Crispy Kiss Bonito and Small Fish Broth Cat Treats 30g,price_1U8fcPRyM6dRKLtZkmzKQFaa,price_1U90VFRyM6dRKLtZjOr4bhLh,29.90,28.90,13.9000,True,verified,
MH-CAT-SNR-025,prod_V8xXuAW047ti4v,AIM30 室內成貓 雞肉味乾糧 600g｜AIM30 Indoor Adult Cat Food Chicken Flavour 600g,price_1U8fc3RyM6dRKLtZ8kbEZQmk,price_1U90VGRyM6dRKLtZ2S5lj3VA,356.90,344.90,168.0000,True,verified,
MH-CAT-SNR-027,prod_V8xXwAmye0eVa6,AIM30 室內成貓 腎臟健康照護 雞肉味乾糧 600g｜AIM30 Indoor Adult Cat Food Kidney Health Care Chicken Flavour 600g,price_1U8fc5RyM6dRKLtZ1foJPEVT,price_1U90VHRyM6dRKLtZokzJj0Oh,222.90,215.90,105.0000,True,verified,
MH-CAT-SNR-031,prod_V8xXwQzwhjo93R,AIM30 室內高齡貓 15 歲以上 雞肉味乾糧 600g｜AIM30 Indoor Senior Cat Food 15+ Chicken Flavour 600g,price_1U8fc9RyM6dRKLtZcSJjz0IP,price_1U90VIRyM6dRKLtZ2lmrawZI,356.90,344.90,168.0000,True,verified,
MH-CAT-SNR-028,prod_V8xXxYtzIJ6S93,AIM30 室內已絕育成貓 雞肉味乾糧 1.2kg｜AIM30 Indoor Spayed and Neutered Adult Cat Food Chicken Flavour 1.2kg,price_1U8fcCRyM6dRKLtZhVXn5d9C,price_1U90VJRyM6dRKLtZLFxld1Mk,417.90,404.90,197.0000,True,verified,
MH-CAT-CIAO-019,prod_V90y14gfPJNkP3,CIAO｜11歲以上鰹魚白肉貓罐頭｜單罐,price_1U8iwpRyM6dRKLtZc7uPsPIp,price_1U90VKRyM6dRKLtZCTgrpp2Y,33.90,32.90,15.8000,True,verified,
MH-CAT-CIAO-022,prod_V90yC8a54bE0EL,CIAO｜14歲以上鰹魚柴魚片貓罐頭｜單罐,price_1U8iwsRyM6dRKLtZ9WdAiJhl,price_1U90VLRyM6dRKLtZHECimDDB,33.90,32.90,15.8000,True,verified,
MH-CAT-CIAO-027,prod_V90yCfcKRyo9ou,Inaba かつまぐろ｜多口味隨機混拼貓罐頭｜85g × 6罐,price_1U8iwyRyM6dRKLtZS9C8A5Eu,price_1U90VLRyM6dRKLtZENtMthNq,62.90,60.90,29.4200,True,verified,
MH-CAT-CIAO-008,prod_V90yGkxpp9OU57,CIAO とろみ｜奶油濃湯雞肉鰹魚柴魚片貓罐頭｜單罐,price_1U8iwdRyM6dRKLtZ7nW4lVOy,price_1U90VMRyM6dRKLtZ33Q7muU6,29.90,28.90,13.8000,True,verified,
MH-CAT-CIAO-006,prod_V90yH5bCkLyGYU,CIAO とろみ｜下泌尿道配慮雞肉鮪魚扇貝濃湯貓罐頭｜單罐,price_1U8iwaRyM6dRKLtZbm2N3cUU,price_1U90VNRyM6dRKLtZK5AI2hOI,25.90,24.90,11.8000,True,verified,
MH-CAT-CIAO-010,prod_V90yHSNJqbGEZF,CIAO とろみ｜14歲以上鮪魚扇貝奶油濃湯貓罐頭｜單罐,price_1U8iwfRyM6dRKLtZujEk5TUK,price_1U90VORyM6dRKLtZd3IS030U,29.90,28.90,13.8000,True,verified,
MH-CAT-CIAO-002,prod_V90yHw6lb8trQi,CIAO とろみ｜鰹魚高湯雞肉鮪魚蟹柳濃湯貓罐頭｜單罐,price_1U8iwVRyM6dRKLtZBxhHTGze,price_1U90VPRyM6dRKLtZuzjUUDVQ,29.90,28.90,13.8000,True,verified,
MH-CAT-CIAO-007,prod_V90yJbWqkU76Xa,CIAO とろみ｜奶油濃湯雞肉鮪魚蟹柳貓罐頭｜單罐,price_1U8iwbRyM6dRKLtZl7K9ejmQ,price_1U90VQRyM6dRKLtZqQl036Bq,25.90,24.90,11.8000,True,verified,
MH-CAT-CIAO-001,prod_V90yLm2ySqOvLR,CIAO とろみ｜鮪魚魷魚濃湯貓罐頭｜單罐,price_1U8iwURyM6dRKLtZvEEuMvIT,price_1U90VRRyM6dRKLtZFYXH9cyn,25.90,24.90,11.8000,True,verified,
MH-CAT-CIAO-020,prod_V90yRB01IgVrDV,CIAO｜11歲以上鮪魚白肉貓罐頭｜單罐,price_1U8iwqRyM6dRKLtZTZ0TAzAG,price_1U90VSRyM6dRKLtZz1M90pfE,33.90,32.90,15.8000,True,verified,
MH-CAT-CIAO-004,prod_V90ygMTkWiOVNg,CIAO とろみ｜烤鰹魚雞肉柴魚片濃湯貓罐頭｜單罐,price_1U8iwYRyM6dRKLtZYbdZDFYL,price_1U90VTRyM6dRKLtZliouKIMN,25.90,24.90,11.8000,True,verified,
MH-CAT-CIAO-009,prod_V90yhouIdri4Ou,CIAO とろみ｜11歲以上鮪魚扇貝奶油濃湯貓罐頭｜單罐,price_1U8iweRyM6dRKLtZOPT6WHop,price_1U90VURyM6dRKLtZu5D2r6NG,25.90,24.90,11.8000,True,verified,
MH-CAT-CIAO-014,prod_V90yisznvIVXlp,CIAO｜烤鰹魚鮪魚雞肉貓罐頭｜單罐,price_1U8iwjRyM6dRKLtZL7hePLZM,price_1U90VVRyM6dRKLtZ66UbXymb,33.90,32.90,15.8000,True,verified,
MH-CAT-CIAO-015,prod_V90ynvqu5ntnjO,CIAO｜雞肉扇貝柱貓罐頭｜單罐,price_1U8iwkRyM6dRKLtZLKkQOBAC,price_1U90VWRyM6dRKLtZDnKb0U4T,29.90,28.90,13.8000,True,verified,
MH-CAT-CIAO-013,prod_V90ynw7GK161mE,CIAO｜鰹魚柴魚片貓罐頭｜單罐,price_1U8iwiRyM6dRKLtZDni4Rrvo,price_1U90VXRyM6dRKLtZBITrxe2x,29.90,28.90,13.8000,True,verified,
MH-CAT-CIAO-021,prod_V90yoyex98iTAW,CIAO｜14歲以上鮪魚白肉小銀魚貓罐頭｜單罐,price_1U8iwrRyM6dRKLtZ3rlOZMIV,price_1U90VYRyM6dRKLtZfSre5KHV,33.90,32.90,15.8000,True,verified,
MH-CAT-CIAO-017,prod_V90yqFB6WTazQ9,CIAO｜雞肉蟹柳貓罐頭｜單罐,price_1U8iwmRyM6dRKLtZY9nLDMUK,price_1U90VZRyM6dRKLtZMpko1E4s,29.90,28.90,13.8000,True,verified,
MH-CAT-CIAO-012,prod_V90yrU6QwJj9H4,CIAO｜雞肉甜蝦小銀魚貓罐頭｜單罐,price_1U8iwhRyM6dRKLtZedeY1D6y,price_1U90VaRyM6dRKLtZUgLoMWES,29.90,28.90,13.8000,True,verified,
MH-CAT-CIAO-016,prod_V90ytLadcfCm8a,CIAO｜雞肉蟹柳柴魚片貓罐頭｜單罐,price_1U8iwlRyM6dRKLtZUPCtyfo0,price_1U90VbRyM6dRKLtZXUOkZaeJ,29.90,28.90,13.8000,True,verified,
MH-CAT-CIAO-011,prod_V90yxohDmOksl3,CIAO｜雞肉烤鰹魚柴魚片貓罐頭｜單罐,price_1U8iwgRyM6dRKLtZWmshq8Qw,price_1U90VcRyM6dRKLtZHWkOBIIX,27.90,26.90,12.8000,True,verified,
MH-CAT-CIAO-018,prod_V90yyLLKXQRQey,CIAO｜鮪魚白肉扇貝柱貓罐頭｜單罐,price_1U8iwoRyM6dRKLtZP8VcS1tu,price_1U90VdRyM6dRKLtZnxqOGUlV,27.90,26.90,12.8000,True,verified,
