product_id,price_id,mofu_sku,product_name,brand,product_active,price_active,currency,price_type,is_default_price,active_hkd_price_count_for_product,current_hkd,current_cents,cost_cny,cost_source,unrounded_proposed_hkd,proposed_hkd,proposed_cents,price_change_hkd,price_change_percent,pricing_status,write_action
prod_V8Vz4r6kx51OK2,price_1U8VhrRyM6dRKLtZCmbpVwO6,MH-CAT-MCK-018,雞里脊 150g (現貨 / 2027.11.30),Mamacook,True,True,HKD,one_time,True,1,262.90,26290,,,,,,,,awaiting_cny_cost,preview_only_no_stripe_write
prod_V8VzG9Cs8B2Rjb,price_1U8VhhRyM6dRKLtZreAjaaqG,MH-CAT-MCK-011,雞胸肉 150g (現貨 / 賞味 27.10),Mamacook,True,True,HKD,one_time,True,1,262.90,26290,,,,,,,,awaiting_cny_cost,preview_only_no_stripe_write
prod_V8VzICRXhFqVtH,price_1U8VhsRyM6dRKLtZxrrjuIFL,MH-CAT-MCK-019,雞里脊 30g (預定),Mamacook,True,True,HKD,one_time,True,1,77.90,7790,,,,,,,,awaiting_cny_cost,preview_only_no_stripe_write
prod_V8VzTooOH64y65,price_1U8VhiRyM6dRKLtZcE0BERx5,MH-CAT-MCK-012,雞胸肉 30g (現貨 / 賞味 28.01),Mamacook,True,True,HKD,one_time,True,1,77.90,7790,,,,,,,,awaiting_cny_cost,preview_only_no_stripe_write
prod_V8VzYLI6mgAR3P,price_1U8VhmRyM6dRKLtZQLMUjgZb,MH-CAT-MCK-015,雞胸肉雞肝凍干 18g (預定),Mamacook,True,True,HKD,one_time,True,1,62.90,6290,,,,,,,,awaiting_cny_cost,preview_only_no_stripe_write
prod_V8W06fowHsMOSF,price_1U8Ey3RyM6dRKLtZ4nscQPyL,MH-CAT-MCK-016,雞胸肉雞肫凍干 120g (現貨 / 2027.04.03),Mamacook,True,True,HKD,one_time,True,1,250.90,25090,,,,,,,,awaiting_cny_cost,preview_only_no_stripe_write
prod_V8W072ieTWyOZ7,price_1U8VhoRyM6dRKLtZEPUbvHtX,MH-CAT-MCK-017,雞胸肉雞肫凍干 18g (現貨 / 2027.04.25),Mamacook,True,True,HKD,one_time,True,1,62.90,6290,,,,,,,,awaiting_cny_cost,preview_only_no_stripe_write
prod_V8W073h3MHqGhr,price_1U8VhXRyM6dRKLtZpnl8JDZN,MH-CAT-MCK-010,銀魚 10g (預定),Mamacook,True,True,HKD,one_time,True,1,78.90,7890,,,,,,,,awaiting_cny_cost,preview_only_no_stripe_write
prod_V8W07sgetW5UqK,price_1U8VhkRyM6dRKLtZzV6cvj1O,MH-CAT-MCK-013,雞胸肉碎沫凍干粉拌飯 (現貨 / 2027.11.17),Mamacook,True,True,HKD,one_time,True,1,75.90,7590,,,,,,,,awaiting_cny_cost,preview_only_no_stripe_write
prod_V8W0BWVdW0bKlr,price_1U8VgzRyM6dRKLtZMgGqC4Ob,MH-CAT-MCK-003,扇貝 11g (現貨 / 27.01.15),Mamacook,True,True,HKD,one_time,True,1,78.90,7890,,,,,,,,awaiting_cny_cost,preview_only_no_stripe_write
prod_V8W0DDhtV271xl,price_1U8VhSRyM6dRKLtZMdg6lgBN,MH-CAT-MCK-007,豬大腿肉 20g (預定),Mamacook,True,True,HKD,one_time,True,1,73.90,7390,,,,,,,,awaiting_cny_cost,preview_only_no_stripe_write
prod_V8W0LKmYo2bfxf,price_1U8VhTRyM6dRKLtZCXZk7rs1,MH-CAT-MCK-008,豬心 25g (預定 (缺貨)),Mamacook,True,True,HKD,one_time,True,1,75.90,7590,,,,,,,,awaiting_cny_cost,preview_only_no_stripe_write
prod_V8W0OgEY0HBtlD,price_1U8VhuRyM6dRKLtZgTSXTyfh,MH-CAT-MCK-020,雞里脊碎沫凍干粉拌飯 (預定),Mamacook,True,True,HKD,one_time,True,1,90.90,9090,,,,,,,,awaiting_cny_cost,preview_only_no_stripe_write
prod_V8W0eQFDHSCPxC,price_1U8VhERyM6dRKLtZRJUYIode,MH-CAT-MCK-004,牛大腿肉 17g (現貨 / 2027.12.01),Mamacook,True,True,HKD,one_time,True,1,82.90,8290,,,,,,,,awaiting_cny_cost,preview_only_no_stripe_write
prod_V8W0fChA9h4VNq,price_1U8VhQRyM6dRKLtZcmZ9StPG,MH-CAT-MCK-006,虹鱒魚 15g (現貨 / 賞味 27.5),Mamacook,True,True,HKD,one_time,True,1,80.90,8090,,,,,,,,awaiting_cny_cost,preview_only_no_stripe_write
prod_V8W0gp0Oink4Cg,price_1U8VhpRyM6dRKLtZBDNjC1P3,MH-DOG-MCK-001,雞里脊 150g (犬用) (現貨 / 2027.11.11),Mamacook,True,True,HKD,one_time,True,1,257.90,25790,,,,,,,,awaiting_cny_cost,preview_only_no_stripe_write
prod_V8W0mdB77ZJc5M,price_1U8VhVRyM6dRKLtZ2SNCvfDD,MH-CAT-MCK-009,金槍魚 14g (預定),Mamacook,True,True,HKD,one_time,True,1,80.90,8090,,,,,,,,awaiting_cny_cost,preview_only_no_stripe_write
prod_V8W0n6wDbyKpya,price_1U8VgxRyM6dRKLtZMYRg7EId,MH-CAT-MCK-002,圓粒雞里脊 18g (現貨 / 賞味 28.01),Mamacook,True,True,HKD,one_time,True,1,64.90,6490,,,,,,,,awaiting_cny_cost,preview_only_no_stripe_write
prod_V8W0oLt83VbMEB,price_1U8VgvRyM6dRKLtZh8vgbQgO,MH-CAT-MCK-001,三文魚 17g (預定),Mamacook,True,True,HKD,one_time,True,1,106.90,10690,,,,,,,,awaiting_cny_cost,preview_only_no_stripe_write
prod_V8W0oMeIOyFLhp,price_1U8Ey0RyM6dRKLtZea02ekZN,MH-CAT-MCK-014,雞胸肉雞肝凍干 120g (現貨 / 27.07),Mamacook,True,True,HKD,one_time,True,1,250.90,25090,,,,,,,,awaiting_cny_cost,preview_only_no_stripe_write
prod_V8W0xHzc6tqf3B,price_1U8VhORyM6dRKLtZaHHmw4vx,MH-CAT-MCK-005,胡瓜魚凍干 10g (預定),Mamacook,True,True,HKD,one_time,True,1,80.90,8090,,,,,,,,awaiting_cny_cost,preview_only_no_stripe_write
prod_V8Zo9dzijaQ39p,price_1U8VhFRyM6dRKLtZwbD6Db3k,MH-DOG-IRIS-001,牛肉口味罐頭（Beef）,ONE CARE,True,True,HKD,one_time,True,3,45.90,4590,,,,,,,,awaiting_cny_cost,preview_only_no_stripe_write
prod_V8Zo9dzijaQ39p,price_1U8VhHRyM6dRKLtZz2uFya7W,MH-DOG-IRIS-001,牛肉口味罐頭（Beef）,ONE CARE,True,True,HKD,one_time,False,3,98.90,9890,,,,,,,,awaiting_cny_cost,preview_only_no_stripe_write
prod_V8Zo9dzijaQ39p,price_1U8VhIRyM6dRKLtZM1d1iDY5,MH-DOG-IRIS-001,牛肉口味罐頭（Beef）,ONE CARE,True,True,HKD,one_time,False,3,188.90,18890,,,,,,,,awaiting_cny_cost,preview_only_no_stripe_write
prod_V8ZoJ2fwrBOiHL,price_1U8Vh5RyM6dRKLtZbYoXHN33,MH-DOG-IRIS-005,新款牛肉米飯罐頭（New Beef & Rice）,ONE CARE,True,True,HKD,one_time,True,3,45.90,4590,,,,,,,,awaiting_cny_cost,preview_only_no_stripe_write
prod_V8ZoJ2fwrBOiHL,price_1U8Vh7RyM6dRKLtZJXZ94rLD,MH-DOG-IRIS-005,新款牛肉米飯罐頭（New Beef & Rice）,ONE CARE,True,True,HKD,one_time,False,3,98.90,9890,,,,,,,,awaiting_cny_cost,preview_only_no_stripe_write
prod_V8ZoJ2fwrBOiHL,price_1U8Vh8RyM6dRKLtZHSPJQw7B,MH-DOG-IRIS-005,新款牛肉米飯罐頭（New Beef & Rice）,ONE CARE,True,True,HKD,one_time,False,3,188.90,18890,,,,,,,,awaiting_cny_cost,preview_only_no_stripe_write
prod_V8ZoNtJinLFNNG,price_1U8Vh1RyM6dRKLtZ2pb9imkA,MH-DOG-IRIS-004,新款 2個口味拼罐頭（New 2-Flavor Mix）,ONE CARE,True,True,HKD,one_time,True,3,45.90,4590,,,,,,,,awaiting_cny_cost,preview_only_no_stripe_write
prod_V8ZoNtJinLFNNG,price_1U8Vh2RyM6dRKLtZ0lZlFrKf,MH-DOG-IRIS-004,新款 2個口味拼罐頭（New 2-Flavor Mix）,ONE CARE,True,True,HKD,one_time,False,3,108.90,10890,,,,,,,,awaiting_cny_cost,preview_only_no_stripe_write
prod_V8ZoNtJinLFNNG,price_1U8Vh4RyM6dRKLtZAatzUjjE,MH-DOG-IRIS-004,新款 2個口味拼罐頭（New 2-Flavor Mix）,ONE CARE,True,True,HKD,one_time,False,3,198.90,19890,,,,,,,,awaiting_cny_cost,preview_only_no_stripe_write
prod_V8ZodBXbffvz6o,price_1U8VhdRyM6dRKLtZcp5X8ifb,MH-DOG-IRIS-002,雞肝口味罐頭（Chicken Liver）,ONE CARE,True,True,HKD,one_time,True,3,45.90,4590,,,,,,,,awaiting_cny_cost,preview_only_no_stripe_write
prod_V8ZodBXbffvz6o,price_1U8VheRyM6dRKLtZFEetoprF,MH-DOG-IRIS-002,雞肝口味罐頭（Chicken Liver）,ONE CARE,True,True,HKD,one_time,False,3,98.90,9890,,,,,,,,awaiting_cny_cost,preview_only_no_stripe_write
prod_V8ZodBXbffvz6o,price_1U8VhgRyM6dRKLtZXSGwxJUo,MH-DOG-IRIS-002,雞肝口味罐頭（Chicken Liver）,ONE CARE,True,True,HKD,one_time,False,3,188.90,18890,,,,,,,,awaiting_cny_cost,preview_only_no_stripe_write
prod_V8ZorEO6daplRl,price_1U8VhARyM6dRKLtZCksW5NjG,MH-DOG-IRIS-006,新款牛肉蔬菜罐頭（New Beef & Vegetables）,ONE CARE,True,True,HKD,one_time,True,3,45.90,4590,,,,,,,,awaiting_cny_cost,preview_only_no_stripe_write
prod_V8ZorEO6daplRl,price_1U8VhBRyM6dRKLtZULSmUBud,MH-DOG-IRIS-006,新款牛肉蔬菜罐頭（New Beef & Vegetables）,ONE CARE,True,True,HKD,one_time,False,3,98.90,9890,,,,,,,,awaiting_cny_cost,preview_only_no_stripe_write
prod_V8ZorEO6daplRl,price_1U8VhCRyM6dRKLtZbmo2rOZf,MH-DOG-IRIS-006,新款牛肉蔬菜罐頭（New Beef & Vegetables）,ONE CARE,True,True,HKD,one_time,False,3,188.90,18890,,,,,,,,awaiting_cny_cost,preview_only_no_stripe_write
prod_V8ZpDXl9RWMDbc,price_1U8VhYRyM6dRKLtZGsnu90Cl,MH-DOG-IRIS-003,雞肉口味罐頭（Chicken）,ONE CARE,True,True,HKD,one_time,True,3,45.90,4590,,,,,,,,awaiting_cny_cost,preview_only_no_stripe_write
prod_V8ZpDXl9RWMDbc,price_1U8VhaRyM6dRKLtZDuPhfSTS,MH-DOG-IRIS-003,雞肉口味罐頭（Chicken）,ONE CARE,True,True,HKD,one_time,False,3,98.90,9890,,,,,,,,awaiting_cny_cost,preview_only_no_stripe_write
prod_V8ZpDXl9RWMDbc,price_1U8VhbRyM6dRKLtZwAu2ieZo,MH-DOG-IRIS-003,雞肉口味罐頭（Chicken）,ONE CARE,True,True,HKD,one_time,False,3,188.90,18890,,,,,,,,awaiting_cny_cost,preview_only_no_stripe_write
prod_V8ZpWi2bc00Aty,price_1U8VhKRyM6dRKLtZ1BP6Yc7u,MH-DOG-IRIS-007,白身魚口味罐頭（White Fish）,ONE CARE,True,True,HKD,one_time,True,3,45.90,4590,,,,,,,,awaiting_cny_cost,preview_only_no_stripe_write
prod_V8ZpWi2bc00Aty,price_1U8VhLRyM6dRKLtZCwjfhbdt,MH-DOG-IRIS-007,白身魚口味罐頭（White Fish）,ONE CARE,True,True,HKD,one_time,False,3,98.90,9890,,,,,,,,awaiting_cny_cost,preview_only_no_stripe_write
prod_V8ZpWi2bc00Aty,price_1U8VhNRyM6dRKLtZyBD2uK6n,MH-DOG-IRIS-007,白身魚口味罐頭（White Fish）,ONE CARE,True,True,HKD,one_time,False,3,188.90,18890,,,,,,,,awaiting_cny_cost,preview_only_no_stripe_write
prod_V8cr2Q8hiWwniV,price_1U8VfiRyM6dRKLtZUsusaDXK,MH-CAT-CMP-010,COMBO Present 免疫力維持 三種口味｜COMBO Present Immune Support Three-Flavour Variety Pack,COMBO Present,True,True,HKD,one_time,True,1,58.90,5890,,,,,,,,awaiting_cny_cost,preview_only_no_stripe_write
prod_V8cr46ftMdO2E3,price_1U8VgBRyM6dRKLtZv2Xk9e47,MH-DOG-DGM-002,DoggyMan 爆漿夾心卷（雞肉）｜DoggyMan Creamy Chicken Roll Treats,DoggyMan,True,True,HKD,one_time,True,1,45.90,4590,,,,,,,,awaiting_cny_cost,preview_only_no_stripe_write
prod_V8cr8kOWyjP3g1,price_1U8Vg0RyM6dRKLtZALUmo5Pt,MH-CAT-CMP-017,COMBO Present 維護泌尿 混合海鮮 小包｜COMBO Present Urinary Health Support Seafood Mini Pack,COMBO Present,True,True,HKD,one_time,True,1,32.90,3290,,,,,,,,awaiting_cny_cost,preview_only_no_stripe_write
prod_V8cr9ARnvUOKQM,price_1U8Vg8RyM6dRKLtZk2x37iHr,MH-CAT-CMP-006,COMBO Present 腸道環境維持 三種口味｜COMBO Present Digestive Support Three-Flavour Variety Pack,COMBO Present,True,True,HKD,one_time,True,1,58.90,5890,,,,,,,,awaiting_cny_cost,preview_only_no_stripe_write
prod_V8cr9Jv6Ewv0ui,price_1U8VfoRyM6dRKLtZD0xQ0o0K,MH-CAT-CMP-007,COMBO Present 女生喜歡口味 混合海鮮 小包｜COMBO Present Girl-Friendly Seafood Mini Pack,COMBO Present,True,True,HKD,one_time,True,1,32.90,3290,,,,,,,,awaiting_cny_cost,preview_only_no_stripe_write
prod_V8cr9iyVmqUz8O,price_1U8VfwRyM6dRKLtZTi5PY8Go,MH-CAT-CMP-002,COMBO Present 潔齒防口臭 混合肉味 小包｜COMBO Present Dental and Breath Care Meat Mini Pack,COMBO Present,True,True,HKD,one_time,True,1,32.90,3290,,,,,,,,awaiting_cny_cost,preview_only_no_stripe_write
prod_V8crErEJilA30r,price_1U8Vg7RyM6dRKLtZaWtSwItm,MH-CAT-CMP-015,COMBO Present 維護腎臟配方 三種口味｜COMBO Present Kidney Health Support Three-Flavour Variety Pack,COMBO Present,True,True,HKD,one_time,True,1,58.90,5890,,,,,,,,awaiting_cny_cost,preview_only_no_stripe_write
prod_V8crHGAsSzl77H,price_1U8VfyRyM6dRKLtZv3pqg3t2,MH-CAT-CMP-001,COMBO Present 男生喜歡的口味 魚味 小包｜COMBO Present Boy-Friendly Fish Mini Pack,COMBO Present,True,True,HKD,one_time,True,1,32.90,3290,,,,,,,,awaiting_cny_cost,preview_only_no_stripe_write
prod_V8crKsH08GDJxM,price_1U8Vg1RyM6dRKLtZnRYfKHeX,MH-CAT-CMP-018,COMBO Present 維護泌尿配方 三種口味｜COMBO Present Urinary Health Support Three-Flavour Variety Pack,COMBO Present,True,True,HKD,one_time,True,1,58.90,5890,,,,,,,,awaiting_cny_cost,preview_only_no_stripe_write
prod_V8crNNIKOTELSy,price_1U8VftRyM6dRKLtZjUSxlTXX,MH-CAT-CMP-004,COMBO Present 潔齒防口臭 三種口味｜COMBO Present Dental and Breath Care Three-Flavour Variety Pack,COMBO Present,True,True,HKD,one_time,True,1,58.90,5890,,,,,,,,awaiting_cny_cost,preview_only_no_stripe_write
prod_V8crT5vLCe95hY,price_1U8VgARyM6dRKLtZ6qLx74OA,MH-CAT-CMP-005,COMBO Present 腸道環境維持 海鮮 小包｜COMBO Present Digestive Support Seafood Mini Pack,COMBO Present,True,True,HKD,one_time,True,1,32.90,3290,,,,,,,,awaiting_cny_cost,preview_only_no_stripe_write
prod_V8crhpakrZfoXD,price_1U8VfqRyM6dRKLtZkB11qUqD,MH-CAT-CMP-012,COMBO Present 室內貓 金槍魚 小包｜COMBO Present Indoor Cat Tuna Mini Pack,COMBO Present,True,True,HKD,one_time,True,1,32.90,3290,,,,,,,,awaiting_cny_cost,preview_only_no_stripe_write
prod_V8croZ9K3Kppbf,price_1U8VfrRyM6dRKLtZUS6x0qQo,MH-CAT-CMP-011,COMBO Present 室內貓化毛 三種口味｜COMBO Present Indoor Cat Hairball Care Three-Flavour Variety Pack,COMBO Present,True,True,HKD,one_time,True,1,58.90,5890,,,,,,,,awaiting_cny_cost,preview_only_no_stripe_write
prod_V8crpeVGxpASKY,price_1U8VfmRyM6dRKLtZmIZuJdnn,MH-CAT-CMP-008,COMBO Present 化毛配方 混合海鮮 小包｜COMBO Present Hairball Care Seafood Mini Pack,COMBO Present,True,True,HKD,one_time,True,1,32.90,3290,,,,,,,,awaiting_cny_cost,preview_only_no_stripe_write
prod_V8crrguHp5YAXt,price_1U8VfkRyM6dRKLtZyi6EfUZn,MH-CAT-CMP-009,COMBO Present 免疫力維持 海鮮 小包｜COMBO Present Immune Support Seafood Mini Pack,COMBO Present,True,True,HKD,one_time,True,1,32.90,3290,,,,,,,,awaiting_cny_cost,preview_only_no_stripe_write
prod_V8crtmrNegpX6C,price_1U8Vg5RyM6dRKLtZqlVvcVTl,MH-CAT-CMP-013,COMBO Present 維護腎臟 混合肉味 小包｜COMBO Present Kidney Health Support Meat Mini Pack,COMBO Present,True,True,HKD,one_time,True,1,32.90,3290,,,,,,,,awaiting_cny_cost,preview_only_no_stripe_write
prod_V8cru9Bp0V6puG,price_1U8VgDRyM6dRKLtZ24NTG3uj,MH-DOG-DGM-001,DoggyMan 爆漿夾心卷（雞肝）｜DoggyMan Creamy Chicken Liver Roll Treats,DoggyMan,True,True,HKD,one_time,True,1,45.90,4590,,,,,,,,awaiting_cny_cost,preview_only_no_stripe_write
prod_V8crvbMiPxxJvt,price_1U8Vg3RyM6dRKLtZqTxXdIMe,MH-CAT-CMP-014,COMBO Present 維護腎臟 混合海鮮 小包｜COMBO Present Kidney Health Support Seafood Mini Pack,COMBO Present,True,True,HKD,one_time,True,1,32.90,3290,,,,,,,,awaiting_cny_cost,preview_only_no_stripe_write
prod_V8crzRJNuOzt2e,price_1U8VfuRyM6dRKLtZ1Xzbqwgz,MH-CAT-CMP-003,COMBO Present 潔齒防口臭 混合海鮮 小包｜COMBO Present Dental and Breath Care Seafood Mini Pack,COMBO Present,True,True,HKD,one_time,True,1,32.90,3290,,,,,,,,awaiting_cny_cost,preview_only_no_stripe_write
prod_V8crzn01d7SXcg,price_1U8VfhRyM6dRKLtZQxO4fpuu,MH-CAT-CMP-016,COMBO Present 低脂絕育貓 混合海鮮 小包｜COMBO Present Low-Fat Neutered Cat Seafood Mini Pack,COMBO Present,True,True,HKD,one_time,True,1,32.90,3290,,,,,,,,awaiting_cny_cost,preview_only_no_stripe_write
prod_V8e143elQIOfMM,price_1U8VgYRyM6dRKLtZxDR4pp7h,MH-DOG-DBF-008,d.b.f 雞肉&紅薯小粒｜d.b.f Chicken & Sweet Potato Adult Dog Can 85g,d.b.f,True,True,HKD,one_time,True,1,27.90,2790,,,,,,,,awaiting_cny_cost,preview_only_no_stripe_write
prod_V8e1EgYIqCWkcb,price_1U8VgORyM6dRKLtZZ3aglbbL,MH-DOG-DBF-011,d.b.f 成犬之食事 雞肉軟骨｜d.b.f Adult Dog Meal Chicken & Cartilage 85g,d.b.f,True,True,HKD,one_time,True,1,27.90,2790,,,,,,,,awaiting_cny_cost,preview_only_no_stripe_write
prod_V8e1ExxiCmg67D,price_1U8VgkRyM6dRKLtZ3NUks8VZ,MH-DOG-DBF-002,d.b.f 雞胸肉&奶酪｜d.b.f Chicken Breast & Cheese Dog Can 85g,d.b.f,True,True,HKD,one_time,True,1,27.90,2790,,,,,,,,awaiting_cny_cost,preview_only_no_stripe_write
prod_V8e1Jgdnr9v8HM,price_1U8VgVRyM6dRKLtZ7gyPlKxI,MH-DOG-DBF-007,d.b.f 牛肉糜｜d.b.f Beef Mince Dog Can 65g,d.b.f,True,True,HKD,one_time,True,1,26.90,2690,,,,,,,,awaiting_cny_cost,preview_only_no_stripe_write
prod_V8e1MyE7x9BZDl,price_1U8VglRyM6dRKLtZJSyEL0xC,MH-DOG-DBF-003,d.b.f 雞胸肉濃湯｜d.b.f Chicken Breast in Soup Dog Can 85g,d.b.f,True,True,HKD,one_time,True,1,27.90,2790,,,,,,,,awaiting_cny_cost,preview_only_no_stripe_write
prod_V8e1XhfhroMZtV,price_1U8VgbRyM6dRKLtZlxvYMDLR,MH-DOG-DBF-005,d.b.f 雞肉&蔬菜｜d.b.f Chicken & Vegetables Adult Dog Can 85g,d.b.f,True,True,HKD,one_time,True,1,27.90,2790,,,,,,,,awaiting_cny_cost,preview_only_no_stripe_write
prod_V8e1Y4NZgoH3mG,price_1U8VgiRyM6dRKLtZPBByowjt,MH-DOG-DBF-009,d.b.f 雞肉雞胗濃湯｜d.b.f Chicken Breast & Gizzard Soup Dog Can 85g,d.b.f,True,True,HKD,one_time,True,1,27.90,2790,,,,,,,,awaiting_cny_cost,preview_only_no_stripe_write
prod_V8e1g0toA5TEk7,price_1U8VghRyM6dRKLtZxGwSE72f,MH-DOG-DBF-001,d.b.f 雞肉軟骨｜d.b.f Chicken Breast & Cartilage Dog Can 85g,d.b.f,True,True,HKD,one_time,True,1,27.90,2790,,,,,,,,awaiting_cny_cost,preview_only_no_stripe_write
prod_V8e1nNRuozpeTU,price_1U8VgSRyM6dRKLtZs3ZbrVza,MH-DOG-DBF-006,d.b.f 牛肉&軟骨｜d.b.f Beef & Cartilage Dog Can 85g,d.b.f,True,True,HKD,one_time,True,1,27.90,2790,,,,,,,,awaiting_cny_cost,preview_only_no_stripe_write
prod_V8e1qdj8efQTs9,price_1U8MjuRyM6dRKLtZgrVX9mqI,MH-DOG-DBF-010,d.b.f 雞肉糜｜d.b.f Chicken Mince Dog Can 65g,d.b.f,True,True,HKD,one_time,True,1,22.90,2290,,,,,,,,awaiting_cny_cost,preview_only_no_stripe_write
prod_V8e1qzONSyt8ru,price_1U8VgaRyM6dRKLtZ506eApli,MH-DOG-DBF-004,d.b.f 雞肉&芝士｜d.b.f Chicken & Cheese Adult Dog Can 85g,d.b.f,True,True,HKD,one_time,True,1,27.90,2790,,,,,,,,awaiting_cny_cost,preview_only_no_stripe_write
prod_V8e22XlcOMIRus,price_1U8VgpRyM6dRKLtZtyzfIREm,MH-DOG-DBF-016,d.b.f 高齡犬之食事 雞肉 (7歲及以上)｜d.b.f Senior Dog Meal Chicken 85g,d.b.f,True,True,HKD,one_time,True,1,27.90,2790,,,,,,,,awaiting_cny_cost,preview_only_no_stripe_write
prod_V8e2EKKmnHUR8w,price_1U8VgTRyM6dRKLtZXyxJ7VDz,MH-DOG-DBF-019,d.b.f 牛肉奶酪｜d.b.f Beef & Cheese Dog Can 85g,d.b.f,True,True,HKD,one_time,True,1,27.90,2790,,,,,,,,awaiting_cny_cost,preview_only_no_stripe_write
prod_V8e2HgqFtfTeZ3,price_1U8VgnRyM6dRKLtZpoXJ8AO1,MH-DOG-DBF-021,d.b.f 雞胸肉糜 (脂肪含量更少 0.5% 以上)｜d.b.f Chicken Breast Mince Low-fat Dog Can 65g,d.b.f,True,True,HKD,one_time,True,1,26.90,2690,,,,,,,,awaiting_cny_cost,preview_only_no_stripe_write
prod_V8e2MnRWL8I3ON,price_1U8VgQRyM6dRKLtZoohhjjug,MH-DOG-DBF-018,d.b.f 成犬之食事 雞肉｜d.b.f Adult Dog Meal Chicken 85g,d.b.f,True,True,HKD,one_time,True,1,31.90,3190,,,,,,,,awaiting_cny_cost,preview_only_no_stripe_write
prod_V8e2NVxYYDt7TI,price_1U8VguRyM6dRKLtZcl3gkGhu,MH-DOG-DBF-020,d.b.f 高齡犬之食事 雞肉軟骨 (7歲及以上)｜d.b.f Senior Dog Meal Chicken & Cartilage 85g,d.b.f,True,True,HKD,one_time,True,1,27.90,2790,,,,,,,,awaiting_cny_cost,preview_only_no_stripe_write
prod_V8e2NpxQsXvHOA,price_1U8VgdRyM6dRKLtZrks64yvz,MH-DOG-DBF-023,d.b.f 雞肉&雞胸肉糜紅薯｜d.b.f Chicken & Chicken Breast Mince with Sweet Potato 150g,d.b.f,True,True,HKD,one_time,True,1,43.90,4390,,,,,,,,awaiting_cny_cost,preview_only_no_stripe_write
prod_V8e2eck5fdwDtP,price_1U8VgNRyM6dRKLtZQs8turyO,MH-DOG-DBF-013,d.b.f 成犬之食事 雞肉蔬菜｜d.b.f Adult Dog Meal Chicken & Vegetables 85g,d.b.f,True,True,HKD,one_time,True,1,27.90,2790,,,,,,,,awaiting_cny_cost,preview_only_no_stripe_write
prod_V8e2hvyqfhk59B,price_1U8VgrRyM6dRKLtZQQyAMw9r,MH-DOG-DBF-014,d.b.f 高齡犬之食事 雞肉紅薯 (7歲及以上)｜d.b.f Senior Dog Meal Chicken & Sweet Potato 85g,d.b.f,True,True,HKD,one_time,True,1,27.90,2790,,,,,,,,awaiting_cny_cost,preview_only_no_stripe_write
prod_V8e2hyOUdfOwnM,price_1U8VgXRyM6dRKLtZ1809VYTH,MH-DOG-DBF-015,d.b.f 牛肉紅薯｜d.b.f Beef & Sweet Potato Dog Can 85g,d.b.f,True,True,HKD,one_time,True,1,31.90,3190,,,,,,,,awaiting_cny_cost,preview_only_no_stripe_write
prod_V8e2oW8u6WCtg5,price_1U8VgsRyM6dRKLtZZdvsRHV7,MH-DOG-DBF-017,d.b.f 高齡犬之食事 雞肉蔬菜 (7歲及以上)｜d.b.f Senior Dog Meal Chicken & Vegetables 85g,d.b.f,True,True,HKD,one_time,True,1,27.90,2790,,,,,,,,awaiting_cny_cost,preview_only_no_stripe_write
prod_V8e2wynYC6XsBo,price_1U8VgLRyM6dRKLtZAGauubws,MH-DOG-DBF-012,d.b.f 成犬之食事 雞肉紅薯｜d.b.f Adult Dog Meal Chicken & Sweet Potato 85g,d.b.f,True,True,HKD,one_time,True,1,27.90,2790,,,,,,,,awaiting_cny_cost,preview_only_no_stripe_write
prod_V8e2yXi5ewIEg5,price_1U8VgfRyM6dRKLtZ4FJtM5x2,MH-DOG-DBF-022,d.b.f 雞肉&雞胸肉糜蔬菜｜d.b.f Chicken & Chicken Breast Mince with Vegetables 150g,d.b.f,True,True,HKD,one_time,True,1,43.90,4390,,,,,,,,awaiting_cny_cost,preview_only_no_stripe_write
prod_V8fd05UFEZNURC,price_1U8VfXRyM6dRKLtZFvN0Equa,MH-CAT-CIAO-030,CIAO 炙烤盛宴｜香烤扇貝柱 (高齡貓用)｜50g,CIAO 炙烤盛宴,True,True,HKD,one_time,True,1,16.90,1690,,,,,,,,awaiting_cny_cost,preview_only_no_stripe_write
prod_V8fdnUyX0IymBN,price_1U8VfSRyM6dRKLtZeHgrgP2N,MH-CAT-CIAO-032,CIAO 炙烤盛宴｜烤鰹魚含小銀魚+扇貝柱｜50g,CIAO 炙烤盛宴,True,True,HKD,one_time,True,1,16.90,1690,,,,,,,,awaiting_cny_cost,preview_only_no_stripe_write
prod_V8fdpmkax4VOq1,price_1U8VfNRyM6dRKLtZ71a6mIuN,MH-CAT-CIAO-031,CIAO 炙烤盛宴｜扇貝柱正宗高湯｜50g,CIAO 炙烤盛宴,True,True,HKD,one_time,True,1,16.90,1690,,,,,,,,awaiting_cny_cost,preview_only_no_stripe_write
prod_V8fduDqyGKiazf,price_1U8VfZRyM6dRKLtZOVHdViM0,MH-CAT-CIAO-029,CIAO 炙烤盛宴｜香烤鰹魚干瑤柱 (高齡貓用)｜50g,CIAO 炙烤盛宴,True,True,HKD,one_time,True,1,16.90,1690,,,,,,,,awaiting_cny_cost,preview_only_no_stripe_write
prod_V8fe010ZPXAJ1J,price_1U8VfJRyM6dRKLtZYUNbtDOa,MH-CAT-CIAO-035,CIAO 炙烤盛宴｜化毛呵護鰹魚片扇貝柱｜50g,CIAO 炙烤盛宴,True,True,HKD,one_time,True,1,16.90,1690,,,,,,,,awaiting_cny_cost,preview_only_no_stripe_write
prod_V8fe1kWPFBfcKh,price_1U8VfIRyM6dRKLtZYp1aULxk,MH-CAT-CIAO-043,CIAO Premium｜6種功能性成分 (鰹魚雞胸肉木魚花)｜30g,CIAO Premium,True,True,HKD,one_time,True,1,10.90,1090,,,,,,,,awaiting_cny_cost,preview_only_no_stripe_write
prod_V8fe3PM27QjYNh,price_1U8VfPRyM6dRKLtZSELHnoX6,MH-CAT-CIAO-042,CIAO 炙烤盛宴｜正宗高湯味 (香烤風味)｜30g,CIAO 炙烤盛宴,True,True,HKD,one_time,True,1,14.90,1490,,,,,,,,awaiting_cny_cost,preview_only_no_stripe_write
prod_V8fe4RA15lCQZO,price_1U8VfVRyM6dRKLtZhrXqqdFe,MH-CAT-CIAO-036,CIAO 炙烤盛宴｜雞胸肉扇貝柱｜50g,CIAO 炙烤盛宴,True,True,HKD,one_time,True,1,16.90,1690,,,,,,,,awaiting_cny_cost,preview_only_no_stripe_write
prod_V8fe6YUsIrEf8Q,price_1U8VgGRyM6dRKLtZXOrz5nwX,MH-CAT-CIAO-048,Vet's Labo｜MediMousse 減肥減脂慕斯｜95g,Vet’s Labo,True,True,HKD,one_time,True,1,38.90,3890,,,,,,,,awaiting_cny_cost,preview_only_no_stripe_write
prod_V8feNaBEY6Pn28,price_1U8VfLRyM6dRKLtZ5nEpH6ij,MH-CAT-CIAO-040,CIAO 炙烤盛宴｜北海道風味扇貝 (香烤風味)｜30g,CIAO 炙烤盛宴,True,True,HKD,one_time,True,1,14.90,1490,,,,,,,,awaiting_cny_cost,preview_only_no_stripe_write
prod_V8feViin1yPowA,price_1U8VgJRyM6dRKLtZ4V7rcIn2,MH-CAT-CIAO-045,Vet's Labo｜MediMousse 腸胃呵護慕斯｜95g,Vet’s Labo,True,True,HKD,one_time,True,1,38.90,3890,,,,,,,,awaiting_cny_cost,preview_only_no_stripe_write
prod_V8feXQdvRNrV4B,price_1U8VffRyM6dRKLtZQ1rrh41H,MH-CAT-CIAO-037,CIAO 超強乳酸菌｜鮪魚雞肉柴魚片高湯｜40g,CIAO 超強乳酸菌,True,True,HKD,one_time,True,1,12.90,1290,,,,,,,,awaiting_cny_cost,preview_only_no_stripe_write
prod_V8feeIGBK4DYB1,price_1U8VfdRyM6dRKLtZBZUCAmmJ,MH-CAT-CIAO-038,CIAO 超強乳酸菌｜雞肉鰹魚干高湯｜40g,CIAO 超強乳酸菌,True,True,HKD,one_time,True,1,12.90,1290,,,,,,,,awaiting_cny_cost,preview_only_no_stripe_write
prod_V8feew2ryjD7ql,price_1U8VfGRyM6dRKLtZqnZL6lHd,MH-CAT-CIAO-044,CIAO Premium｜6種功能性成分 (雞胸肉扇貝味)｜30g,CIAO Premium,True,True,HKD,one_time,True,1,10.90,1090,,,,,,,,awaiting_cny_cost,preview_only_no_stripe_write
prod_V8feexDq7xAidn,price_1U8VgIRyM6dRKLtZ5N8bJkjF,MH-CAT-CIAO-047,Vet's Labo｜MediMousse 皮膚維護慕斯｜95g,Vet’s Labo,True,True,HKD,one_time,True,1,38.90,3890,,,,,,,,awaiting_cny_cost,preview_only_no_stripe_write
prod_V8fefdYTxUdNva,price_1U8VfaRyM6dRKLtZnd4iwlcL,MH-CAT-CIAO-039,CIAO 炙烤盛宴｜鰹魚干扇貝味 (香烤風味)｜30g,CIAO 炙烤盛宴,True,True,HKD,one_time,True,1,14.90,1490,,,,,,,,awaiting_cny_cost,preview_only_no_stripe_write
prod_V8fenfKdEjRnr7,price_1U8VfURyM6dRKLtZsfDqR6c3,MH-CAT-CIAO-041,CIAO 炙烤盛宴｜銀魚扇貝味 (香烤風味)｜30g,CIAO 炙烤盛宴,True,True,HKD,one_time,True,1,14.90,1490,,,,,,,,awaiting_cny_cost,preview_only_no_stripe_write
prod_V8feoZ4v72AX1T,price_1U8VfcRyM6dRKLtZmgPvy27P,MH-CAT-CIAO-034,CIAO 超強乳酸菌｜金槍魚雞肉鰹魚｜40g,CIAO 超強乳酸菌,True,True,HKD,one_time,True,1,12.90,1290,,,,,,,,awaiting_cny_cost,preview_only_no_stripe_write
prod_V8fep70tdjHDoG,price_1U8VfQRyM6dRKLtZr1rEXVaM,MH-CAT-CIAO-033,CIAO 炙烤盛宴｜炙烤雞胸肉含蟹肉棒+扇貝柱｜50g,CIAO 炙烤盛宴,True,True,HKD,one_time,True,1,16.90,1690,,,,,,,,awaiting_cny_cost,preview_only_no_stripe_write
prod_V8fexvyuSOogz8,price_1U8VgFRyM6dRKLtZy9DpjTcg,MH-CAT-CIAO-046,Vet's Labo｜MediMousse 健康支持慕斯｜95g,Vet’s Labo,True,True,HKD,one_time,True,1,38.90,3890,,,,,,,,awaiting_cny_cost,preview_only_no_stripe_write
prod_V8kNDHKt8kCFkT,price_1U8SsoRyM6dRKLtZv82WvY8y,MH-DOG-COMBO-015,COMBO 馬蘇里拉芝士角切狗狗乾糧 720g｜COMBO Mozzarella Cheese Cubes Dry Dog Food 720g,COMBO,True,True,HKD,one_time,True,1,249.90,24990,114.0000,prior_reviewed_preview_exact_price_match:locally_recovered_supplier_sku,233.95,234.90,23490,-15.00,-6.0024,recalculable_preview_only,preview_only_no_stripe_write
prod_V8kNDRrV7QQWc8,price_1U8SspRyM6dRKLtZdI80zla7,MH-DOG-COMBO-013,COMBO 捲心菜牛肉狗狗乾糧 720g｜COMBO Cabbage & Beef Dry Dog Food 720g,COMBO,True,True,HKD,one_time,True,1,249.90,24990,114.0000,prior_reviewed_preview_exact_price_match:locally_recovered_supplier_sku,233.95,234.90,23490,-15.00,-6.0024,recalculable_preview_only,preview_only_no_stripe_write
prod_V8kNSV91CKgxb8,price_1U8SsmRyM6dRKLtZ3iaLqEV5,MH-DOG-COMBO-014,"COMBO 牛肉小魚乾芝士蔬菜狗狗乾糧 720g｜COMBO Beef, Dried Small Fish, Cheese & Vegetable Blend Dry Dog Food 720g",COMBO,True,True,HKD,one_time,True,1,249.90,24990,114.0000,prior_reviewed_preview_exact_price_match:locally_recovered_supplier_sku,233.95,234.90,23490,-15.00,-6.0024,recalculable_preview_only,preview_only_no_stripe_write
prod_V8kNXGrzdUVGWS,price_1U8SsqRyM6dRKLtZP2yQef0B,MH-DOG-COMBO-016,COMBO 低脂小魚乾雞肉狗狗乾糧 720g｜COMBO Low-Fat Dried Small Fish & Chicken Dry Dog Food 720g,COMBO,True,True,HKD,one_time,True,1,249.90,24990,114.0000,prior_reviewed_preview_exact_price_match:locally_recovered_supplier_sku,233.95,234.90,23490,-15.00,-6.0024,recalculable_preview_only,preview_only_no_stripe_write
prod_V8kNg5nRdCoND1,price_1U8SsrRyM6dRKLtZoKEOSOWV,MH-DOG-COMBO-017,COMBO 低脂 7歲以上狗狗乾糧 720g｜COMBO Low-Fat Senior Dry Dog Food 720g,COMBO,True,True,HKD,one_time,True,1,249.90,24990,114.0000,prior_reviewed_preview_exact_price_match:locally_recovered_supplier_sku,233.95,234.90,23490,-15.00,-6.0024,recalculable_preview_only,preview_only_no_stripe_write
prod_V8lA3QuLuCwOig,price_1U8TeHRyM6dRKLtZVgeSBzyq,MH-DOG-COMBO-012,COMBO Pure 魚肉米狗狗乾糧 540g｜COMBO Pure Fish & Rice Dry Dog Food 540g,COMBO Pure,True,True,HKD,one_time,True,1,189.90,18990,87.0000,prior_reviewed_preview_exact_price_match:locally_recovered_supplier_sku,178.54,178.90,17890,-11.00,-5.7925,recalculable_preview_only,preview_only_no_stripe_write
prod_V8lA3mO6fUVnGr,price_1U8TeCRyM6dRKLtZj8yHgAgF,MH-DOG-COMBO-008,COMBO Pure 嚴選芝士日本產雞肉狗狗乾糧 600g｜COMBO Pure Selected Cheese & Japanese Chicken Dry Dog Food 600g,COMBO Pure,True,True,HKD,one_time,True,1,189.90,18990,87.0000,prior_reviewed_preview_exact_price_match:locally_recovered_supplier_sku,178.54,178.90,17890,-11.00,-5.7925,recalculable_preview_only,preview_only_no_stripe_write
prod_V8lA3nhXSFdHkU,price_1U8Te4RyM6dRKLtZsMkoDZgO,MH-DOG-COMBO-003,COMBO Pure 羅勒香雞肉切塊狗狗小食 50g｜COMBO Pure Basil-Scented Chicken Cubes Dog Treat 50g,COMBO Pure,True,True,HKD,one_time,True,1,69.90,6990,31.7000,prior_reviewed_preview_exact_price_match:locally_recovered_supplier_sku,65.05,65.90,6590,-4.00,-5.7225,recalculable_preview_only,preview_only_no_stripe_write
prod_V8lA4N42hxS8dk,price_1U8Te5RyM6dRKLtZ9oA7GOJI,MH-DOG-COMBO-004,COMBO Pure 雞肉軟骨切塊狗狗小食 50g｜COMBO Pure Chicken & Cartilage Cubes Dog Treat 50g,COMBO Pure,True,True,HKD,one_time,True,1,69.90,6990,31.7000,prior_reviewed_preview_exact_price_match:locally_recovered_supplier_sku,65.05,65.90,6590,-4.00,-5.7225,recalculable_preview_only,preview_only_no_stripe_write
prod_V8lA7fjOQvodwx,price_1U8Te6RyM6dRKLtZtPnsIajn,MH-DOG-COMBO-005,COMBO Pure 雞胸肉三種蔬菜切塊狗狗小食 50g｜COMBO Pure Chicken Breast & Three Vegetable Cubes Dog Treat 50g,COMBO Pure,True,True,HKD,one_time,True,1,69.90,6990,31.7000,prior_reviewed_preview_exact_price_match:locally_recovered_supplier_sku,65.05,65.90,6590,-4.00,-5.7225,recalculable_preview_only,preview_only_no_stripe_write
prod_V8lA8TrpHKZ0AE,price_1U8TeARyM6dRKLtZQu5zOWNW,MH-DOG-COMBO-006,COMBO Pure 日本產雞肉蔬菜狗狗乾糧 600g｜COMBO Pure Japanese Chicken & Vegetable Dry Dog Food 600g,COMBO Pure,True,True,HKD,one_time,True,1,189.90,18990,87.0000,prior_reviewed_preview_exact_price_match:locally_recovered_supplier_sku,178.54,178.90,17890,-11.00,-5.7925,recalculable_preview_only,preview_only_no_stripe_write
prod_V8lAFkM1R1Q06Q,price_1U8TeBRyM6dRKLtZzFpXrLkJ,MH-DOG-COMBO-007,COMBO Pure 蔬菜嚴選芝士狗狗乾糧 600g｜COMBO Pure Vegetable & Selected Cheese Dry Dog Food 600g,COMBO Pure,True,True,HKD,one_time,True,1,189.90,18990,87.0000,prior_reviewed_preview_exact_price_match:locally_recovered_supplier_sku,178.54,178.90,17890,-11.00,-5.7925,recalculable_preview_only,preview_only_no_stripe_write
prod_V8lAGBIlndcl9U,price_1U8TeERyM6dRKLtZkFfIYDtC,MH-DOG-COMBO-010,COMBO Pure 低脂日本產雞肉蔬菜狗狗乾糧 600g｜COMBO Pure Low-Fat Japanese Chicken & Vegetable Dry Dog Food 600g,COMBO Pure,True,True,HKD,one_time,True,1,189.90,18990,87.0000,prior_reviewed_preview_exact_price_match:locally_recovered_supplier_sku,178.54,178.90,17890,-11.00,-5.7925,recalculable_preview_only,preview_only_no_stripe_write
prod_V8lAGdiamaGSwC,price_1U8TeLRyM6dRKLtZR3jNQ3eA,MH-CAT-GNSP-004,"銀之匙 魚肉雞胸肉吻仔魚貓罐頭 70g｜Gin no Spoon Fish, Chicken Breast & Shirasu Cat Can 70g",銀之匙,True,True,HKD,one_time,True,1,19.90,1990,9.3000,prior_reviewed_preview_exact_price_match:locally_recovered_supplier_sku,19.09,19.90,1990,0.00,0.0000,no_change,preview_only_no_stripe_write
prod_V8lAMmluHgtE1f,price_1U8Te1RyM6dRKLtZhKa7smDU,MH-DOG-PTL-004,PETLINE 盛宴時光 雞肉泥牛奶果凍芝士包 25g×4｜PETLINE Gochisou Time Chicken Paste Milk Jelly with Cheese Pouches 25g×4,PETLINE,True,True,HKD,one_time,True,1,49.90,4990,19.7000,prior_reviewed_preview_exact_price_match:locally_recovered_supplier_sku,40.43,40.90,4090,-9.00,-18.0361,recalculable_preview_only,preview_only_no_stripe_write
prod_V8lAOpvuncOCZM,price_1U8Te7RyM6dRKLtZw2QIvSDA,MH-CAT-COMBO-001,COMBO 貓咪奢華美食四重滋味熟成鰹魚乾糧 600g｜COMBO Luxury Gourmet Four Flavours with Aged Bonito Dry Cat Food 600g,COMBO,True,True,HKD,one_time,True,1,189.90,18990,89.6000,prior_reviewed_preview_exact_price_match:locally_recovered_supplier_sku,183.87,183.90,18390,-6.00,-3.1596,recalculable_preview_only,preview_only_no_stripe_write
prod_V8lAPSEzKs8rpv,price_1U8TdxRyM6dRKLtZS4vQb2w7,MH-DOG-PTL-001,"PETLINE 盛宴時光 雞胸肉蔬菜牛肉風味果凍包 25g×4｜PETLINE Gochisou Time Chicken Breast, Vegetable & Beef-Style Jelly Pouches 25g×4",PETLINE,True,True,HKD,one_time,True,1,49.90,4990,19.7000,prior_reviewed_preview_exact_price_match:locally_recovered_supplier_sku,40.43,40.90,4090,-9.00,-18.0361,recalculable_preview_only,preview_only_no_stripe_write
prod_V8lATH0SDiLKBx,price_1U8TeKRyM6dRKLtZ06iNBorq,MH-CAT-GNSP-003,"銀之匙 濃湯仕立鮪魚鰹魚雞胸肉貓罐頭 70g｜Gin no Spoon Thick Gravy Tuna, Bonito & Chicken Breast Cat Can 70g",銀之匙,True,True,HKD,one_time,True,1,19.90,1990,9.3000,prior_reviewed_preview_exact_price_match:locally_recovered_supplier_sku,19.09,19.90,1990,0.00,0.0000,no_change,preview_only_no_stripe_write
prod_V8lATUvYyTfiyk,price_1U8TeMRyM6dRKLtZ8duuCeG8,MH-CAT-GNSP-005,"銀之匙 魚肉雞胸肉鰹魚節貓罐頭 70g｜Gin no Spoon Fish, Chicken Breast & Bonito Flakes Cat Can 70g",銀之匙,True,True,HKD,one_time,True,1,19.90,1990,9.3000,prior_reviewed_preview_exact_price_match:locally_recovered_supplier_sku,19.09,19.90,1990,0.00,0.0000,no_change,preview_only_no_stripe_write
prod_V8lAUga8Mwc3d0,price_1U8TeIRyM6dRKLtZfLkTpmot,MH-CAT-GNSP-001,銀之匙 濃湯仕立鮪魚貓罐頭 70g｜Gin no Spoon Thick Gravy Tuna Cat Can 70g,銀之匙,True,True,HKD,one_time,True,1,19.90,1990,9.3000,prior_reviewed_preview_exact_price_match:locally_recovered_supplier_sku,19.09,19.90,1990,0.00,0.0000,no_change,preview_only_no_stripe_write
prod_V8lAWevxk3Za0C,price_1U8Te9RyM6dRKLtZbFSz0rsZ,MH-CAT-COMBO-003,COMBO 體重關注貓用鮪魚鰹魚節乾糧 600g｜COMBO Weight-Concern Cat Tuna Dry Food with Bonito Flakes 600g,COMBO,True,True,HKD,one_time,True,1,189.90,18990,89.6000,prior_reviewed_preview_exact_price_match:locally_recovered_supplier_sku,183.87,183.90,18390,-6.00,-3.1596,recalculable_preview_only,preview_only_no_stripe_write
prod_V8lAXdhHafIDnG,price_1U8TdzRyM6dRKLtZcZlk1ao4,MH-DOG-PTL-003,PETLINE 盛宴時光 雞胸肉牛奶燉芝士包 25g×4｜PETLINE Gochisou Time Chicken Breast Milk-Stew with Cheese Pouches 25g×4,PETLINE,True,True,HKD,one_time,True,1,49.90,4990,19.7000,prior_reviewed_preview_exact_price_match:locally_recovered_supplier_sku,40.43,40.90,4090,-9.00,-18.0361,recalculable_preview_only,preview_only_no_stripe_write
prod_V8lAaOLN6jDE2s,price_1U8TeFRyM6dRKLtZuol9PSsc,MH-DOG-COMBO-011,COMBO Pure 凍乾配料日本產雞肉蔬菜狗狗乾糧 540g｜COMBO Pure Freeze-Dried Topping Japanese Chicken & Vegetable Dry Dog Food 540g,COMBO Pure,True,True,HKD,one_time,True,1,189.90,18990,87.0000,prior_reviewed_preview_exact_price_match:locally_recovered_supplier_sku,178.54,178.90,17890,-11.00,-5.7925,recalculable_preview_only,preview_only_no_stripe_write
prod_V8lActmdKRF9Nz,price_1U8Te2RyM6dRKLtZjnp6TQr0,MH-DOG-COMBO-001,COMBO Pure 香嫩雞胸肉切塊狗狗小食 50g｜COMBO Pure Tender Chicken Breast Cubes Dog Treat 50g,COMBO Pure,True,True,HKD,one_time,True,1,69.90,6990,31.7000,prior_reviewed_preview_exact_price_match:locally_recovered_supplier_sku,65.05,65.90,6590,-4.00,-5.7225,recalculable_preview_only,preview_only_no_stripe_write
prod_V8lAeH2hqPlna6,price_1U8Te8RyM6dRKLtZf1Zb7BlY,MH-CAT-COMBO-002,COMBO 貓咪奢華美食拼配鮭魚脆片鰹魚節乾糧 700g｜COMBO Luxury Gourmet Blend with Salmon Chips & Bonito Flakes Dry Cat Food 700g,COMBO,True,True,HKD,one_time,True,1,189.90,18990,89.6000,prior_reviewed_preview_exact_price_match:locally_recovered_supplier_sku,183.87,183.90,18390,-6.00,-3.1596,recalculable_preview_only,preview_only_no_stripe_write
prod_V8lAjMRJn8PScz,price_1U8TeJRyM6dRKLtZZNQsVoYK,MH-CAT-GNSP-002,"銀之匙 鮪魚鰹魚雞胸肉貓罐頭 70g｜Gin no Spoon Tuna, Bonito & Chicken Breast Cat Can 70g",銀之匙,True,True,HKD,one_time,True,1,19.90,1990,9.3000,prior_reviewed_preview_exact_price_match:locally_recovered_supplier_sku,19.09,19.90,1990,0.00,0.0000,no_change,preview_only_no_stripe_write
prod_V8lArvqiVc3AMr,price_1U8TeDRyM6dRKLtZlJaNJ6sH,MH-DOG-COMBO-009,COMBO Pure 超小粒日本產雞肉蔬菜狗狗乾糧 600g｜COMBO Pure Extra-Small Kibble Japanese Chicken & Vegetable Dry Dog Food 600g,COMBO Pure,True,True,HKD,one_time,True,1,189.90,18990,87.0000,prior_reviewed_preview_exact_price_match:locally_recovered_supplier_sku,178.54,178.90,17890,-11.00,-5.7925,recalculable_preview_only,preview_only_no_stripe_write
prod_V8lAt5mJJ5YOb7,price_1U8TdyRyM6dRKLtZYeTThu5A,MH-DOG-PTL-002,PETLINE 盛宴時光 雞胸肉芝士果凍包 25g×4｜PETLINE Gochisou Time Chicken Breast & Cheese Jelly Pouches 25g×4,PETLINE,True,True,HKD,one_time,True,1,49.90,4990,19.7000,prior_reviewed_preview_exact_price_match:locally_recovered_supplier_sku,40.43,40.90,4090,-9.00,-18.0361,recalculable_preview_only,preview_only_no_stripe_write
prod_V8lAyjALw49Mz2,price_1U8Te3RyM6dRKLtZQYZvdm4f,MH-DOG-COMBO-002,COMBO Pure 香嫩雞胸肉絲狗狗小食 50g｜COMBO Pure Tender Chicken Breast Strips Dog Treat 50g,COMBO Pure,True,True,HKD,one_time,True,1,69.90,6990,31.7000,prior_reviewed_preview_exact_price_match:locally_recovered_supplier_sku,65.05,65.90,6590,-4.00,-5.7225,recalculable_preview_only,preview_only_no_stripe_write
prod_V8sFjjO8IgpPvO,price_1U8aVNRyM6dRKLtZ7S60votS,MH-DOG-GEN-001,Complete ytt 日本犬用雞肉條小食 20g｜Complete ytt Chicken Tender Dog Treats 20g,Complete ytt,True,True,HKD,one_time,True,5,14.90,1490,6.7400,live_price_metadata:cost_cny,13.83,13.90,1390,-1.00,-6.7114,recalculable_preview_only,preview_only_no_stripe_write
prod_V8sFjjO8IgpPvO,price_1U8aVNRyM6dRKLtZqwr4DE1J,MH-DOG-GEN-001,Complete ytt 日本犬用雞肉條小食 20g｜Complete ytt Chicken Tender Dog Treats 20g,Complete ytt,True,True,HKD,one_time,False,5,27.90,2790,12.9000,live_price_metadata:cost_cny,26.47,26.90,2690,-1.00,-3.5842,recalculable_preview_only,preview_only_no_stripe_write
prod_V8sFjjO8IgpPvO,price_1U8aVORyM6dRKLtZ8BiiBL40,MH-DOG-GEN-001,Complete ytt 日本犬用雞肉條小食 20g｜Complete ytt Chicken Tender Dog Treats 20g,Complete ytt,True,True,HKD,one_time,False,5,69.90,6990,32.9000,live_price_metadata:cost_cny,67.52,67.90,6790,-2.00,-2.8612,recalculable_preview_only,preview_only_no_stripe_write
prod_V8sFjjO8IgpPvO,price_1U8aVORyM6dRKLtZIb6ivl1D,MH-DOG-GEN-001,Complete ytt 日本犬用雞肉條小食 20g｜Complete ytt Chicken Tender Dog Treats 20g,Complete ytt,True,True,HKD,one_time,False,5,78.90,7890,36.7000,live_price_metadata:cost_cny,75.31,75.90,7590,-3.00,-3.8023,recalculable_preview_only,preview_only_no_stripe_write
prod_V8sFjjO8IgpPvO,price_1U8aVORyM6dRKLtZyvltXD1x,MH-DOG-GEN-001,Complete ytt 日本犬用雞肉條小食 20g｜Complete ytt Chicken Tender Dog Treats 20g,Complete ytt,True,True,HKD,one_time,False,5,69.90,6990,32.9000,live_price_metadata:cost_cny,67.52,67.90,6790,-2.00,-2.8612,recalculable_preview_only,preview_only_no_stripe_write
prod_V8szJB1xzy0Hkm,price_1U8bDuRyM6dRKLtZLWNMemMt,MH-LIF-GEN-001,藍貓圖案斜口高腳陶瓷食盤 M｜Blue Cat Pattern Raised Slanted Ceramic Bowl M,,True,True,HKD,one_time,True,1,65.90,6590,30.9500,live_price_metadata:cost_cny,63.51,63.90,6390,-2.00,-3.0349,recalculable_preview_only,preview_only_no_stripe_write
prod_V8szss31Rm8tiJ,price_1U8bDzRyM6dRKLtZ4X3eofhW,MH-LIF-GEN-004,高腳平口陶瓷貓咪食盤 250ml｜Raised Flat-Rim Ceramic Cat Bowl 250ml,,True,True,HKD,one_time,True,3,38.90,3890,18.3400,live_price_metadata:cost_cny,37.64,37.90,3790,-1.00,-2.5707,recalculable_preview_only,preview_only_no_stripe_write
prod_V8szss31Rm8tiJ,price_1U8bE0RyM6dRKLtZEhY45gCA,MH-LIF-GEN-004,高腳平口陶瓷貓咪食盤 250ml｜Raised Flat-Rim Ceramic Cat Bowl 250ml,,True,True,HKD,one_time,False,3,38.90,3890,18.3400,live_price_metadata:cost_cny,37.64,37.90,3790,-1.00,-2.5707,recalculable_preview_only,preview_only_no_stripe_write
prod_V8szss31Rm8tiJ,price_1U8bE0RyM6dRKLtZMRGdUPd6,MH-LIF-GEN-004,高腳平口陶瓷貓咪食盤 250ml｜Raised Flat-Rim Ceramic Cat Bowl 250ml,,True,True,HKD,one_time,False,3,38.90,3890,18.3400,live_price_metadata:cost_cny,37.64,37.90,3790,-1.00,-2.5707,recalculable_preview_only,preview_only_no_stripe_write
prod_V8szxN4qvZQyrJ,price_1U8bDrRyM6dRKLtZ4BGKfDgq,MH-LIF-GEN-002,貓耳斜口高腳陶瓷食盤 12cm｜Cat Ear Raised Slanted Ceramic Bowl 12cm,,True,True,HKD,one_time,False,4,54.90,5490,25.5000,live_price_metadata:cost_cny,52.33,52.90,5290,-2.00,-3.6430,recalculable_preview_only,preview_only_no_stripe_write
prod_V8szxN4qvZQyrJ,price_1U8bDrRyM6dRKLtZFJenWOBn,MH-LIF-GEN-002,貓耳斜口高腳陶瓷食盤 12cm｜Cat Ear Raised Slanted Ceramic Bowl 12cm,,True,True,HKD,one_time,True,4,54.90,5490,25.5000,live_price_metadata:cost_cny,52.33,52.90,5290,-2.00,-3.6430,recalculable_preview_only,preview_only_no_stripe_write
prod_V8szxN4qvZQyrJ,price_1U8bDrRyM6dRKLtZvZK2osMh,MH-LIF-GEN-002,貓耳斜口高腳陶瓷食盤 12cm｜Cat Ear Raised Slanted Ceramic Bowl 12cm,,True,True,HKD,one_time,False,4,54.90,5490,25.5000,live_price_metadata:cost_cny,52.33,52.90,5290,-2.00,-3.6430,recalculable_preview_only,preview_only_no_stripe_write
prod_V8szxN4qvZQyrJ,price_1U8bDsRyM6dRKLtZjeQdGEbD,MH-LIF-GEN-002,貓耳斜口高腳陶瓷食盤 12cm｜Cat Ear Raised Slanted Ceramic Bowl 12cm,,True,True,HKD,one_time,False,4,54.90,5490,25.5000,live_price_metadata:cost_cny,52.33,52.90,5290,-2.00,-3.6430,recalculable_preview_only,preview_only_no_stripe_write
prod_V8szzgASg2ZnbO,price_1U8bDxRyM6dRKLtZBY1GwTXp,MH-LIF-GEN-006,白貓海浪紋斜口高腳陶瓷食盤 M｜White Cat Wave Pattern Raised Slanted Ceramic Bowl M,,True,True,HKD,one_time,True,1,59.90,5990,27.9400,live_price_metadata:cost_cny,57.34,57.90,5790,-2.00,-3.3389,recalculable_preview_only,preview_only_no_stripe_write
prod_V8t03LiP3rgoHN,price_1U8bE3RyM6dRKLtZ2dyFDhQx,MH-LIF-GEN-003,貓臉斜口高腳陶瓷食盤 350ml｜Cat Face Raised Slanted Ceramic Bowl 350ml,,True,True,HKD,one_time,False,3,59.90,5990,27.9400,live_price_metadata:cost_cny,57.34,57.90,5790,-2.00,-3.3389,recalculable_preview_only,preview_only_no_stripe_write
prod_V8t03LiP3rgoHN,price_1U8bE3RyM6dRKLtZ6NUu82ih,MH-LIF-GEN-003,貓臉斜口高腳陶瓷食盤 350ml｜Cat Face Raised Slanted Ceramic Bowl 350ml,,True,True,HKD,one_time,True,3,59.90,5990,27.9400,live_price_metadata:cost_cny,57.34,57.90,5790,-2.00,-3.3389,recalculable_preview_only,preview_only_no_stripe_write
prod_V8t03LiP3rgoHN,price_1U8bE3RyM6dRKLtZoo1SG8fs,MH-LIF-GEN-003,貓臉斜口高腳陶瓷食盤 350ml｜Cat Face Raised Slanted Ceramic Bowl 350ml,,True,True,HKD,one_time,False,3,59.90,5990,27.9400,live_price_metadata:cost_cny,57.34,57.90,5790,-2.00,-3.3389,recalculable_preview_only,preview_only_no_stripe_write
prod_V8t0eKeqlC0GzI,price_1U8bE6RyM6dRKLtZKBGrzFqk,MH-LIF-GEN-005,深藍貓臉高腳陶瓷食盤 M｜Navy Cat Face Raised Ceramic Bowl M,,True,True,HKD,one_time,True,1,46.90,4690,21.9000,live_price_metadata:cost_cny,44.94,45.90,4590,-1.00,-2.1322,recalculable_preview_only,preview_only_no_stripe_write
prod_V8th4gMOUDUrzu,price_1U8btqRyM6dRKLtZ3JpWeJNI,MH-CAT-GNSP-016,銀之匙 三ツ星グルメ 夾心奶油 魚肉雞里脊三拼乾糧 180g｜Gin no Spoon Mitsuboshi Gourmet Cream-Filled Fish & Chicken Tender Three-Recipe Dry Cat Food 180g,銀之匙／三ツ星グルメ,True,True,HKD,one_time,True,1,99.90,9990,46.8000,live_price_metadata:cost_cny,96.04,96.90,9690,-3.00,-3.0030,recalculable_preview_only,preview_only_no_stripe_write
prod_V8th51dTMblovb,price_1U8btoRyM6dRKLtZuVNr212k,MH-CAT-GNSP-018,銀之匙 三ツ星グルメ 夾心奶油 金槍魚雞里脊味乾糧 180g｜Gin no Spoon Mitsuboshi Gourmet Cream-Filled Tuna & Chicken Tender Dry Cat Food 180g,銀之匙／三ツ星グルメ,True,True,HKD,one_time,True,1,99.90,9990,46.8000,live_price_metadata:cost_cny,96.04,96.90,9690,-3.00,-3.0030,recalculable_preview_only,preview_only_no_stripe_write
prod_V8thBqcqHiv3cZ,price_1U8bu8RyM6dRKLtZrtZ6IOrx,MH-CAT-GNSP-020,銀之匙 三ツ星グルメ 幼貓魚味加牛奶乾糧 240g｜Gin no Spoon Mitsuboshi Gourmet Kitten Fish Recipe with Milk Dry Cat Food 240g,銀之匙／三ツ星グルメ,True,True,HKD,one_time,True,1,99.90,9990,46.8000,live_price_metadata:cost_cny,96.04,96.90,9690,-3.00,-3.0030,recalculable_preview_only,preview_only_no_stripe_write
prod_V8thPo6RjbpnwO,price_1U8bu3RyM6dRKLtZLjAK97QM,MH-CAT-GNSP-025,銀之匙 三ツ星グルメ 餐後吐毛輕減及毛球護理魚味乾糧 192g｜Gin no Spoon Mitsuboshi Gourmet Fish Recipe Dry Cat Food for Reduced Post-Meal Vomiting & Hairball Care 192g,銀之匙／三ツ星グルメ,True,True,HKD,one_time,True,1,99.90,9990,46.8000,live_price_metadata:cost_cny,96.04,96.90,9690,-3.00,-3.0030,recalculable_preview_only,preview_only_no_stripe_write
prod_V8thRjwLfHWe9X,price_1U8btvRyM6dRKLtZPuQqw0hP,MH-CAT-GNSP-022,銀之匙 三ツ星グルメ 鮮旨香 魚肉雞里脊三拼乾糧 160g｜Gin no Spoon Mitsuboshi Gourmet Shimi-Uma Fish & Chicken Tender Three-Recipe Dry Cat Food 160g,銀之匙／三ツ星グルメ,True,True,HKD,one_time,True,1,99.90,9990,46.8000,live_price_metadata:cost_cny,96.04,96.90,9690,-3.00,-3.0030,recalculable_preview_only,preview_only_no_stripe_write
prod_V8thb2VVnmHjCY,price_1U8bttRyM6dRKLtZYVjv60by,MH-CAT-GNSP-017,銀之匙 三ツ星グルメ 夾心奶油 金槍魚鰹魚毛球護理乾糧 180g｜Gin no Spoon Mitsuboshi Gourmet Cream-Filled Tuna & Bonito Hairball Care Dry Cat Food 180g,銀之匙／三ツ星グルメ,True,True,HKD,one_time,True,1,99.90,9990,46.8000,live_price_metadata:cost_cny,96.04,96.90,9690,-3.00,-3.0030,recalculable_preview_only,preview_only_no_stripe_write
prod_V8thjTAXBn4Lnx,price_1U8btlRyM6dRKLtZG99b8TZR,MH-CAT-GNSP-019,銀之匙 三ツ星グルメ 香酥魚香毛球護理乾糧 240g｜Gin no Spoon Mitsuboshi Gourmet Fish Recipe Hairball Care Dry Cat Food 240g,銀之匙／三ツ星グルメ,True,True,HKD,one_time,True,1,95.90,9590,44.8000,live_price_metadata:cost_cny,91.94,92.90,9290,-3.00,-3.1283,recalculable_preview_only,preview_only_no_stripe_write
prod_V8thk9qKECj0in,price_1U8bu0RyM6dRKLtZKGEvnAcj,MH-CAT-GNSP-024,"銀之匙 三ツ星グルメ 鮮旨香 金槍魚鯛魚鰹魚乾糧 192g｜Gin no Spoon Mitsuboshi Gourmet Shimi-Uma Tuna, Sea Bream & Bonito Dry Cat Food 192g",銀之匙／三ツ星グルメ,True,True,HKD,one_time,True,1,99.90,9990,46.8000,live_price_metadata:cost_cny,96.04,96.90,9690,-3.00,-3.0030,recalculable_preview_only,preview_only_no_stripe_write
prod_V8thsQJq4RYszQ,price_1U8btyRyM6dRKLtZ2aDVvnPF,MH-CAT-GNSP-023,"銀之匙 三ツ星グルメ 鮮旨香 金槍魚雞里脊鰹魚乾糧 192g｜Gin no Spoon Mitsuboshi Gourmet Shimi-Uma Tuna, Chicken Tender & Bonito Dry Cat Food 192g",銀之匙／三ツ星グルメ,True,True,HKD,one_time,True,1,99.90,9990,46.8000,live_price_metadata:cost_cny,96.04,96.90,9690,-3.00,-3.0030,recalculable_preview_only,preview_only_no_stripe_write
prod_V8thwhOf6ahDTN,price_1U8bu5RyM6dRKLtZGPNwKLAo,MH-CAT-GNSP-021,銀之匙 三ツ星グルメ 10歲起腎臟健康維護魚味四拼乾糧 200g｜Gin no Spoon Mitsuboshi Gourmet 10+ Kidney Health Maintenance Fish Four-Recipe Dry Cat Food 200g,銀之匙／三ツ星グルメ,True,True,HKD,one_time,True,1,99.90,9990,46.8000,live_price_metadata:cost_cny,96.04,96.90,9690,-3.00,-3.0030,recalculable_preview_only,preview_only_no_stripe_write
prod_V8uID4s03TNUrL,price_1U8cUERyM6dRKLtZmdIE2erH,MH-CAT-GNSP-014,銀之匙 三ツ星グルメ 夾心奶油 金槍魚鯛魚味乾糧 180g｜Gin no Spoon Mitsuboshi Gourmet Cream-Filled Tuna & Sea Bream Dry Cat Food 180g,銀之匙／三ツ星グルメ,True,True,HKD,one_time,True,1,95.90,9590,44.8000,live_price_metadata:cost_cny,91.94,92.90,9290,-3.00,-3.1283,recalculable_preview_only,preview_only_no_stripe_write
prod_V8uILuFno1z4MZ,price_1U8cUMRyM6dRKLtZiqoZhzs8,MH-CAT-GNSP-008,銀之匙 三ツ星グルメ 香酥魚香 腸胃健康照護乾糧 200g｜Gin no Spoon Mitsuboshi Gourmet Aromatic Fish Gut-Health Care Dry Cat Food 200g,銀之匙／三ツ星グルメ,True,True,HKD,one_time,True,1,95.90,9590,44.8000,live_price_metadata:cost_cny,91.94,92.90,9290,-3.00,-3.1283,recalculable_preview_only,preview_only_no_stripe_write
prod_V8uIO7LzUQjeCT,price_1U8cU0RyM6dRKLtZ8uu3Ejr3,MH-CAT-UCM-001,Unicharm Deotoilet 消臭抗菌沸石貓砂 清新庭院香 3.8L｜Unicharm Deotoilet Deodorising Antibacterial Zeolite Cat Litter Natural Green 3.8L,Unicharm Deotoilet,True,True,HKD,one_time,True,1,91.90,9190,43.0000,live_price_metadata:cost_cny,88.24,88.90,8890,-3.00,-3.2644,recalculable_preview_only,preview_only_no_stripe_write
prod_V8uIOVwsFqgPTV,price_1U8cU3RyM6dRKLtZBkHsqyun,MH-LIF-ST-001,Nyantomo 清潔貓廁所 脫臭抗菌木質貓砂 4.4L｜Nyantomo Deodorising Antibacterial Wood Cat Litter 4.4L,S.T. ニャンとも清潔トイレ,True,True,HKD,one_time,False,3,203.90,20390,96.0000,live_price_metadata:cost_cny,197.01,197.90,19790,-6.00,-2.9426,recalculable_preview_only,preview_only_no_stripe_write
prod_V8uIOVwsFqgPTV,price_1U8cU3RyM6dRKLtZTKnfNwxt,MH-LIF-ST-001,Nyantomo 清潔貓廁所 脫臭抗菌木質貓砂 4.4L｜Nyantomo Deodorising Antibacterial Wood Cat Litter 4.4L,S.T. ニャンとも清潔トイレ,True,True,HKD,one_time,False,3,203.90,20390,96.0000,live_price_metadata:cost_cny,197.01,197.90,19790,-6.00,-2.9426,recalculable_preview_only,preview_only_no_stripe_write
prod_V8uIOVwsFqgPTV,price_1U8cU3RyM6dRKLtZYlkAeABl,MH-LIF-ST-001,Nyantomo 清潔貓廁所 脫臭抗菌木質貓砂 4.4L｜Nyantomo Deodorising Antibacterial Wood Cat Litter 4.4L,S.T. ニャンとも清潔トイレ,True,True,HKD,one_time,True,3,203.90,20390,96.0000,live_price_metadata:cost_cny,197.01,197.90,19790,-6.00,-2.9426,recalculable_preview_only,preview_only_no_stripe_write
prod_V8uIPfhAKY5ONF,price_1U8cU9RyM6dRKLtZnyUTF5xl,MH-CAT-SNP-001,SNAPPY 低粉塵膨潤土貓砂 原味無香 7L｜SNAPPY Low-Dust Bentonite Cat Litter Unscented 7L,SNAPPY,True,True,HKD,one_time,True,1,96.90,9690,45.4500,live_price_metadata:cost_cny,93.27,93.90,9390,-3.00,-3.0960,recalculable_preview_only,preview_only_no_stripe_write
prod_V8uIc8IHCyEuCW,price_1U8cUCRyM6dRKLtZZdqgSvlS,MH-CAT-GNSP-013,銀之匙 三ツ星グルメ 夾心奶油 金槍魚鰹魚味乾糧 180g｜Gin no Spoon Mitsuboshi Gourmet Cream-Filled Tuna & Bonito Dry Cat Food 180g,銀之匙／三ツ星グルメ,True,True,HKD,one_time,True,1,95.90,9590,44.8000,live_price_metadata:cost_cny,91.94,92.90,9290,-3.00,-3.1283,recalculable_preview_only,preview_only_no_stripe_write
prod_V8uIfmE32YGKQz,price_1U8cUHRyM6dRKLtZILTR8TCU,MH-CAT-GNSP-011,銀之匙 三ツ星グルメ 夾心奶油 魚味綜合乾糧 180g｜Gin no Spoon Mitsuboshi Gourmet Cream-Filled Assorted Fish Dry Cat Food 180g,銀之匙／三ツ星グルメ,True,True,HKD,one_time,True,1,95.90,9590,44.8000,live_price_metadata:cost_cny,91.94,92.90,9290,-3.00,-3.1283,recalculable_preview_only,preview_only_no_stripe_write
prod_V8uIgedRHwtgJJ,price_1U8cUJRyM6dRKLtZoV9l2W9Y,MH-CAT-GNSP-012,銀之匙 三ツ星グルメ 夾心奶油 腸胃健康魚味三拼乾糧 180g｜Gin no Spoon Mitsuboshi Gourmet Cream-Filled Gut-Health Fish Three-Recipe Dry Cat Food 180g,銀之匙／三ツ星グルメ,True,True,HKD,one_time,True,1,95.90,9590,44.8000,live_price_metadata:cost_cny,91.94,92.90,9290,-3.00,-3.1283,recalculable_preview_only,preview_only_no_stripe_write
prod_V8uInkIOBbpTsp,price_1U8cU6RyM6dRKLtZIwFymbls,MH-CAT-PAMAX-001,PAMAX Miracle Series 生物酶除味貓砂 2.7kg｜PAMAX Miracle Series Enzyme Odour-Control Cat Litter 2.7kg,PAMAX,True,True,HKD,one_time,False,3,190.90,19090,90.0000,live_price_metadata:cost_cny,184.69,184.90,18490,-6.00,-3.1430,recalculable_preview_only,preview_only_no_stripe_write
prod_V8uInkIOBbpTsp,price_1U8cU6RyM6dRKLtZuYsvr2FS,MH-CAT-PAMAX-001,PAMAX Miracle Series 生物酶除味貓砂 2.7kg｜PAMAX Miracle Series Enzyme Odour-Control Cat Litter 2.7kg,PAMAX,True,True,HKD,one_time,True,3,97.90,9790,46.0000,live_price_metadata:cost_cny,94.40,94.90,9490,-3.00,-3.0644,recalculable_preview_only,preview_only_no_stripe_write
prod_V8uInkIOBbpTsp,price_1U8cU7RyM6dRKLtZu7s2FINt,MH-CAT-PAMAX-001,PAMAX Miracle Series 生物酶除味貓砂 2.7kg｜PAMAX Miracle Series Enzyme Odour-Control Cat Litter 2.7kg,PAMAX,True,True,HKD,one_time,False,3,472.90,47290,223.0000,live_price_metadata:cost_cny,457.63,457.90,45790,-15.00,-3.1719,recalculable_preview_only,preview_only_no_stripe_write
prod_V8uJI32Jxh5dCc,price_1U8cUPRyM6dRKLtZO8S4Hj2n,MH-CAT-GNSP-007,銀之匙 三ツ星グルメ 香酥魚香 魚肉雞肉四拼乾糧 200g｜Gin no Spoon Mitsuboshi Gourmet Aromatic Fish & Chicken Four-Recipe Dry Cat Food 200g,銀之匙／三ツ星グルメ,True,True,HKD,one_time,True,1,95.90,9590,44.8000,live_price_metadata:cost_cny,91.94,92.90,9290,-3.00,-3.1283,recalculable_preview_only,preview_only_no_stripe_write
prod_V8uJPueROjgX6L,price_1U8cURRyM6dRKLtZxOISi7XP,MH-CAT-GNSP-009,銀之匙 三ツ星グルメ 香酥魚香 毛球護理乾糧 200g｜Gin no Spoon Mitsuboshi Gourmet Aromatic Fish Hairball Care Dry Cat Food 200g,銀之匙／三ツ星グルメ,True,True,HKD,one_time,True,1,95.90,9590,44.8000,live_price_metadata:cost_cny,91.94,92.90,9290,-3.00,-3.1283,recalculable_preview_only,preview_only_no_stripe_write
prod_V8uJVy7nhLvdrI,price_1U8cUXRyM6dRKLtZaTGFfSor,MH-CAT-GNSP-010,"銀之匙 三ツ星グルメ 香酥魚香 金槍魚鯛魚鰹魚扇貝乾糧 200g｜Gin no Spoon Mitsuboshi Gourmet Aromatic Tuna, Sea Bream, Bonito & Scallop Dry Cat Food 200g",銀之匙／三ツ星グルメ,True,True,HKD,one_time,True,1,95.90,9590,44.8000,live_price_metadata:cost_cny,91.94,92.90,9290,-3.00,-3.1283,recalculable_preview_only,preview_only_no_stripe_write
prod_V8uJcEJtSEmb69,price_1U8cUURyM6dRKLtZjiy5wjhq,MH-CAT-GNSP-006,銀之匙 三ツ星グルメ 香酥魚香 魚味綜合乾糧 200g｜Gin no Spoon Mitsuboshi Gourmet Aromatic Assorted Fish Dry Cat Food 200g,銀之匙／三ツ星グルメ,True,True,HKD,one_time,True,1,95.90,9590,44.8000,live_price_metadata:cost_cny,91.94,92.90,9290,-3.00,-3.1283,recalculable_preview_only,preview_only_no_stripe_write
prod_V8vq78vZ3hdOmK,price_1U8dzLRyM6dRKLtZiNLM7My7,MH-CAT-SNR-014,AIM30 Karitto Treats 酥脆貓咪零食 鮮魚味 25g｜AIM30 Karitto Treats Crispy Cat Treats Fish Flavour 25g,Sunrise AIM30,True,True,HKD,one_time,True,1,30.90,3090,14.4000,live_price_metadata:cost_cny,29.55,29.90,2990,-1.00,-3.2362,recalculable_preview_only,preview_only_no_stripe_write
prod_V8vr09YUCbk2x6,price_1U8dzoRyM6dRKLtZuW3r2eij,MH-CAT-SNR-018,AIM30 Karitto Treats 酥脆貓咪零食 乳酸菌吞拿魚味 25g｜AIM30 Karitto Treats Crispy Cat Treats Tuna with Lactic Acid Bacteria 25g,Sunrise AIM30,True,True,HKD,one_time,True,1,30.90,3090,14.4000,live_price_metadata:cost_cny,29.55,29.90,2990,-1.00,-3.2362,recalculable_preview_only,preview_only_no_stripe_write
prod_V8vr3X8ZjnY554,price_1U8dzQRyM6dRKLtZJ5Dc0Gve,MH-CAT-SNR-020,AIM30 Karitto Treats 酥脆貓咪零食 三文魚味 25g｜AIM30 Karitto Treats Crispy Cat Treats Salmon Flavour 25g,Sunrise AIM30,True,True,HKD,one_time,True,1,30.90,3090,14.4000,live_price_metadata:cost_cny,29.55,29.90,2990,-1.00,-3.2362,recalculable_preview_only,preview_only_no_stripe_write
prod_V8vr5nCW67gu8X,price_1U8e0ARyM6dRKLtZWOXn9WYV,MH-CAT-GNSP-015,銀之匙 三ツ星グルメ 魚肉奶油夾心 鮪魚及白蝦味乾糧 180g｜Gin no Spoon Mitsuboshi Gourmet Cream-Filled Tuna & White Shrimp Dry Cat Food 180g,銀之匙／三ツ星グルメ,True,True,HKD,one_time,True,1,116.90,11690,55.0000,live_price_metadata:cost_cny,112.87,112.90,11290,-4.00,-3.4217,recalculable_preview_only,preview_only_no_stripe_write
prod_V8vr8q8jdO6wNr,price_1U8dzaRyM6dRKLtZjQNjilZt,MH-CAT-SNR-023,AIM30 Karitto Treats 酥脆貓咪零食 吞拿魚味 25g｜AIM30 Karitto Treats Crispy Cat Treats Tuna Flavour 25g,Sunrise AIM30,True,True,HKD,one_time,True,1,42.90,4290,19.8000,live_price_metadata:cost_cny,40.63,40.90,4090,-2.00,-4.6620,recalculable_preview_only,preview_only_no_stripe_write
prod_V8vrBdjzLlg7F7,price_1U8e0FRyM6dRKLtZE4JPj5uL,MH-CAT-SNR-004,AIM30 Karitto Treats 酥脆貓咪零食 雞肉及牛肉味 25g｜AIM30 Karitto Treats 酥脆貓咪零食 雞肉及牛肉味 25g,Sunrise AIM30,True,True,HKD,one_time,True,1,50.90,5090,23.8000,live_price_metadata:cost_cny,48.84,48.90,4890,-2.00,-3.9293,recalculable_preview_only,preview_only_no_stripe_write
prod_V8vrCIoYlfznHf,price_1U8dzgRyM6dRKLtZTCmIF0v5,MH-CAT-SNR-010,AIM30 Karitto Treats 酥脆貓咪零食 鰹魚味 25g｜AIM30 Karitto Treats Crispy Cat Treats Bonito Flavour 25g,Sunrise AIM30,True,True,HKD,one_time,True,1,42.90,4290,19.8000,live_price_metadata:cost_cny,40.63,40.90,4090,-2.00,-4.6620,recalculable_preview_only,preview_only_no_stripe_write
prod_V8vrEGzFHOkIGq,price_1U8dzlRyM6dRKLtZddHrurtA,MH-CAT-SNR-017,AIM30 Karitto Treats 酥脆貓咪零食 毛球護理吞拿魚味 25g｜AIM30 Karitto Treats Crispy Cat Treats Hairball Care Tuna 25g,Sunrise AIM30,True,True,HKD,one_time,True,1,30.90,3090,14.4000,live_price_metadata:cost_cny,29.55,29.90,2990,-1.00,-3.2362,recalculable_preview_only,preview_only_no_stripe_write
prod_V8vrEO4eoZSj2o,price_1U8dzVRyM6dRKLtZNWWJarJn,MH-CAT-SNR-011,AIM30 Karitto Treats 酥脆貓咪零食 芝士味 25g｜AIM30 Karitto Treats Crispy Cat Treats Cheese Flavour 25g,Sunrise AIM30,True,True,HKD,one_time,True,1,30.90,3090,14.4000,live_price_metadata:cost_cny,29.55,29.90,2990,-1.00,-3.2362,recalculable_preview_only,preview_only_no_stripe_write
prod_V8vrEgpUGj9fjI,price_1U8dzzRyM6dRKLtZyAr6CctM,MH-CAT-SNR-016,AIM30 Karitto Treats 酥脆貓咪零食 魚味四種綜合包 80g｜AIM30 Karitto Treats Crispy Cat Treats Four Fish Flavours Assortment 80g,Sunrise AIM30,True,True,HKD,one_time,True,1,118.90,11890,56.0000,live_price_metadata:cost_cny,114.92,115.90,11590,-3.00,-2.5231,recalculable_preview_only,preview_only_no_stripe_write
prod_V8vrJdunHu4yQD,price_1U8dziRyM6dRKLtZ8ixLg9g3,MH-CAT-SNR-022,AIM30 Karitto Treats 酥脆貓咪零食 吞拿魚及蟹肉味 25g｜AIM30 Karitto Treats Crispy Cat Treats Tuna & Crab Flavour 25g,Sunrise AIM30,True,True,HKD,one_time,True,1,30.90,3090,14.4000,live_price_metadata:cost_cny,29.55,29.90,2990,-1.00,-3.2362,recalculable_preview_only,preview_only_no_stripe_write
prod_V8vrSwyPdcre4F,price_1U8e04RyM6dRKLtZkoQSmpqZ,MH-CAT-SNR-002,AIM30 貓咪雞肉絲 25g｜AIM30 Cat Shredded Chicken Fillet 25g,Sunrise AIM30,True,True,HKD,one_time,True,1,30.90,3090,14.4000,live_price_metadata:cost_cny,29.55,29.90,2990,-1.00,-3.2362,recalculable_preview_only,preview_only_no_stripe_write
prod_V8vrVGdqH472WR,price_1U8dzYRyM6dRKLtZ80e1VIfP,MH-CAT-SNR-009,AIM30 Karitto Treats 酥脆貓咪零食 牛肉味 25g｜AIM30 Karitto Treats Crispy Cat Treats Beef Flavour 25g,Sunrise AIM30,True,True,HKD,one_time,True,1,30.90,3090,14.4000,live_price_metadata:cost_cny,29.55,29.90,2990,-1.00,-3.2362,recalculable_preview_only,preview_only_no_stripe_write
prod_V8vrYMEciXr909,price_1U8dztRyM6dRKLtZ3WxywbNW,MH-CAT-SNR-015,AIM30 Karitto Treats 酥脆貓咪零食 鮮魚味 80g｜AIM30 Karitto Treats Crispy Cat Treats Fish Flavour 80g,Sunrise AIM30,True,True,HKD,one_time,True,1,118.90,11890,56.0000,live_price_metadata:cost_cny,114.92,115.90,11590,-3.00,-2.5231,recalculable_preview_only,preview_only_no_stripe_write
prod_V8vragc9O6bDre,price_1U8dzdRyM6dRKLtZmYLY5TKe,MH-CAT-SNR-019,AIM30 Karitto Treats 酥脆貓咪零食 金槍魚味 25g｜AIM30 Karitto Treats Crispy Cat Treats Tuna Flavour 25g,Sunrise AIM30,True,True,HKD,one_time,True,1,30.90,3090,14.4000,live_price_metadata:cost_cny,29.55,29.90,2990,-1.00,-3.2362,recalculable_preview_only,preview_only_no_stripe_write
prod_V8vriJ8BqO90r3,price_1U8e01RyM6dRKLtZOgbpOPvb,MH-CAT-SNR-001,AIM30 貓咪鰹魚削節 12g｜AIM30 Cat Bonito Flakes 12g,Sunrise AIM30,True,True,HKD,one_time,True,1,42.90,4290,19.8000,live_price_metadata:cost_cny,40.63,40.90,4090,-2.00,-4.6620,recalculable_preview_only,preview_only_no_stripe_write
prod_V8vrkohKHcwdKL,price_1U8dzNRyM6dRKLtZwBGGo3H9,MH-CAT-SNR-012,AIM30 Karitto Treats 酥脆貓咪零食 雞肉味 25g｜AIM30 Karitto Treats Crispy Cat Treats Chicken Flavour 25g,Sunrise AIM30,True,True,HKD,one_time,True,1,30.90,3090,14.4000,live_price_metadata:cost_cny,29.55,29.90,2990,-1.00,-3.2362,recalculable_preview_only,preview_only_no_stripe_write
prod_V8vro3NAxi0isd,price_1U8e07RyM6dRKLtZMgv8TuPi,MH-CAT-SNR-024,AIM30 貓咪吞拿魚片 30g｜AIM30 Cat Tuna Slices 30g,Sunrise AIM30,True,True,HKD,one_time,True,1,42.90,4290,19.8000,live_price_metadata:cost_cny,40.63,40.90,4090,-2.00,-4.6620,recalculable_preview_only,preview_only_no_stripe_write
prod_V8vrqp1avymNZ9,price_1U8dzTRyM6dRKLtZAzLsio4t,MH-CAT-SNR-021,AIM30 Karitto Treats 酥脆貓咪零食 海鮮味 25g｜AIM30 Karitto Treats Crispy Cat Treats Seafood Flavour 25g,Sunrise AIM30,True,True,HKD,one_time,True,1,30.90,3090,14.4000,live_price_metadata:cost_cny,29.55,29.90,2990,-1.00,-3.2362,recalculable_preview_only,preview_only_no_stripe_write
prod_V8vrsKDQclIgy0,price_1U8dzwRyM6dRKLtZ7ujj8KaR,MH-CAT-SNR-013,AIM30 Karitto Treats 酥脆貓咪零食 雞肉味 80g｜AIM30 Karitto Treats Crispy Cat Treats Chicken Flavour 80g,Sunrise AIM30,True,True,HKD,one_time,True,1,118.90,11890,56.0000,live_price_metadata:cost_cny,114.92,115.90,11590,-3.00,-2.5231,recalculable_preview_only,preview_only_no_stripe_write
prod_V8vrvYaxZ1cxLJ,price_1U8e0DRyM6dRKLtZ7D7Iai7O,MH-CAT-SNR-003,AIM30 Karitto Treats 酥脆貓咪零食 雞肉及蟹肉味 25g｜AIM30 Karitto Treats 酥脆貓咪零食 雞肉及蟹肉味 25g,Sunrise AIM30,True,True,HKD,one_time,True,1,50.90,5090,23.8000,live_price_metadata:cost_cny,48.84,48.90,4890,-2.00,-3.9293,recalculable_preview_only,preview_only_no_stripe_write
prod_V8vrxdYkx6Hq9O,price_1U8dzrRyM6dRKLtZSyj8L3go,MH-CAT-SNR-008,AIM30 Karitto Treats 酥脆貓咪零食 綜合營養吞拿魚味 25g｜AIM30 Karitto Treats Crispy Cat Treats Balanced Nutrition Tuna 25g,Sunrise AIM30,True,True,HKD,one_time,True,1,30.90,3090,14.4000,live_price_metadata:cost_cny,29.55,29.90,2990,-1.00,-3.2362,recalculable_preview_only,preview_only_no_stripe_write
prod_V8vs7g4SLaJWJ3,price_1U8e0LRyM6dRKLtZDV8NlhJy,MH-CAT-SNR-006,AIM30 Karitto Treats 酥脆貓咪零食 吞拿魚及雞肉雙拼綜合包 80g｜AIM30 Karitto Treats 酥脆貓咪零食 吞拿魚及雞肉雙拼綜合包 80g,Sunrise AIM30,True,True,HKD,one_time,True,1,118.90,11890,56.0000,live_price_metadata:cost_cny,114.92,115.90,11590,-3.00,-2.5231,recalculable_preview_only,preview_only_no_stripe_write
prod_V8vsohIxXgEVDb,price_1U8e0NRyM6dRKLtZOs14Trkd,MH-CAT-SNR-007,AIM30 Karitto Treats 酥脆貓咪零食 吞拿魚及三文魚味 25g｜AIM30 Karitto Treats 酥脆貓咪零食 吞拿魚及三文魚味 25g,Sunrise AIM30,True,True,HKD,one_time,True,1,118.90,11890,56.0000,live_price_metadata:cost_cny,114.92,115.90,11590,-3.00,-2.5231,recalculable_preview_only,preview_only_no_stripe_write
prod_V8vsqALfCDaZlZ,price_1U8e0IRyM6dRKLtZYfKTJ5RW,MH-CAT-SNR-005,AIM30 Karitto Treats 酥脆貓咪零食 牧場美味四種綜合包 80g｜AIM30 Karitto Treats 酥脆貓咪零食 牧場美味四種綜合包 80g,Sunrise AIM30,True,True,HKD,one_time,True,1,118.90,11890,56.0000,live_price_metadata:cost_cny,114.92,115.90,11590,-3.00,-2.5231,recalculable_preview_only,preview_only_no_stripe_write
prod_V8xX3586zZhcZt,price_1U8fcMRyM6dRKLtZa6kX1FcS,MH-CAT-MONP-011,"Mon Petit Crispy Kiss 海鮮、芝士及雞肉燒烤味綜合包貓咪小食 144g｜Mon Petit Crispy Kiss Seafood, Cheese and Chicken Grill Variety Pack Cat Treats 144g",Purina Mon Petit,True,True,HKD,one_time,True,1,127.90,12790,59.9000,live_price_metadata:cost_cny,122.92,123.90,12390,-4.00,-3.1274,recalculable_preview_only,preview_only_no_stripe_write
prod_V8xX5m49XGPiSw,price_1U8fcFRyM6dRKLtZeD9cGjwS,MH-CAT-MONP-005,Mon Petit Crispy Kiss 奢華雞肉味貓咪小食 24g｜Mon Petit Crispy Kiss Luxury Chicken Flavour Cat Treats 24g,Purina Mon Petit,True,True,HKD,one_time,True,1,29.90,2990,13.9000,live_price_metadata:cost_cny,28.52,28.90,2890,-1.00,-3.3445,recalculable_preview_only,preview_only_no_stripe_write
prod_V8xXBfCtwPwxjK,price_1U8fcERyM6dRKLtZ463dtKpL,MH-CAT-MONP-006,Mon Petit Crispy Kiss 奢華鮮魚味貓咪小食 24g｜Mon Petit Crispy Kiss Luxury Fish Flavour Cat Treats 24g,Purina Mon Petit,True,True,HKD,one_time,True,1,29.90,2990,13.9000,live_price_metadata:cost_cny,28.52,28.90,2890,-1.00,-3.3445,recalculable_preview_only,preview_only_no_stripe_write
prod_V8xXFw4xx3NEuP,price_1U8fcIRyM6dRKLtZhierJFH2,MH-CAT-MONP-012,Mon Petit Crispy Kiss 海鮮及雞肉綜合包貓咪小食 144g｜Mon Petit Crispy Kiss Seafood and Chicken Variety Pack Cat Treats 144g,Purina Mon Petit,True,True,HKD,one_time,True,1,127.90,12790,59.9000,live_price_metadata:cost_cny,122.92,123.90,12390,-4.00,-3.1274,recalculable_preview_only,preview_only_no_stripe_write
prod_V8xXIokF7G9Er0,price_1U8fc4RyM6dRKLtZnmbBZ59U,MH-CAT-SNR-026,AIM30 室內成貓 鮮魚味乾糧 600g｜AIM30 Indoor Adult Cat Food Fish Flavour 600g,Sunrise AIM30,True,True,HKD,one_time,True,1,356.90,35690,168.0000,live_price_metadata:cost_cny,344.76,344.90,34490,-12.00,-3.3623,recalculable_preview_only,preview_only_no_stripe_write
prod_V8xXLMbKeB2tb9,price_1U8fcDRyM6dRKLtZDd0FVQMW,MH-CAT-MONP-003,Mon Petit Crispy Kiss 鮮魚雞肉貓薄荷味貓咪小食 24g｜Mon Petit Crispy Kiss Fish and Chicken with Catnip Cat Treats 24g,Purina Mon Petit,True,True,HKD,one_time,True,1,29.90,2990,13.9000,live_price_metadata:cost_cny,28.52,28.90,2890,-1.00,-3.3445,recalculable_preview_only,preview_only_no_stripe_write
prod_V8xXM2ONlpEcC3,price_1U8fcNRyM6dRKLtZWtmFsbjT,MH-CAT-MONP-014,Mon Petit Crispy Kiss 真鯛及海鮮綜合包貓咪小食 144g｜Mon Petit Crispy Kiss Snapper and Seafood Assortment Cat Treats 144g,Purina Mon Petit,True,True,HKD,one_time,True,1,127.90,12790,59.9000,live_price_metadata:cost_cny,122.92,123.90,12390,-4.00,-3.1274,recalculable_preview_only,preview_only_no_stripe_write
prod_V8xXMB8UApWAYP,price_1U8fcQRyM6dRKLtZAt0dJH05,MH-CAT-MONP-009,"Mon Petit Crispy Kiss 三文魚、鰹魚及小魚味貓咪小食 30g｜Mon Petit Crispy Kiss Salmon, Bonito and Small Fish Cat Treats 30g",Purina Mon Petit,True,True,HKD,one_time,True,1,29.90,2990,13.9000,live_price_metadata:cost_cny,28.52,28.90,2890,-1.00,-3.3445,recalculable_preview_only,preview_only_no_stripe_write
prod_V8xXMTWORpMyun,price_1U8fcBRyM6dRKLtZpuYulJ4J,MH-CAT-SNR-030,AIM30 室內高齡貓 11 歲以上 鮮魚味乾糧 600g｜AIM30 Indoor Senior Cat Food 11+ Fish Flavour 600g,Sunrise AIM30,True,True,HKD,one_time,True,1,356.90,35690,168.0000,live_price_metadata:cost_cny,344.76,344.90,34490,-12.00,-3.3623,recalculable_preview_only,preview_only_no_stripe_write
prod_V8xXRC7As2ra5W,price_1U8fcHRyM6dRKLtZ0WA7KbpT,MH-CAT-MONP-008,Mon Petit Crispy Kiss 肉類精選綜合包貓咪小食 144g｜Mon Petit Crispy Kiss Meat Selection Variety Pack Cat Treats 144g,Purina Mon Petit,True,True,HKD,one_time,True,1,127.90,12790,59.9000,live_price_metadata:cost_cny,122.92,123.90,12390,-4.00,-3.1274,recalculable_preview_only,preview_only_no_stripe_write
prod_V8xXSx8MWb3Y8D,price_1U8fcGRyM6dRKLtZbNYK0jlM,MH-CAT-MONP-002,Mon Petit Crispy Kiss 芝士及雞肉味貓咪小食 30g｜Mon Petit Crispy Kiss Cheese and Chicken Flavour Cat Treats 30g,Purina Mon Petit,True,True,HKD,one_time,True,1,29.90,2990,13.9000,live_price_metadata:cost_cny,28.52,28.90,2890,-1.00,-3.3445,recalculable_preview_only,preview_only_no_stripe_write
prod_V8xXT4XG39RY4o,price_1U8fc8RyM6dRKLtZkNh900Ke,MH-CAT-SNR-032,AIM30 室內高齡貓 15 歲以上 腎臟健康照護 鮮魚味乾糧 600g｜AIM30 Indoor Senior Cat Food 15+ Kidney Health Care Fish Flavour 600g,Sunrise AIM30,True,True,HKD,one_time,True,1,356.90,35690,168.0000,live_price_metadata:cost_cny,344.76,344.90,34490,-12.00,-3.3623,recalculable_preview_only,preview_only_no_stripe_write
prod_V8xXTyAkIg3YGz,price_1U8fc6RyM6dRKLtZ8UU70tzG,MH-CAT-SNR-033,AIM30 室內高齡貓 15 歲以上 腎臟健康照護 雞肉味乾糧 600g｜AIM30 Indoor Senior Cat Food 15+ Kidney Health Care Chicken Flavour 600g,Sunrise AIM30,True,True,HKD,one_time,True,1,356.90,35690,168.0000,live_price_metadata:cost_cny,344.76,344.90,34490,-12.00,-3.3623,recalculable_preview_only,preview_only_no_stripe_write
prod_V8xXV7x4AmWu89,price_1U8fcRRyM6dRKLtZMvlsOquW,MH-CAT-MONP-007,Mon Petit Crispy Kiss 奢華三文魚味貓咪小食 24g｜Mon Petit Crispy Kiss Luxury Salmon Flavour Cat Treats 24g,Purina Mon Petit,True,True,HKD,one_time,True,1,29.90,2990,13.9000,live_price_metadata:cost_cny,28.52,28.90,2890,-1.00,-3.3445,recalculable_preview_only,preview_only_no_stripe_write
prod_V8xXYKr9wN7Aee,price_1U8fcJRyM6dRKLtZd8RKpg9m,MH-CAT-MONP-004,Mon Petit Crispy Kiss 鮮魚精選貓咪小食 30g｜Mon Petit Crispy Kiss Fish Select Cat Treats 30g,Purina Mon Petit,True,True,HKD,one_time,True,1,29.90,2990,13.9000,live_price_metadata:cost_cny,28.52,28.90,2890,-1.00,-3.3445,recalculable_preview_only,preview_only_no_stripe_write
prod_V8xXZsF0TMS5c8,price_1U8fcORyM6dRKLtZ1yMnnhEK,MH-CAT-MONP-013,"Mon Petit Crispy Kiss 真鯛、鰹魚及小魚高湯味貓咪小食 30g｜Mon Petit Crispy Kiss Snapper, Skipjack Tuna and Small Fish Broth Cat Treats 30g",Purina Mon Petit,True,True,HKD,one_time,True,1,29.90,2990,13.9000,live_price_metadata:cost_cny,28.52,28.90,2890,-1.00,-3.3445,recalculable_preview_only,preview_only_no_stripe_write
prod_V8xXaZ0jwFhqkT,price_1U8fc2RyM6dRKLtZ3lk0Ei43,MH-CAT-SNR-029,AIM30 室內高齡貓 11 歲以上 雞肉味乾糧 600g｜AIM30 Indoor Senior Cat Food 11+ Chicken Flavour 600g,Sunrise AIM30,True,True,HKD,one_time,True,1,356.90,35690,168.0000,live_price_metadata:cost_cny,344.76,344.90,34490,-12.00,-3.3623,recalculable_preview_only,preview_only_no_stripe_write
prod_V8xXmrlDUto85d,price_1U8fcKRyM6dRKLtZsJdoHEu4,MH-CAT-MONP-010,Mon Petit Crispy Kiss 海鮮味貓咪小食 30g｜Mon Petit Crispy Kiss Seafood Flavour Cat Treats 30g,Purina Mon Petit,True,True,HKD,one_time,True,1,29.90,2990,13.9000,live_price_metadata:cost_cny,28.52,28.90,2890,-1.00,-3.3445,recalculable_preview_only,preview_only_no_stripe_write
prod_V8xXn4fyGQ2Iwg,price_1U8fcPRyM6dRKLtZkmzKQFaa,MH-CAT-MONP-001,Mon Petit Crispy Kiss 鰹魚及小魚高湯味貓咪小食 30g｜Mon Petit Crispy Kiss Bonito and Small Fish Broth Cat Treats 30g,Purina Mon Petit,True,True,HKD,one_time,True,1,29.90,2990,13.9000,live_price_metadata:cost_cny,28.52,28.90,2890,-1.00,-3.3445,recalculable_preview_only,preview_only_no_stripe_write
prod_V8xXuAW047ti4v,price_1U8fc3RyM6dRKLtZ8kbEZQmk,MH-CAT-SNR-025,AIM30 室內成貓 雞肉味乾糧 600g｜AIM30 Indoor Adult Cat Food Chicken Flavour 600g,Sunrise AIM30,True,True,HKD,one_time,True,1,356.90,35690,168.0000,live_price_metadata:cost_cny,344.76,344.90,34490,-12.00,-3.3623,recalculable_preview_only,preview_only_no_stripe_write
prod_V8xXwAmye0eVa6,price_1U8fc5RyM6dRKLtZ1foJPEVT,MH-CAT-SNR-027,AIM30 室內成貓 腎臟健康照護 雞肉味乾糧 600g｜AIM30 Indoor Adult Cat Food Kidney Health Care Chicken Flavour 600g,Sunrise AIM30,True,True,HKD,one_time,True,1,222.90,22290,105.0000,live_price_metadata:cost_cny,215.48,215.90,21590,-7.00,-3.1404,recalculable_preview_only,preview_only_no_stripe_write
prod_V8xXwQzwhjo93R,price_1U8fc9RyM6dRKLtZcSJjz0IP,MH-CAT-SNR-031,AIM30 室內高齡貓 15 歲以上 雞肉味乾糧 600g｜AIM30 Indoor Senior Cat Food 15+ Chicken Flavour 600g,Sunrise AIM30,True,True,HKD,one_time,True,1,356.90,35690,168.0000,live_price_metadata:cost_cny,344.76,344.90,34490,-12.00,-3.3623,recalculable_preview_only,preview_only_no_stripe_write
prod_V8xXxYtzIJ6S93,price_1U8fcCRyM6dRKLtZhVXn5d9C,MH-CAT-SNR-028,AIM30 室內已絕育成貓 雞肉味乾糧 1.2kg｜AIM30 Indoor Spayed and Neutered Adult Cat Food Chicken Flavour 1.2kg,Sunrise AIM30,True,True,HKD,one_time,True,1,417.90,41790,197.0000,live_price_metadata:cost_cny,404.28,404.90,40490,-13.00,-3.1108,recalculable_preview_only,preview_only_no_stripe_write
prod_V90y14gfPJNkP3,price_1U8iwpRyM6dRKLtZc7uPsPIp,MH-CAT-CIAO-019,CIAO｜11歲以上鰹魚白肉貓罐頭｜單罐,CIAO,True,True,HKD,one_time,True,1,33.90,3390,15.8000,live_price_metadata:cost_cny,32.42,32.90,3290,-1.00,-2.9499,recalculable_preview_only,preview_only_no_stripe_write
prod_V90yAWxmanLYZk,price_1U8iwxRyM6dRKLtZccf5xxZZ,MH-CAT-CIAO-026,Inaba かつまぐろ｜鮪魚小銀魚貓罐頭｜85g／單罐,Inaba かつまぐろ,True,True,HKD,one_time,True,1,14.90,1490,6.8100,live_price_metadata:cost_cny,13.98,14.90,1490,0.00,0.0000,no_change,preview_only_no_stripe_write
prod_V90yC8a54bE0EL,price_1U8iwsRyM6dRKLtZ9WdAiJhl,MH-CAT-CIAO-022,CIAO｜14歲以上鰹魚柴魚片貓罐頭｜單罐,CIAO,True,True,HKD,one_time,True,1,33.90,3390,15.8000,live_price_metadata:cost_cny,32.42,32.90,3290,-1.00,-2.9499,recalculable_preview_only,preview_only_no_stripe_write
prod_V90yCfcKRyo9ou,price_1U8iwyRyM6dRKLtZS9C8A5Eu,MH-CAT-CIAO-027,Inaba かつまぐろ｜多口味隨機混拼貓罐頭｜85g × 6罐,Inaba かつまぐろ,True,True,HKD,one_time,True,1,62.90,6290,29.4200,live_price_metadata:cost_cny,60.37,60.90,6090,-2.00,-3.1797,recalculable_preview_only,preview_only_no_stripe_write
prod_V90yGkxpp9OU57,price_1U8iwdRyM6dRKLtZ7nW4lVOy,MH-CAT-CIAO-008,CIAO とろみ｜奶油濃湯雞肉鰹魚柴魚片貓罐頭｜單罐,CIAO とろみ,True,True,HKD,one_time,True,1,29.90,2990,13.8000,live_price_metadata:cost_cny,28.32,28.90,2890,-1.00,-3.3445,recalculable_preview_only,preview_only_no_stripe_write
prod_V90yH5bCkLyGYU,price_1U8iwaRyM6dRKLtZbm2N3cUU,MH-CAT-CIAO-006,CIAO とろみ｜下泌尿道配慮雞肉鮪魚扇貝濃湯貓罐頭｜單罐,CIAO とろみ,True,True,HKD,one_time,True,1,25.90,2590,11.8000,live_price_metadata:cost_cny,24.22,24.90,2490,-1.00,-3.8610,recalculable_preview_only,preview_only_no_stripe_write
prod_V90yHSNJqbGEZF,price_1U8iwfRyM6dRKLtZujEk5TUK,MH-CAT-CIAO-010,CIAO とろみ｜14歲以上鮪魚扇貝奶油濃湯貓罐頭｜單罐,CIAO とろみ,True,True,HKD,one_time,True,1,29.90,2990,13.8000,live_price_metadata:cost_cny,28.32,28.90,2890,-1.00,-3.3445,recalculable_preview_only,preview_only_no_stripe_write
prod_V90yHw6lb8trQi,price_1U8iwVRyM6dRKLtZBxhHTGze,MH-CAT-CIAO-002,CIAO とろみ｜鰹魚高湯雞肉鮪魚蟹柳濃湯貓罐頭｜單罐,CIAO とろみ,True,True,HKD,one_time,True,1,29.90,2990,13.8000,live_price_metadata:cost_cny,28.32,28.90,2890,-1.00,-3.3445,recalculable_preview_only,preview_only_no_stripe_write
prod_V90yJbWqkU76Xa,price_1U8iwbRyM6dRKLtZl7K9ejmQ,MH-CAT-CIAO-007,CIAO とろみ｜奶油濃湯雞肉鮪魚蟹柳貓罐頭｜單罐,CIAO とろみ,True,True,HKD,one_time,True,1,25.90,2590,11.8000,live_price_metadata:cost_cny,24.22,24.90,2490,-1.00,-3.8610,recalculable_preview_only,preview_only_no_stripe_write
prod_V90yLEVAaxxHJj,price_1U8iwZRyM6dRKLtZc4a9huRq,MH-CAT-CIAO-005,CIAO とろみ｜鰹魚高湯雞肉鮪魚魷魚濃湯貓罐頭｜單罐,CIAO とろみ,True,True,HKD,one_time,True,1,22.90,2290,10.8000,live_price_metadata:cost_cny,22.16,22.90,2290,0.00,0.0000,no_change,preview_only_no_stripe_write
prod_V90yLm2ySqOvLR,price_1U8iwURyM6dRKLtZvEEuMvIT,MH-CAT-CIAO-001,CIAO とろみ｜鮪魚魷魚濃湯貓罐頭｜單罐,CIAO とろみ,True,True,HKD,one_time,True,1,25.90,2590,11.8000,live_price_metadata:cost_cny,24.22,24.90,2490,-1.00,-3.8610,recalculable_preview_only,preview_only_no_stripe_write
prod_V90yRB01IgVrDV,price_1U8iwqRyM6dRKLtZTZ0TAzAG,MH-CAT-CIAO-020,CIAO｜11歲以上鮪魚白肉貓罐頭｜單罐,CIAO,True,True,HKD,one_time,True,1,33.90,3390,15.8000,live_price_metadata:cost_cny,32.42,32.90,3290,-1.00,-2.9499,recalculable_preview_only,preview_only_no_stripe_write
prod_V90yWGm3mtcreN,price_1U8iwzRyM6dRKLtZ5uUc9AxZ,MH-CAT-CIAO-028,Inaba かつまぐろ｜高齡貓鮪魚貓罐頭｜85g／單罐,Inaba かつまぐろ,True,True,HKD,one_time,True,1,14.90,1490,6.8100,live_price_metadata:cost_cny,13.98,14.90,1490,0.00,0.0000,no_change,preview_only_no_stripe_write
prod_V90yWS8dLSjcn2,price_1U8iwwRyM6dRKLtZ4TVBysAG,MH-CAT-CIAO-025,Inaba かつまぐろ｜鮪魚三文魚貓罐頭｜85g／單罐,Inaba かつまぐろ,True,True,HKD,one_time,True,1,14.90,1490,6.8100,live_price_metadata:cost_cny,13.98,14.90,1490,0.00,0.0000,no_change,preview_only_no_stripe_write
prod_V90yamZYZI7jNF,price_1U8iwXRyM6dRKLtZywWN34fZ,MH-CAT-CIAO-003,CIAO とろみ｜鰹魚高湯雞肉鰹魚扇貝濃湯貓罐頭｜單罐,CIAO とろみ,True,True,HKD,one_time,True,1,22.90,2290,10.8000,live_price_metadata:cost_cny,22.16,22.90,2290,0.00,0.0000,no_change,preview_only_no_stripe_write
prod_V90ygMTkWiOVNg,price_1U8iwYRyM6dRKLtZYbdZDFYL,MH-CAT-CIAO-004,CIAO とろみ｜烤鰹魚雞肉柴魚片濃湯貓罐頭｜單罐,CIAO とろみ,True,True,HKD,one_time,True,1,25.90,2590,11.8000,live_price_metadata:cost_cny,24.22,24.90,2490,-1.00,-3.8610,recalculable_preview_only,preview_only_no_stripe_write
prod_V90yhIRALdzZyY,price_1U8iwtRyM6dRKLtZyY5icJzG,MH-CAT-CIAO-023,Inaba かつまぐろ｜鮪魚雞肉貓罐頭｜85g／單罐,Inaba かつまぐろ,True,True,HKD,one_time,True,1,14.90,1490,6.8100,live_price_metadata:cost_cny,13.98,14.90,1490,0.00,0.0000,no_change,preview_only_no_stripe_write
prod_V90yhouIdri4Ou,price_1U8iweRyM6dRKLtZOPT6WHop,MH-CAT-CIAO-009,CIAO とろみ｜11歲以上鮪魚扇貝奶油濃湯貓罐頭｜單罐,CIAO とろみ,True,True,HKD,one_time,True,1,25.90,2590,11.8000,live_price_metadata:cost_cny,24.22,24.90,2490,-1.00,-3.8610,recalculable_preview_only,preview_only_no_stripe_write
prod_V90yhuy2ZgCVZK,price_1U8iwuRyM6dRKLtZD1NxsXXw,MH-CAT-CIAO-024,Inaba かつまぐろ｜鮪魚貓罐頭｜85g／單罐,Inaba かつまぐろ,True,True,HKD,one_time,True,1,14.90,1490,6.8100,live_price_metadata:cost_cny,13.98,14.90,1490,0.00,0.0000,no_change,preview_only_no_stripe_write
prod_V90yisznvIVXlp,price_1U8iwjRyM6dRKLtZL7hePLZM,MH-CAT-CIAO-014,CIAO｜烤鰹魚鮪魚雞肉貓罐頭｜單罐,CIAO,True,True,HKD,one_time,True,1,33.90,3390,15.8000,live_price_metadata:cost_cny,32.42,32.90,3290,-1.00,-2.9499,recalculable_preview_only,preview_only_no_stripe_write
prod_V90ynvqu5ntnjO,price_1U8iwkRyM6dRKLtZLKkQOBAC,MH-CAT-CIAO-015,CIAO｜雞肉扇貝柱貓罐頭｜單罐,CIAO,True,True,HKD,one_time,True,1,29.90,2990,13.8000,live_price_metadata:cost_cny,28.32,28.90,2890,-1.00,-3.3445,recalculable_preview_only,preview_only_no_stripe_write
prod_V90ynw7GK161mE,price_1U8iwiRyM6dRKLtZDni4Rrvo,MH-CAT-CIAO-013,CIAO｜鰹魚柴魚片貓罐頭｜單罐,CIAO,True,True,HKD,one_time,True,1,29.90,2990,13.8000,live_price_metadata:cost_cny,28.32,28.90,2890,-1.00,-3.3445,recalculable_preview_only,preview_only_no_stripe_write
prod_V90yoyex98iTAW,price_1U8iwrRyM6dRKLtZ3rlOZMIV,MH-CAT-CIAO-021,CIAO｜14歲以上鮪魚白肉小銀魚貓罐頭｜單罐,CIAO,True,True,HKD,one_time,True,1,33.90,3390,15.8000,live_price_metadata:cost_cny,32.42,32.90,3290,-1.00,-2.9499,recalculable_preview_only,preview_only_no_stripe_write
prod_V90yqFB6WTazQ9,price_1U8iwmRyM6dRKLtZY9nLDMUK,MH-CAT-CIAO-017,CIAO｜雞肉蟹柳貓罐頭｜單罐,CIAO,True,True,HKD,one_time,True,1,29.90,2990,13.8000,live_price_metadata:cost_cny,28.32,28.90,2890,-1.00,-3.3445,recalculable_preview_only,preview_only_no_stripe_write
prod_V90yrU6QwJj9H4,price_1U8iwhRyM6dRKLtZedeY1D6y,MH-CAT-CIAO-012,CIAO｜雞肉甜蝦小銀魚貓罐頭｜單罐,CIAO,True,True,HKD,one_time,True,1,29.90,2990,13.8000,live_price_metadata:cost_cny,28.32,28.90,2890,-1.00,-3.3445,recalculable_preview_only,preview_only_no_stripe_write
prod_V90ytLadcfCm8a,price_1U8iwlRyM6dRKLtZUPCtyfo0,MH-CAT-CIAO-016,CIAO｜雞肉蟹柳柴魚片貓罐頭｜單罐,CIAO,True,True,HKD,one_time,True,1,29.90,2990,13.8000,live_price_metadata:cost_cny,28.32,28.90,2890,-1.00,-3.3445,recalculable_preview_only,preview_only_no_stripe_write
prod_V90yxohDmOksl3,price_1U8iwgRyM6dRKLtZWmshq8Qw,MH-CAT-CIAO-011,CIAO｜雞肉烤鰹魚柴魚片貓罐頭｜單罐,CIAO,True,True,HKD,one_time,True,1,27.90,2790,12.8000,live_price_metadata:cost_cny,26.27,26.90,2690,-1.00,-3.5842,recalculable_preview_only,preview_only_no_stripe_write
prod_V90yyLLKXQRQey,price_1U8iwoRyM6dRKLtZP8VcS1tu,MH-CAT-CIAO-018,CIAO｜鮪魚白肉扇貝柱貓罐頭｜單罐,CIAO,True,True,HKD,one_time,True,1,27.90,2790,12.8000,live_price_metadata:cost_cny,26.27,26.90,2690,-1.00,-3.5842,recalculable_preview_only,preview_only_no_stripe_write
