mofu_sku,brand,product_id,price_id,product_name,variant_label_zh,current_hkd,formula_fx_cny_to_hkd,formula_retail_multiplier,implied_cost_cny_baseline,forward_formula_hkd_at_same_fx,price_change_hkd_at_same_fx,data_classification,must_not_write_as,write_action
MH-CAT-CIAO-043,CIAO Premium,prod_V8fe1kWPFBfcKh,price_1U8VfIRyM6dRKLtZYp1aULxk,CIAO Premium｜6種功能性成分 (鰹魚雞胸肉木魚花)｜30g,30g,10.90,1.166,1.76,5.31147668,10.90,0.00,implied_from_current_retail_not_verified_purchase_cost,cost_cny / cny_cost,preview_only_no_stripe_write
MH-CAT-CIAO-044,CIAO Premium,prod_V8feew2ryjD7ql,price_1U8VfGRyM6dRKLtZqnZL6lHd,CIAO Premium｜6種功能性成分 (雞胸肉扇貝味)｜30g,30g,10.90,1.166,1.76,5.31147668,10.90,0.00,implied_from_current_retail_not_verified_purchase_cost,cost_cny / cny_cost,preview_only_no_stripe_write
MH-CAT-CIAO-029,CIAO 炙烤盛宴,prod_V8fduDqyGKiazf,price_1U8VfZRyM6dRKLtZOVHdViM0,CIAO 炙烤盛宴｜香烤鰹魚干瑤柱 (高齡貓用)｜50g,50g,16.90,1.166,1.76,8.23522532,16.90,0.00,implied_from_current_retail_not_verified_purchase_cost,cost_cny / cny_cost,preview_only_no_stripe_write
MH-CAT-CIAO-030,CIAO 炙烤盛宴,prod_V8fd05UFEZNURC,price_1U8VfXRyM6dRKLtZFvN0Equa,CIAO 炙烤盛宴｜香烤扇貝柱 (高齡貓用)｜50g,50g,16.90,1.166,1.76,8.23522532,16.90,0.00,implied_from_current_retail_not_verified_purchase_cost,cost_cny / cny_cost,preview_only_no_stripe_write
MH-CAT-CIAO-031,CIAO 炙烤盛宴,prod_V8fdpmkax4VOq1,price_1U8VfNRyM6dRKLtZ71a6mIuN,CIAO 炙烤盛宴｜扇貝柱正宗高湯｜50g,50g,16.90,1.166,1.76,8.23522532,16.90,0.00,implied_from_current_retail_not_verified_purchase_cost,cost_cny / cny_cost,preview_only_no_stripe_write
MH-CAT-CIAO-032,CIAO 炙烤盛宴,prod_V8fdnUyX0IymBN,price_1U8VfSRyM6dRKLtZeHgrgP2N,CIAO 炙烤盛宴｜烤鰹魚含小銀魚+扇貝柱｜50g,50g,16.90,1.166,1.76,8.23522532,16.90,0.00,implied_from_current_retail_not_verified_purchase_cost,cost_cny / cny_cost,preview_only_no_stripe_write
MH-CAT-CIAO-033,CIAO 炙烤盛宴,prod_V8fep70tdjHDoG,price_1U8VfQRyM6dRKLtZr1rEXVaM,CIAO 炙烤盛宴｜炙烤雞胸肉含蟹肉棒+扇貝柱｜50g,50g,16.90,1.166,1.76,8.23522532,16.90,0.00,implied_from_current_retail_not_verified_purchase_cost,cost_cny / cny_cost,preview_only_no_stripe_write
MH-CAT-CIAO-035,CIAO 炙烤盛宴,prod_V8fe010ZPXAJ1J,price_1U8VfJRyM6dRKLtZYUNbtDOa,CIAO 炙烤盛宴｜化毛呵護鰹魚片扇貝柱｜50g,50g,16.90,1.166,1.76,8.23522532,16.90,0.00,implied_from_current_retail_not_verified_purchase_cost,cost_cny / cny_cost,preview_only_no_stripe_write
MH-CAT-CIAO-036,CIAO 炙烤盛宴,prod_V8fe4RA15lCQZO,price_1U8VfVRyM6dRKLtZhrXqqdFe,CIAO 炙烤盛宴｜雞胸肉扇貝柱｜50g,50g,16.90,1.166,1.76,8.23522532,16.90,0.00,implied_from_current_retail_not_verified_purchase_cost,cost_cny / cny_cost,preview_only_no_stripe_write
MH-CAT-CIAO-039,CIAO 炙烤盛宴,prod_V8fefdYTxUdNva,price_1U8VfaRyM6dRKLtZnd4iwlcL,CIAO 炙烤盛宴｜鰹魚干扇貝味 (香烤風味)｜30g,30g,14.90,1.166,1.76,7.26064244,14.90,0.00,implied_from_current_retail_not_verified_purchase_cost,cost_cny / cny_cost,preview_only_no_stripe_write
MH-CAT-CIAO-040,CIAO 炙烤盛宴,prod_V8feNaBEY6Pn28,price_1U8VfLRyM6dRKLtZ5nEpH6ij,CIAO 炙烤盛宴｜北海道風味扇貝 (香烤風味)｜30g,30g,14.90,1.166,1.76,7.26064244,14.90,0.00,implied_from_current_retail_not_verified_purchase_cost,cost_cny / cny_cost,preview_only_no_stripe_write
MH-CAT-CIAO-041,CIAO 炙烤盛宴,prod_V8fenfKdEjRnr7,price_1U8VfURyM6dRKLtZsfDqR6c3,CIAO 炙烤盛宴｜銀魚扇貝味 (香烤風味)｜30g,30g,14.90,1.166,1.76,7.26064244,14.90,0.00,implied_from_current_retail_not_verified_purchase_cost,cost_cny / cny_cost,preview_only_no_stripe_write
MH-CAT-CIAO-042,CIAO 炙烤盛宴,prod_V8fe3PM27QjYNh,price_1U8VfPRyM6dRKLtZSELHnoX6,CIAO 炙烤盛宴｜正宗高湯味 (香烤風味)｜30g,30g,14.90,1.166,1.76,7.26064244,14.90,0.00,implied_from_current_retail_not_verified_purchase_cost,cost_cny / cny_cost,preview_only_no_stripe_write
MH-CAT-CIAO-034,CIAO 超強乳酸菌,prod_V8feoZ4v72AX1T,price_1U8VfcRyM6dRKLtZmgPvy27P,CIAO 超強乳酸菌｜金槍魚雞肉鰹魚｜40g,40g,12.90,1.166,1.76,6.28605956,12.90,0.00,implied_from_current_retail_not_verified_purchase_cost,cost_cny / cny_cost,preview_only_no_stripe_write
MH-CAT-CIAO-037,CIAO 超強乳酸菌,prod_V8feXQdvRNrV4B,price_1U8VffRyM6dRKLtZQ1rrh41H,CIAO 超強乳酸菌｜鮪魚雞肉柴魚片高湯｜40g,40g,12.90,1.166,1.76,6.28605956,12.90,0.00,implied_from_current_retail_not_verified_purchase_cost,cost_cny / cny_cost,preview_only_no_stripe_write
MH-CAT-CIAO-038,CIAO 超強乳酸菌,prod_V8feeIGBK4DYB1,price_1U8VfdRyM6dRKLtZBZUCAmmJ,CIAO 超強乳酸菌｜雞肉鰹魚干高湯｜40g,40g,12.90,1.166,1.76,6.28605956,12.90,0.00,implied_from_current_retail_not_verified_purchase_cost,cost_cny / cny_cost,preview_only_no_stripe_write
MH-CAT-CMP-001,COMBO Present,prod_V8crHGAsSzl77H,price_1U8VfyRyM6dRKLtZv3pqg3t2,COMBO Present 男生喜歡的口味 魚味 小包｜COMBO Present Boy-Friendly Fish Mini Pack,42g (3g×14包),32.90,1.166,1.76,16.03188835,32.90,0.00,implied_from_current_retail_not_verified_purchase_cost,cost_cny / cny_cost,preview_only_no_stripe_write
MH-CAT-CMP-002,COMBO Present,prod_V8cr9iyVmqUz8O,price_1U8VfwRyM6dRKLtZTi5PY8Go,COMBO Present 潔齒防口臭 混合肉味 小包｜COMBO Present Dental and Breath Care Meat Mini Pack,42g (3g×14包),32.90,1.166,1.76,16.03188835,32.90,0.00,implied_from_current_retail_not_verified_purchase_cost,cost_cny / cny_cost,preview_only_no_stripe_write
MH-CAT-CMP-003,COMBO Present,prod_V8crzRJNuOzt2e,price_1U8VfuRyM6dRKLtZ1Xzbqwgz,COMBO Present 潔齒防口臭 混合海鮮 小包｜COMBO Present Dental and Breath Care Seafood Mini Pack,42g (3g×14包),32.90,1.166,1.76,16.03188835,32.90,0.00,implied_from_current_retail_not_verified_purchase_cost,cost_cny / cny_cost,preview_only_no_stripe_write
MH-CAT-CMP-004,COMBO Present,prod_V8crNNIKOTELSy,price_1U8VftRyM6dRKLtZjUSxlTXX,COMBO Present 潔齒防口臭 三種口味｜COMBO Present Dental and Breath Care Three-Flavour Variety Pack,90g (3g×30包),58.90,1.166,1.76,28.70146577,58.90,0.00,implied_from_current_retail_not_verified_purchase_cost,cost_cny / cny_cost,preview_only_no_stripe_write
MH-CAT-CMP-005,COMBO Present,prod_V8crT5vLCe95hY,price_1U8VgARyM6dRKLtZ6qLx74OA,COMBO Present 腸道環境維持 海鮮 小包｜COMBO Present Digestive Support Seafood Mini Pack,42g (3g×14包),32.90,1.166,1.76,16.03188835,32.90,0.00,implied_from_current_retail_not_verified_purchase_cost,cost_cny / cny_cost,preview_only_no_stripe_write
MH-CAT-CMP-006,COMBO Present,prod_V8cr9ARnvUOKQM,price_1U8Vg8RyM6dRKLtZk2x37iHr,COMBO Present 腸道環境維持 三種口味｜COMBO Present Digestive Support Three-Flavour Variety Pack,90g (3g×30包),58.90,1.166,1.76,28.70146577,58.90,0.00,implied_from_current_retail_not_verified_purchase_cost,cost_cny / cny_cost,preview_only_no_stripe_write
MH-CAT-CMP-007,COMBO Present,prod_V8cr9Jv6Ewv0ui,price_1U8VfoRyM6dRKLtZD0xQ0o0K,COMBO Present 女生喜歡口味 混合海鮮 小包｜COMBO Present Girl-Friendly Seafood Mini Pack,42g (3g×14包),32.90,1.166,1.76,16.03188835,32.90,0.00,implied_from_current_retail_not_verified_purchase_cost,cost_cny / cny_cost,preview_only_no_stripe_write
MH-CAT-CMP-008,COMBO Present,prod_V8crpeVGxpASKY,price_1U8VfmRyM6dRKLtZmIZuJdnn,COMBO Present 化毛配方 混合海鮮 小包｜COMBO Present Hairball Care Seafood Mini Pack,42g (3g×14包),32.90,1.166,1.76,16.03188835,32.90,0.00,implied_from_current_retail_not_verified_purchase_cost,cost_cny / cny_cost,preview_only_no_stripe_write
MH-CAT-CMP-009,COMBO Present,prod_V8crrguHp5YAXt,price_1U8VfkRyM6dRKLtZyi6EfUZn,COMBO Present 免疫力維持 海鮮 小包｜COMBO Present Immune Support Seafood Mini Pack,42g (3g×14包),32.90,1.166,1.76,16.03188835,32.90,0.00,implied_from_current_retail_not_verified_purchase_cost,cost_cny / cny_cost,preview_only_no_stripe_write
MH-CAT-CMP-010,COMBO Present,prod_V8cr2Q8hiWwniV,price_1U8VfiRyM6dRKLtZUsusaDXK,COMBO Present 免疫力維持 三種口味｜COMBO Present Immune Support Three-Flavour Variety Pack,90g (3g×30包),58.90,1.166,1.76,28.70146577,58.90,0.00,implied_from_current_retail_not_verified_purchase_cost,cost_cny / cny_cost,preview_only_no_stripe_write
MH-CAT-CMP-011,COMBO Present,prod_V8croZ9K3Kppbf,price_1U8VfrRyM6dRKLtZUS6x0qQo,COMBO Present 室內貓化毛 三種口味｜COMBO Present Indoor Cat Hairball Care Three-Flavour Variety Pack,90g (3g×30包),58.90,1.166,1.76,28.70146577,58.90,0.00,implied_from_current_retail_not_verified_purchase_cost,cost_cny / cny_cost,preview_only_no_stripe_write
MH-CAT-CMP-012,COMBO Present,prod_V8crhpakrZfoXD,price_1U8VfqRyM6dRKLtZkB11qUqD,COMBO Present 室內貓 金槍魚 小包｜COMBO Present Indoor Cat Tuna Mini Pack,42g (3g×14包),32.90,1.166,1.76,16.03188835,32.90,0.00,implied_from_current_retail_not_verified_purchase_cost,cost_cny / cny_cost,preview_only_no_stripe_write
MH-CAT-CMP-013,COMBO Present,prod_V8crtmrNegpX6C,price_1U8Vg5RyM6dRKLtZqlVvcVTl,COMBO Present 維護腎臟 混合肉味 小包｜COMBO Present Kidney Health Support Meat Mini Pack,42g (3g×14包),32.90,1.166,1.76,16.03188835,32.90,0.00,implied_from_current_retail_not_verified_purchase_cost,cost_cny / cny_cost,preview_only_no_stripe_write
MH-CAT-CMP-014,COMBO Present,prod_V8crvbMiPxxJvt,price_1U8Vg3RyM6dRKLtZqTxXdIMe,COMBO Present 維護腎臟 混合海鮮 小包｜COMBO Present Kidney Health Support Seafood Mini Pack,42g (3g×14包),32.90,1.166,1.76,16.03188835,32.90,0.00,implied_from_current_retail_not_verified_purchase_cost,cost_cny / cny_cost,preview_only_no_stripe_write
MH-CAT-CMP-015,COMBO Present,prod_V8crErEJilA30r,price_1U8Vg7RyM6dRKLtZaWtSwItm,COMBO Present 維護腎臟配方 三種口味｜COMBO Present Kidney Health Support Three-Flavour Variety Pack,90g (3g×30包),58.90,1.166,1.76,28.70146577,58.90,0.00,implied_from_current_retail_not_verified_purchase_cost,cost_cny / cny_cost,preview_only_no_stripe_write
MH-CAT-CMP-016,COMBO Present,prod_V8crzn01d7SXcg,price_1U8VfhRyM6dRKLtZQxO4fpuu,COMBO Present 低脂絕育貓 混合海鮮 小包｜COMBO Present Low-Fat Neutered Cat Seafood Mini Pack,42g (3g×14包),32.90,1.166,1.76,16.03188835,32.90,0.00,implied_from_current_retail_not_verified_purchase_cost,cost_cny / cny_cost,preview_only_no_stripe_write
MH-CAT-CMP-017,COMBO Present,prod_V8cr8kOWyjP3g1,price_1U8Vg0RyM6dRKLtZALUmo5Pt,COMBO Present 維護泌尿 混合海鮮 小包｜COMBO Present Urinary Health Support Seafood Mini Pack,42g (3g×14包),32.90,1.166,1.76,16.03188835,32.90,0.00,implied_from_current_retail_not_verified_purchase_cost,cost_cny / cny_cost,preview_only_no_stripe_write
MH-CAT-CMP-018,COMBO Present,prod_V8crKsH08GDJxM,price_1U8Vg1RyM6dRKLtZnRYfKHeX,COMBO Present 維護泌尿配方 三種口味｜COMBO Present Urinary Health Support Three-Flavour Variety Pack,90g (3g×30包),58.90,1.166,1.76,28.70146577,58.90,0.00,implied_from_current_retail_not_verified_purchase_cost,cost_cny / cny_cost,preview_only_no_stripe_write
MH-DOG-DGM-001,DoggyMan,prod_V8cru9Bp0V6puG,price_1U8VgDRyM6dRKLtZ24NTG3uj,DoggyMan 爆漿夾心卷（雞肝）｜DoggyMan Creamy Chicken Liver Roll Treats,30g,45.90,1.166,1.76,22.36667706,45.90,0.00,implied_from_current_retail_not_verified_purchase_cost,cost_cny / cny_cost,preview_only_no_stripe_write
MH-DOG-DGM-002,DoggyMan,prod_V8cr46ftMdO2E3,price_1U8VgBRyM6dRKLtZv2Xk9e47,DoggyMan 爆漿夾心卷（雞肉）｜DoggyMan Creamy Chicken Roll Treats,30g,45.90,1.166,1.76,22.36667706,45.90,0.00,implied_from_current_retail_not_verified_purchase_cost,cost_cny / cny_cost,preview_only_no_stripe_write
MH-CAT-MCK-001,Mamacook,prod_V8W0oLt83VbMEB,price_1U8VgvRyM6dRKLtZh8vgbQgO,三文魚 17g (預定),單一規格,106.90,1.166,1.76,52.09145485,106.90,0.00,implied_from_current_retail_not_verified_purchase_cost,cost_cny / cny_cost,preview_only_no_stripe_write
MH-CAT-MCK-002,Mamacook,prod_V8W0n6wDbyKpya,price_1U8VgxRyM6dRKLtZMYRg7EId,圓粒雞里脊 18g (現貨 / 賞味 28.01),單一規格,64.90,1.166,1.76,31.62521440,64.90,0.00,implied_from_current_retail_not_verified_purchase_cost,cost_cny / cny_cost,preview_only_no_stripe_write
MH-CAT-MCK-003,Mamacook,prod_V8W0BWVdW0bKlr,price_1U8VgzRyM6dRKLtZMgGqC4Ob,扇貝 11g (現貨 / 27.01.15),單一規格,78.90,1.166,1.76,38.44729455,78.90,0.00,implied_from_current_retail_not_verified_purchase_cost,cost_cny / cny_cost,preview_only_no_stripe_write
MH-CAT-MCK-004,Mamacook,prod_V8W0eQFDHSCPxC,price_1U8VhERyM6dRKLtZRJUYIode,牛大腿肉 17g (現貨 / 2027.12.01),單一規格,82.90,1.166,1.76,40.39646031,82.90,0.00,implied_from_current_retail_not_verified_purchase_cost,cost_cny / cny_cost,preview_only_no_stripe_write
MH-CAT-MCK-005,Mamacook,prod_V8W0xHzc6tqf3B,price_1U8VhORyM6dRKLtZaHHmw4vx,胡瓜魚凍干 10g (預定),單一規格,80.90,1.166,1.76,39.42187743,80.90,0.00,implied_from_current_retail_not_verified_purchase_cost,cost_cny / cny_cost,preview_only_no_stripe_write
MH-CAT-MCK-006,Mamacook,prod_V8W0fChA9h4VNq,price_1U8VhQRyM6dRKLtZcmZ9StPG,虹鱒魚 15g (現貨 / 賞味 27.5),單一規格,80.90,1.166,1.76,39.42187743,80.90,0.00,implied_from_current_retail_not_verified_purchase_cost,cost_cny / cny_cost,preview_only_no_stripe_write
MH-CAT-MCK-007,Mamacook,prod_V8W0DDhtV271xl,price_1U8VhSRyM6dRKLtZMdg6lgBN,豬大腿肉 20g (預定),單一規格,73.90,1.166,1.76,36.01083736,73.90,0.00,implied_from_current_retail_not_verified_purchase_cost,cost_cny / cny_cost,preview_only_no_stripe_write
MH-CAT-MCK-008,Mamacook,prod_V8W0LKmYo2bfxf,price_1U8VhTRyM6dRKLtZCXZk7rs1,豬心 25g (預定 (缺貨)),單一規格,75.90,1.166,1.76,36.98542024,75.90,0.00,implied_from_current_retail_not_verified_purchase_cost,cost_cny / cny_cost,preview_only_no_stripe_write
MH-CAT-MCK-009,Mamacook,prod_V8W0mdB77ZJc5M,price_1U8VhVRyM6dRKLtZ2SNCvfDD,金槍魚 14g (預定),單一規格,80.90,1.166,1.76,39.42187743,80.90,0.00,implied_from_current_retail_not_verified_purchase_cost,cost_cny / cny_cost,preview_only_no_stripe_write
MH-CAT-MCK-010,Mamacook,prod_V8W073h3MHqGhr,price_1U8VhXRyM6dRKLtZpnl8JDZN,銀魚 10g (預定),單一規格,78.90,1.166,1.76,38.44729455,78.90,0.00,implied_from_current_retail_not_verified_purchase_cost,cost_cny / cny_cost,preview_only_no_stripe_write
MH-CAT-MCK-011,Mamacook,prod_V8VzG9Cs8B2Rjb,price_1U8VhhRyM6dRKLtZreAjaaqG,雞胸肉 150g (現貨 / 賞味 27.10),單一規格,262.90,1.166,1.76,128.10891938,262.90,0.00,implied_from_current_retail_not_verified_purchase_cost,cost_cny / cny_cost,preview_only_no_stripe_write
MH-CAT-MCK-012,Mamacook,prod_V8VzTooOH64y65,price_1U8VhiRyM6dRKLtZcE0BERx5,雞胸肉 30g (現貨 / 賞味 28.01),單一規格,77.90,1.166,1.76,37.96000311,77.90,0.00,implied_from_current_retail_not_verified_purchase_cost,cost_cny / cny_cost,preview_only_no_stripe_write
MH-CAT-MCK-013,Mamacook,prod_V8W07sgetW5UqK,price_1U8VhkRyM6dRKLtZzV6cvj1O,雞胸肉碎沫凍干粉拌飯 (現貨 / 2027.11.17),單一規格,75.90,1.166,1.76,36.98542024,75.90,0.00,implied_from_current_retail_not_verified_purchase_cost,cost_cny / cny_cost,preview_only_no_stripe_write
MH-CAT-MCK-014,Mamacook,prod_V8W0oMeIOyFLhp,price_1U8Ey0RyM6dRKLtZea02ekZN,雞胸肉雞肝凍干 120g (現貨 / 27.07),單一規格,250.90,1.166,1.76,122.26142211,250.90,0.00,implied_from_current_retail_not_verified_purchase_cost,cost_cny / cny_cost,preview_only_no_stripe_write
MH-CAT-MCK-015,Mamacook,prod_V8VzYLI6mgAR3P,price_1U8VhmRyM6dRKLtZQLMUjgZb,雞胸肉雞肝凍干 18g (預定),單一規格,62.90,1.166,1.76,30.65063152,62.90,0.00,implied_from_current_retail_not_verified_purchase_cost,cost_cny / cny_cost,preview_only_no_stripe_write
MH-CAT-MCK-016,Mamacook,prod_V8W06fowHsMOSF,price_1U8Ey3RyM6dRKLtZ4nscQPyL,雞胸肉雞肫凍干 120g (現貨 / 2027.04.03),單一規格,250.90,1.166,1.76,122.26142211,250.90,0.00,implied_from_current_retail_not_verified_purchase_cost,cost_cny / cny_cost,preview_only_no_stripe_write
MH-CAT-MCK-017,Mamacook,prod_V8W072ieTWyOZ7,price_1U8VhoRyM6dRKLtZEPUbvHtX,雞胸肉雞肫凍干 18g (現貨 / 2027.04.25),單一規格,62.90,1.166,1.76,30.65063152,62.90,0.00,implied_from_current_retail_not_verified_purchase_cost,cost_cny / cny_cost,preview_only_no_stripe_write
MH-CAT-MCK-018,Mamacook,prod_V8Vz4r6kx51OK2,price_1U8VhrRyM6dRKLtZCmbpVwO6,雞里脊 150g (現貨 / 2027.11.30),單一規格,262.90,1.166,1.76,128.10891938,262.90,0.00,implied_from_current_retail_not_verified_purchase_cost,cost_cny / cny_cost,preview_only_no_stripe_write
MH-CAT-MCK-019,Mamacook,prod_V8VzICRXhFqVtH,price_1U8VhsRyM6dRKLtZxrrjuIFL,雞里脊 30g (預定),單一規格,77.90,1.166,1.76,37.96000311,77.90,0.00,implied_from_current_retail_not_verified_purchase_cost,cost_cny / cny_cost,preview_only_no_stripe_write
MH-CAT-MCK-020,Mamacook,prod_V8W0OgEY0HBtlD,price_1U8VhuRyM6dRKLtZgTSXTyfh,雞里脊碎沫凍干粉拌飯 (預定),單一規格,90.90,1.166,1.76,44.29479182,90.90,0.00,implied_from_current_retail_not_verified_purchase_cost,cost_cny / cny_cost,preview_only_no_stripe_write
MH-DOG-MCK-001,Mamacook,prod_V8W0gp0Oink4Cg,price_1U8VhpRyM6dRKLtZBDNjC1P3,雞里脊 150g (犬用) (現貨 / 2027.11.11),單一規格,257.90,1.166,1.76,125.67246218,257.90,0.00,implied_from_current_retail_not_verified_purchase_cost,cost_cny / cny_cost,preview_only_no_stripe_write
MH-DOG-IRIS-001,ONE CARE,prod_V8Zo9dzijaQ39p,price_1U8VhFRyM6dRKLtZwbD6Db3k,牛肉口味罐頭（Beef）,5罐裝,45.90,1.166,1.76,22.36667706,45.90,0.00,implied_from_current_retail_not_verified_purchase_cost,cost_cny / cny_cost,preview_only_no_stripe_write
MH-DOG-IRIS-001,ONE CARE,prod_V8Zo9dzijaQ39p,price_1U8VhHRyM6dRKLtZz2uFya7W,牛肉口味罐頭（Beef）,15罐裝,98.90,1.166,1.76,48.19312334,98.90,0.00,implied_from_current_retail_not_verified_purchase_cost,cost_cny / cny_cost,preview_only_no_stripe_write
MH-DOG-IRIS-001,ONE CARE,prod_V8Zo9dzijaQ39p,price_1U8VhIRyM6dRKLtZM1d1iDY5,牛肉口味罐頭（Beef）,30罐裝,188.90,1.166,1.76,92.04935287,188.90,0.00,implied_from_current_retail_not_verified_purchase_cost,cost_cny / cny_cost,preview_only_no_stripe_write
MH-DOG-IRIS-002,ONE CARE,prod_V8ZodBXbffvz6o,price_1U8VhdRyM6dRKLtZcp5X8ifb,雞肝口味罐頭（Chicken Liver）,5罐裝,45.90,1.166,1.76,22.36667706,45.90,0.00,implied_from_current_retail_not_verified_purchase_cost,cost_cny / cny_cost,preview_only_no_stripe_write
MH-DOG-IRIS-002,ONE CARE,prod_V8ZodBXbffvz6o,price_1U8VheRyM6dRKLtZFEetoprF,雞肝口味罐頭（Chicken Liver）,15罐裝,98.90,1.166,1.76,48.19312334,98.90,0.00,implied_from_current_retail_not_verified_purchase_cost,cost_cny / cny_cost,preview_only_no_stripe_write
MH-DOG-IRIS-002,ONE CARE,prod_V8ZodBXbffvz6o,price_1U8VhgRyM6dRKLtZXSGwxJUo,雞肝口味罐頭（Chicken Liver）,30罐裝,188.90,1.166,1.76,92.04935287,188.90,0.00,implied_from_current_retail_not_verified_purchase_cost,cost_cny / cny_cost,preview_only_no_stripe_write
MH-DOG-IRIS-003,ONE CARE,prod_V8ZpDXl9RWMDbc,price_1U8VhYRyM6dRKLtZGsnu90Cl,雞肉口味罐頭（Chicken）,5罐裝,45.90,1.166,1.76,22.36667706,45.90,0.00,implied_from_current_retail_not_verified_purchase_cost,cost_cny / cny_cost,preview_only_no_stripe_write
MH-DOG-IRIS-003,ONE CARE,prod_V8ZpDXl9RWMDbc,price_1U8VhaRyM6dRKLtZDuPhfSTS,雞肉口味罐頭（Chicken）,15罐裝,98.90,1.166,1.76,48.19312334,98.90,0.00,implied_from_current_retail_not_verified_purchase_cost,cost_cny / cny_cost,preview_only_no_stripe_write
MH-DOG-IRIS-003,ONE CARE,prod_V8ZpDXl9RWMDbc,price_1U8VhbRyM6dRKLtZwAu2ieZo,雞肉口味罐頭（Chicken）,30罐裝,188.90,1.166,1.76,92.04935287,188.90,0.00,implied_from_current_retail_not_verified_purchase_cost,cost_cny / cny_cost,preview_only_no_stripe_write
MH-DOG-IRIS-004,ONE CARE,prod_V8ZoNtJinLFNNG,price_1U8Vh1RyM6dRKLtZ2pb9imkA,新款 2個口味拼罐頭（New 2-Flavor Mix）,5罐裝,45.90,1.166,1.76,22.36667706,45.90,0.00,implied_from_current_retail_not_verified_purchase_cost,cost_cny / cny_cost,preview_only_no_stripe_write
MH-DOG-IRIS-004,ONE CARE,prod_V8ZoNtJinLFNNG,price_1U8Vh2RyM6dRKLtZ0lZlFrKf,新款 2個口味拼罐頭（New 2-Flavor Mix）,15罐裝,108.90,1.166,1.76,53.06603773,108.90,0.00,implied_from_current_retail_not_verified_purchase_cost,cost_cny / cny_cost,preview_only_no_stripe_write
MH-DOG-IRIS-004,ONE CARE,prod_V8ZoNtJinLFNNG,price_1U8Vh4RyM6dRKLtZAatzUjjE,新款 2個口味拼罐頭（New 2-Flavor Mix）,30罐裝,198.90,1.166,1.76,96.92226726,198.90,0.00,implied_from_current_retail_not_verified_purchase_cost,cost_cny / cny_cost,preview_only_no_stripe_write
MH-DOG-IRIS-005,ONE CARE,prod_V8ZoJ2fwrBOiHL,price_1U8Vh5RyM6dRKLtZbYoXHN33,新款牛肉米飯罐頭（New Beef & Rice）,5罐裝,45.90,1.166,1.76,22.36667706,45.90,0.00,implied_from_current_retail_not_verified_purchase_cost,cost_cny / cny_cost,preview_only_no_stripe_write
MH-DOG-IRIS-005,ONE CARE,prod_V8ZoJ2fwrBOiHL,price_1U8Vh7RyM6dRKLtZJXZ94rLD,新款牛肉米飯罐頭（New Beef & Rice）,15罐裝,98.90,1.166,1.76,48.19312334,98.90,0.00,implied_from_current_retail_not_verified_purchase_cost,cost_cny / cny_cost,preview_only_no_stripe_write
MH-DOG-IRIS-005,ONE CARE,prod_V8ZoJ2fwrBOiHL,price_1U8Vh8RyM6dRKLtZHSPJQw7B,新款牛肉米飯罐頭（New Beef & Rice）,30罐裝,188.90,1.166,1.76,92.04935287,188.90,0.00,implied_from_current_retail_not_verified_purchase_cost,cost_cny / cny_cost,preview_only_no_stripe_write
MH-DOG-IRIS-006,ONE CARE,prod_V8ZorEO6daplRl,price_1U8VhARyM6dRKLtZCksW5NjG,新款牛肉蔬菜罐頭（New Beef & Vegetables）,5罐裝,45.90,1.166,1.76,22.36667706,45.90,0.00,implied_from_current_retail_not_verified_purchase_cost,cost_cny / cny_cost,preview_only_no_stripe_write
MH-DOG-IRIS-006,ONE CARE,prod_V8ZorEO6daplRl,price_1U8VhBRyM6dRKLtZULSmUBud,新款牛肉蔬菜罐頭（New Beef & Vegetables）,15罐裝,98.90,1.166,1.76,48.19312334,98.90,0.00,implied_from_current_retail_not_verified_purchase_cost,cost_cny / cny_cost,preview_only_no_stripe_write
MH-DOG-IRIS-006,ONE CARE,prod_V8ZorEO6daplRl,price_1U8VhCRyM6dRKLtZbmo2rOZf,新款牛肉蔬菜罐頭（New Beef & Vegetables）,30罐裝,188.90,1.166,1.76,92.04935287,188.90,0.00,implied_from_current_retail_not_verified_purchase_cost,cost_cny / cny_cost,preview_only_no_stripe_write
MH-DOG-IRIS-007,ONE CARE,prod_V8ZpWi2bc00Aty,price_1U8VhKRyM6dRKLtZ1BP6Yc7u,白身魚口味罐頭（White Fish）,5罐裝,45.90,1.166,1.76,22.36667706,45.90,0.00,implied_from_current_retail_not_verified_purchase_cost,cost_cny / cny_cost,preview_only_no_stripe_write
MH-DOG-IRIS-007,ONE CARE,prod_V8ZpWi2bc00Aty,price_1U8VhLRyM6dRKLtZCwjfhbdt,白身魚口味罐頭（White Fish）,15罐裝,98.90,1.166,1.76,48.19312334,98.90,0.00,implied_from_current_retail_not_verified_purchase_cost,cost_cny / cny_cost,preview_only_no_stripe_write
MH-DOG-IRIS-007,ONE CARE,prod_V8ZpWi2bc00Aty,price_1U8VhNRyM6dRKLtZyBD2uK6n,白身魚口味罐頭（White Fish）,30罐裝,188.90,1.166,1.76,92.04935287,188.90,0.00,implied_from_current_retail_not_verified_purchase_cost,cost_cny / cny_cost,preview_only_no_stripe_write
MH-CAT-CIAO-045,Vet’s Labo,prod_V8feViin1yPowA,price_1U8VgJRyM6dRKLtZ4V7rcIn2,Vet's Labo｜MediMousse 腸胃呵護慕斯｜95g,95g,38.90,1.166,1.76,18.95563698,38.90,0.00,implied_from_current_retail_not_verified_purchase_cost,cost_cny / cny_cost,preview_only_no_stripe_write
MH-CAT-CIAO-046,Vet’s Labo,prod_V8fexvyuSOogz8,price_1U8VgFRyM6dRKLtZy9DpjTcg,Vet's Labo｜MediMousse 健康支持慕斯｜95g,95g,38.90,1.166,1.76,18.95563698,38.90,0.00,implied_from_current_retail_not_verified_purchase_cost,cost_cny / cny_cost,preview_only_no_stripe_write
MH-CAT-CIAO-047,Vet’s Labo,prod_V8feexDq7xAidn,price_1U8VgIRyM6dRKLtZ5N8bJkjF,Vet's Labo｜MediMousse 皮膚維護慕斯｜95g,95g,38.90,1.166,1.76,18.95563698,38.90,0.00,implied_from_current_retail_not_verified_purchase_cost,cost_cny / cny_cost,preview_only_no_stripe_write
MH-CAT-CIAO-048,Vet’s Labo,prod_V8fe6YUsIrEf8Q,price_1U8VgGRyM6dRKLtZXOrz5nwX,Vet's Labo｜MediMousse 減肥減脂慕斯｜95g,95g,38.90,1.166,1.76,18.95563698,38.90,0.00,implied_from_current_retail_not_verified_purchase_cost,cost_cny / cny_cost,preview_only_no_stripe_write
MH-DOG-DBF-001,d.b.f,prod_V8e1g0toA5TEk7,price_1U8VghRyM6dRKLtZxGwSE72f,d.b.f 雞肉軟骨｜d.b.f Chicken Breast & Cartilage Dog Can 85g,85g,27.90,1.166,1.76,13.59543115,27.90,0.00,implied_from_current_retail_not_verified_purchase_cost,cost_cny / cny_cost,preview_only_no_stripe_write
MH-DOG-DBF-002,d.b.f,prod_V8e1ExxiCmg67D,price_1U8VgkRyM6dRKLtZ3NUks8VZ,d.b.f 雞胸肉&奶酪｜d.b.f Chicken Breast & Cheese Dog Can 85g,85g,27.90,1.166,1.76,13.59543115,27.90,0.00,implied_from_current_retail_not_verified_purchase_cost,cost_cny / cny_cost,preview_only_no_stripe_write
MH-DOG-DBF-003,d.b.f,prod_V8e1MyE7x9BZDl,price_1U8VglRyM6dRKLtZJSyEL0xC,d.b.f 雞胸肉濃湯｜d.b.f Chicken Breast in Soup Dog Can 85g,85g,27.90,1.166,1.76,13.59543115,27.90,0.00,implied_from_current_retail_not_verified_purchase_cost,cost_cny / cny_cost,preview_only_no_stripe_write
MH-DOG-DBF-004,d.b.f,prod_V8e1qzONSyt8ru,price_1U8VgaRyM6dRKLtZ506eApli,d.b.f 雞肉&芝士｜d.b.f Chicken & Cheese Adult Dog Can 85g,85g,27.90,1.166,1.76,13.59543115,27.90,0.00,implied_from_current_retail_not_verified_purchase_cost,cost_cny / cny_cost,preview_only_no_stripe_write
MH-DOG-DBF-005,d.b.f,prod_V8e1XhfhroMZtV,price_1U8VgbRyM6dRKLtZlxvYMDLR,d.b.f 雞肉&蔬菜｜d.b.f Chicken & Vegetables Adult Dog Can 85g,85g,27.90,1.166,1.76,13.59543115,27.90,0.00,implied_from_current_retail_not_verified_purchase_cost,cost_cny / cny_cost,preview_only_no_stripe_write
MH-DOG-DBF-006,d.b.f,prod_V8e1nNRuozpeTU,price_1U8VgSRyM6dRKLtZs3ZbrVza,d.b.f 牛肉&軟骨｜d.b.f Beef & Cartilage Dog Can 85g,85g,27.90,1.166,1.76,13.59543115,27.90,0.00,implied_from_current_retail_not_verified_purchase_cost,cost_cny / cny_cost,preview_only_no_stripe_write
MH-DOG-DBF-007,d.b.f,prod_V8e1Jgdnr9v8HM,price_1U8VgVRyM6dRKLtZ7gyPlKxI,d.b.f 牛肉糜｜d.b.f Beef Mince Dog Can 65g,65g,26.90,1.166,1.76,13.10813971,26.90,0.00,implied_from_current_retail_not_verified_purchase_cost,cost_cny / cny_cost,preview_only_no_stripe_write
MH-DOG-DBF-008,d.b.f,prod_V8e143elQIOfMM,price_1U8VgYRyM6dRKLtZxDR4pp7h,d.b.f 雞肉&紅薯小粒｜d.b.f Chicken & Sweet Potato Adult Dog Can 85g,85g,27.90,1.166,1.76,13.59543115,27.90,0.00,implied_from_current_retail_not_verified_purchase_cost,cost_cny / cny_cost,preview_only_no_stripe_write
MH-DOG-DBF-009,d.b.f,prod_V8e1Y4NZgoH3mG,price_1U8VgiRyM6dRKLtZPBByowjt,d.b.f 雞肉雞胗濃湯｜d.b.f Chicken Breast & Gizzard Soup Dog Can 85g,85g,27.90,1.166,1.76,13.59543115,27.90,0.00,implied_from_current_retail_not_verified_purchase_cost,cost_cny / cny_cost,preview_only_no_stripe_write
MH-DOG-DBF-010,d.b.f,prod_V8e1qdj8efQTs9,price_1U8MjuRyM6dRKLtZgrVX9mqI,d.b.f 雞肉糜｜d.b.f Chicken Mince Dog Can 65g,65g,22.90,1.166,1.76,11.15897395,22.90,0.00,implied_from_current_retail_not_verified_purchase_cost,cost_cny / cny_cost,preview_only_no_stripe_write
MH-DOG-DBF-011,d.b.f,prod_V8e1EgYIqCWkcb,price_1U8VgORyM6dRKLtZZ3aglbbL,d.b.f 成犬之食事 雞肉軟骨｜d.b.f Adult Dog Meal Chicken & Cartilage 85g,85g,27.90,1.166,1.76,13.59543115,27.90,0.00,implied_from_current_retail_not_verified_purchase_cost,cost_cny / cny_cost,preview_only_no_stripe_write
MH-DOG-DBF-012,d.b.f,prod_V8e2wynYC6XsBo,price_1U8VgLRyM6dRKLtZAGauubws,d.b.f 成犬之食事 雞肉紅薯｜d.b.f Adult Dog Meal Chicken & Sweet Potato 85g,85g,27.90,1.166,1.76,13.59543115,27.90,0.00,implied_from_current_retail_not_verified_purchase_cost,cost_cny / cny_cost,preview_only_no_stripe_write
MH-DOG-DBF-013,d.b.f,prod_V8e2eck5fdwDtP,price_1U8VgNRyM6dRKLtZQs8turyO,d.b.f 成犬之食事 雞肉蔬菜｜d.b.f Adult Dog Meal Chicken & Vegetables 85g,85g,27.90,1.166,1.76,13.59543115,27.90,0.00,implied_from_current_retail_not_verified_purchase_cost,cost_cny / cny_cost,preview_only_no_stripe_write
MH-DOG-DBF-014,d.b.f,prod_V8e2hvyqfhk59B,price_1U8VgrRyM6dRKLtZQQyAMw9r,d.b.f 高齡犬之食事 雞肉紅薯 (7歲及以上)｜d.b.f Senior Dog Meal Chicken & Sweet Potato 85g,85g,27.90,1.166,1.76,13.59543115,27.90,0.00,implied_from_current_retail_not_verified_purchase_cost,cost_cny / cny_cost,preview_only_no_stripe_write
MH-DOG-DBF-015,d.b.f,prod_V8e2hyOUdfOwnM,price_1U8VgXRyM6dRKLtZ1809VYTH,d.b.f 牛肉紅薯｜d.b.f Beef & Sweet Potato Dog Can 85g,85g,31.90,1.166,1.76,15.54459691,31.90,0.00,implied_from_current_retail_not_verified_purchase_cost,cost_cny / cny_cost,preview_only_no_stripe_write
MH-DOG-DBF-016,d.b.f,prod_V8e22XlcOMIRus,price_1U8VgpRyM6dRKLtZtyzfIREm,d.b.f 高齡犬之食事 雞肉 (7歲及以上)｜d.b.f Senior Dog Meal Chicken 85g,85g,27.90,1.166,1.76,13.59543115,27.90,0.00,implied_from_current_retail_not_verified_purchase_cost,cost_cny / cny_cost,preview_only_no_stripe_write
MH-DOG-DBF-017,d.b.f,prod_V8e2oW8u6WCtg5,price_1U8VgsRyM6dRKLtZZdvsRHV7,d.b.f 高齡犬之食事 雞肉蔬菜 (7歲及以上)｜d.b.f Senior Dog Meal Chicken & Vegetables 85g,85g,27.90,1.166,1.76,13.59543115,27.90,0.00,implied_from_current_retail_not_verified_purchase_cost,cost_cny / cny_cost,preview_only_no_stripe_write
MH-DOG-DBF-018,d.b.f,prod_V8e2MnRWL8I3ON,price_1U8VgQRyM6dRKLtZoohhjjug,d.b.f 成犬之食事 雞肉｜d.b.f Adult Dog Meal Chicken 85g,85g,31.90,1.166,1.76,15.54459691,31.90,0.00,implied_from_current_retail_not_verified_purchase_cost,cost_cny / cny_cost,preview_only_no_stripe_write
MH-DOG-DBF-019,d.b.f,prod_V8e2EKKmnHUR8w,price_1U8VgTRyM6dRKLtZXyxJ7VDz,d.b.f 牛肉奶酪｜d.b.f Beef & Cheese Dog Can 85g,85g,27.90,1.166,1.76,13.59543115,27.90,0.00,implied_from_current_retail_not_verified_purchase_cost,cost_cny / cny_cost,preview_only_no_stripe_write
MH-DOG-DBF-020,d.b.f,prod_V8e2NVxYYDt7TI,price_1U8VguRyM6dRKLtZcl3gkGhu,d.b.f 高齡犬之食事 雞肉軟骨 (7歲及以上)｜d.b.f Senior Dog Meal Chicken & Cartilage 85g,85g,27.90,1.166,1.76,13.59543115,27.90,0.00,implied_from_current_retail_not_verified_purchase_cost,cost_cny / cny_cost,preview_only_no_stripe_write
MH-DOG-DBF-021,d.b.f,prod_V8e2HgqFtfTeZ3,price_1U8VgnRyM6dRKLtZpoXJ8AO1,d.b.f 雞胸肉糜 (脂肪含量更少 0.5% 以上)｜d.b.f Chicken Breast Mince Low-fat Dog Can 65g,65g,26.90,1.166,1.76,13.10813971,26.90,0.00,implied_from_current_retail_not_verified_purchase_cost,cost_cny / cny_cost,preview_only_no_stripe_write
MH-DOG-DBF-022,d.b.f,prod_V8e2yXi5ewIEg5,price_1U8VgfRyM6dRKLtZ4FJtM5x2,d.b.f 雞肉&雞胸肉糜蔬菜｜d.b.f Chicken & Chicken Breast Mince with Vegetables 150g,150g,43.90,1.166,1.76,21.39209418,43.90,0.00,implied_from_current_retail_not_verified_purchase_cost,cost_cny / cny_cost,preview_only_no_stripe_write
MH-DOG-DBF-023,d.b.f,prod_V8e2NpxQsXvHOA,price_1U8VgdRyM6dRKLtZrks64yvz,d.b.f 雞肉&雞胸肉糜紅薯｜d.b.f Chicken & Chicken Breast Mince with Sweet Potato 150g,150g,43.90,1.166,1.76,21.39209418,43.90,0.00,implied_from_current_retail_not_verified_purchase_cost,cost_cny / cny_cost,preview_only_no_stripe_write
