csv_row,product_id,source_csv_price_id,current_active_price_id,mofu_sku,product_name,cost_cny,proposed_hkd,csv_target_cents,current_live_hkd,mapping_status,mapping_basis,issue
2,prod_V90yLm2ySqOvLR,price_1U8iwURyM6dRKLtZvEEuMvIT,price_1U90VRRyM6dRKLtZFYXH9cyn,MH-CAT-CIAO-001,CIAO とろみ｜鮪魚魷魚濃湯貓罐頭｜單罐,11.8,25.9,2590,24.90,eligible_replacement_lineage,same Product plus metadata-identical active replacement Price,
3,prod_V90yHw6lb8trQi,price_1U8iwVRyM6dRKLtZBxhHTGze,price_1U90VPRyM6dRKLtZuzjUUDVQ,MH-CAT-CIAO-002,CIAO とろみ｜鰹魚高湯雞肉鮪魚蟹柳濃湯貓罐頭｜單罐,13.8,29.9,2990,28.90,eligible_replacement_lineage,same Product plus metadata-identical active replacement Price,
4,prod_V90yamZYZI7jNF,price_1U8iwXRyM6dRKLtZywWN34fZ,price_1U8iwXRyM6dRKLtZywWN34fZ,MH-CAT-CIAO-003,CIAO とろみ｜鰹魚高湯雞肉鰹魚扇貝濃湯貓罐頭｜單罐,10.8,23.9,2390,22.90,eligible_exact_active_price,exact CSV Price ID remains active,
5,prod_V90ygMTkWiOVNg,price_1U8iwYRyM6dRKLtZYbdZDFYL,price_1U90VTRyM6dRKLtZliouKIMN,MH-CAT-CIAO-004,CIAO とろみ｜烤鰹魚雞肉柴魚片濃湯貓罐頭｜單罐,11.8,25.9,2590,24.90,eligible_replacement_lineage,same Product plus metadata-identical active replacement Price,
6,prod_V90yLEVAaxxHJj,price_1U8iwZRyM6dRKLtZc4a9huRq,price_1U8iwZRyM6dRKLtZc4a9huRq,MH-CAT-CIAO-005,CIAO とろみ｜鰹魚高湯雞肉鮪魚魷魚濃湯貓罐頭｜單罐,10.8,23.9,2390,22.90,eligible_exact_active_price,exact CSV Price ID remains active,
7,prod_V90yH5bCkLyGYU,price_1U8iwaRyM6dRKLtZbm2N3cUU,price_1U90VNRyM6dRKLtZK5AI2hOI,MH-CAT-CIAO-006,CIAO とろみ｜下泌尿道配慮雞肉鮪魚扇貝濃湯貓罐頭｜單罐,11.8,25.9,2590,24.90,eligible_replacement_lineage,same Product plus metadata-identical active replacement Price,
8,prod_V90yJbWqkU76Xa,price_1U8iwbRyM6dRKLtZl7K9ejmQ,price_1U90VQRyM6dRKLtZqQl036Bq,MH-CAT-CIAO-007,CIAO とろみ｜奶油濃湯雞肉鮪魚蟹柳貓罐頭｜單罐,11.8,25.9,2590,24.90,eligible_replacement_lineage,same Product plus metadata-identical active replacement Price,
9,prod_V90yGkxpp9OU57,price_1U8iwdRyM6dRKLtZ7nW4lVOy,price_1U90VMRyM6dRKLtZ33Q7muU6,MH-CAT-CIAO-008,CIAO とろみ｜奶油濃湯雞肉鰹魚柴魚片貓罐頭｜單罐,13.8,29.9,2990,28.90,eligible_replacement_lineage,same Product plus metadata-identical active replacement Price,
10,prod_V90yhouIdri4Ou,price_1U8iweRyM6dRKLtZOPT6WHop,price_1U90VURyM6dRKLtZu5D2r6NG,MH-CAT-CIAO-009,CIAO とろみ｜11歲以上鮪魚扇貝奶油濃湯貓罐頭｜單罐,11.8,25.9,2590,24.90,eligible_replacement_lineage,same Product plus metadata-identical active replacement Price,
11,prod_V90yHSNJqbGEZF,price_1U8iwfRyM6dRKLtZujEk5TUK,price_1U90VORyM6dRKLtZd3IS030U,MH-CAT-CIAO-010,CIAO とろみ｜14歲以上鮪魚扇貝奶油濃湯貓罐頭｜單罐,13.8,29.9,2990,28.90,eligible_replacement_lineage,same Product plus metadata-identical active replacement Price,
12,prod_V90yxohDmOksl3,price_1U8iwgRyM6dRKLtZWmshq8Qw,price_1U90VcRyM6dRKLtZHWkOBIIX,MH-CAT-CIAO-011,CIAO｜雞肉烤鰹魚柴魚片貓罐頭｜單罐,12.8,27.9,2790,26.90,eligible_replacement_lineage,same Product plus metadata-identical active replacement Price,
13,prod_V90yrU6QwJj9H4,price_1U8iwhRyM6dRKLtZedeY1D6y,price_1U90VaRyM6dRKLtZUgLoMWES,MH-CAT-CIAO-012,CIAO｜雞肉甜蝦小銀魚貓罐頭｜單罐,13.8,29.9,2990,28.90,eligible_replacement_lineage,same Product plus metadata-identical active replacement Price,
14,prod_V90ynw7GK161mE,price_1U8iwiRyM6dRKLtZDni4Rrvo,price_1U90VXRyM6dRKLtZBITrxe2x,MH-CAT-CIAO-013,CIAO｜鰹魚柴魚片貓罐頭｜單罐,13.8,29.9,2990,28.90,eligible_replacement_lineage,same Product plus metadata-identical active replacement Price,
15,prod_V90yisznvIVXlp,price_1U8iwjRyM6dRKLtZL7hePLZM,price_1U90VVRyM6dRKLtZ66UbXymb,MH-CAT-CIAO-014,CIAO｜烤鰹魚鮪魚雞肉貓罐頭｜單罐,15.8,33.9,3390,32.90,eligible_replacement_lineage,same Product plus metadata-identical active replacement Price,
16,prod_V90ynvqu5ntnjO,price_1U8iwkRyM6dRKLtZLKkQOBAC,price_1U90VWRyM6dRKLtZDnKb0U4T,MH-CAT-CIAO-015,CIAO｜雞肉扇貝柱貓罐頭｜單罐,13.8,29.9,2990,28.90,eligible_replacement_lineage,same Product plus metadata-identical active replacement Price,
17,prod_V90ytLadcfCm8a,price_1U8iwlRyM6dRKLtZUPCtyfo0,price_1U90VbRyM6dRKLtZXUOkZaeJ,MH-CAT-CIAO-016,CIAO｜雞肉蟹柳柴魚片貓罐頭｜單罐,13.8,29.9,2990,28.90,eligible_replacement_lineage,same Product plus metadata-identical active replacement Price,
18,prod_V90yqFB6WTazQ9,price_1U8iwmRyM6dRKLtZY9nLDMUK,price_1U90VZRyM6dRKLtZMpko1E4s,MH-CAT-CIAO-017,CIAO｜雞肉蟹柳貓罐頭｜單罐,13.8,29.9,2990,28.90,eligible_replacement_lineage,same Product plus metadata-identical active replacement Price,
19,prod_V90yyLLKXQRQey,price_1U8iwoRyM6dRKLtZP8VcS1tu,price_1U90VdRyM6dRKLtZnxqOGUlV,MH-CAT-CIAO-018,CIAO｜鮪魚白肉扇貝柱貓罐頭｜單罐,12.8,27.9,2790,26.90,eligible_replacement_lineage,same Product plus metadata-identical active replacement Price,
20,prod_V90y14gfPJNkP3,price_1U8iwpRyM6dRKLtZc7uPsPIp,price_1U90VKRyM6dRKLtZCTgrpp2Y,MH-CAT-CIAO-019,CIAO｜11歲以上鰹魚白肉貓罐頭｜單罐,15.8,33.9,3390,32.90,eligible_replacement_lineage,same Product plus metadata-identical active replacement Price,
21,prod_V90yRB01IgVrDV,price_1U8iwqRyM6dRKLtZTZ0TAzAG,price_1U90VSRyM6dRKLtZz1M90pfE,MH-CAT-CIAO-020,CIAO｜11歲以上鮪魚白肉貓罐頭｜單罐,15.8,33.9,3390,32.90,eligible_replacement_lineage,same Product plus metadata-identical active replacement Price,
22,prod_V90yoyex98iTAW,price_1U8iwrRyM6dRKLtZ3rlOZMIV,price_1U90VYRyM6dRKLtZfSre5KHV,MH-CAT-CIAO-021,CIAO｜14歲以上鮪魚白肉小銀魚貓罐頭｜單罐,15.8,33.9,3390,32.90,eligible_replacement_lineage,same Product plus metadata-identical active replacement Price,
23,prod_V90yC8a54bE0EL,price_1U8iwsRyM6dRKLtZ9WdAiJhl,price_1U90VLRyM6dRKLtZHECimDDB,MH-CAT-CIAO-022,CIAO｜14歲以上鰹魚柴魚片貓罐頭｜單罐,15.8,33.9,3390,32.90,eligible_replacement_lineage,same Product plus metadata-identical active replacement Price,
24,prod_V90yhIRALdzZyY,price_1U8iwtRyM6dRKLtZyY5icJzG,price_1U8iwtRyM6dRKLtZyY5icJzG,MH-CAT-CIAO-023,Inaba かつまぐろ｜鮪魚雞肉貓罐頭｜85g／單罐,6.81,14.9,1490,14.90,eligible_exact_active_price,exact CSV Price ID remains active,
25,prod_V90yhuy2ZgCVZK,price_1U8iwuRyM6dRKLtZD1NxsXXw,price_1U8iwuRyM6dRKLtZD1NxsXXw,MH-CAT-CIAO-024,Inaba かつまぐろ｜鮪魚貓罐頭｜85g／單罐,6.81,14.9,1490,14.90,eligible_exact_active_price,exact CSV Price ID remains active,
26,prod_V90yWS8dLSjcn2,price_1U8iwwRyM6dRKLtZ4TVBysAG,price_1U8iwwRyM6dRKLtZ4TVBysAG,MH-CAT-CIAO-025,Inaba かつまぐろ｜鮪魚三文魚貓罐頭｜85g／單罐,6.81,14.9,1490,14.90,eligible_exact_active_price,exact CSV Price ID remains active,
27,prod_V90yAWxmanLYZk,price_1U8iwxRyM6dRKLtZccf5xxZZ,price_1U8iwxRyM6dRKLtZccf5xxZZ,MH-CAT-CIAO-026,Inaba かつまぐろ｜鮪魚小銀魚貓罐頭｜85g／單罐,6.81,14.9,1490,14.90,eligible_exact_active_price,exact CSV Price ID remains active,
28,prod_V90yCfcKRyo9ou,price_1U8iwyRyM6dRKLtZS9C8A5Eu,price_1U90VLRyM6dRKLtZENtMthNq,MH-CAT-CIAO-027,Inaba かつまぐろ｜多口味隨機混拼貓罐頭｜85g × 6罐,29.42,62.9,6290,60.90,eligible_replacement_lineage,same Product plus metadata-identical active replacement Price,
29,prod_V90yWGm3mtcreN,price_1U8iwzRyM6dRKLtZ5uUc9AxZ,price_1U8iwzRyM6dRKLtZ5uUc9AxZ,MH-CAT-CIAO-028,Inaba かつまぐろ｜高齡貓鮪魚貓罐頭｜85g／單罐,6.81,14.9,1490,14.90,eligible_exact_active_price,exact CSV Price ID remains active,
30,prod_V8uJcEJtSEmb69,price_1U8cUURyM6dRKLtZjiy5wjhq,price_1U90UYRyM6dRKLtZrFyIguvH,MH-CAT-GNSP-006,銀之匙 三ツ星グルメ 香酥魚香 魚味綜合乾糧 200g｜Gin no Spoon Mitsuboshi Gourmet Aromatic Assorted Fish Dry Cat Food 200g,44.8,95.9,9590,92.90,eligible_replacement_lineage,same Product plus metadata-identical active replacement Price,
31,prod_V8uJI32Jxh5dCc,price_1U8cUPRyM6dRKLtZO8S4Hj2n,price_1U90UVRyM6dRKLtZdpRMCdVh,MH-CAT-GNSP-007,銀之匙 三ツ星グルメ 香酥魚香 魚肉雞肉四拼乾糧 200g｜Gin no Spoon Mitsuboshi Gourmet Aromatic Fish & Chicken Four-Recipe Dry Cat Food 200g,44.8,95.9,9590,92.90,eligible_replacement_lineage,same Product plus metadata-identical active replacement Price,
32,prod_V8uILuFno1z4MZ,price_1U8cUMRyM6dRKLtZiqoZhzs8,price_1U90ULRyM6dRKLtZEB8JClxR,MH-CAT-GNSP-008,銀之匙 三ツ星グルメ 香酥魚香 腸胃健康照護乾糧 200g｜Gin no Spoon Mitsuboshi Gourmet Aromatic Fish Gut-Health Care Dry Cat Food 200g,44.8,95.9,9590,92.90,eligible_replacement_lineage,same Product plus metadata-identical active replacement Price,
33,prod_V8uJPueROjgX6L,price_1U8cURRyM6dRKLtZxOISi7XP,price_1U90UWRyM6dRKLtZpGCnNCfv,MH-CAT-GNSP-009,銀之匙 三ツ星グルメ 香酥魚香 毛球護理乾糧 200g｜Gin no Spoon Mitsuboshi Gourmet Aromatic Fish Hairball Care Dry Cat Food 200g,44.8,95.9,9590,92.90,eligible_replacement_lineage,same Product plus metadata-identical active replacement Price,
34,prod_V8uJVy7nhLvdrI,price_1U8cUXRyM6dRKLtZaTGFfSor,price_1U90UXRyM6dRKLtZPnwAPeD0,MH-CAT-GNSP-010,"銀之匙 三ツ星グルメ 香酥魚香 金槍魚鯛魚鰹魚扇貝乾糧 200g｜Gin no Spoon Mitsuboshi Gourmet Aromatic Tuna, Sea Bream, Bonito & Scallop Dry Cat Food 200g",44.8,95.9,9590,92.90,eligible_replacement_lineage,same Product plus metadata-identical active replacement Price,
35,prod_V8uIfmE32YGKQz,price_1U8cUHRyM6dRKLtZILTR8TCU,price_1U90URRyM6dRKLtZrJSTVo0e,MH-CAT-GNSP-011,銀之匙 三ツ星グルメ 夾心奶油 魚味綜合乾糧 180g｜Gin no Spoon Mitsuboshi Gourmet Cream-Filled Assorted Fish Dry Cat Food 180g,44.8,95.9,9590,92.90,eligible_replacement_lineage,same Product plus metadata-identical active replacement Price,
36,prod_V8uIgedRHwtgJJ,price_1U8cUJRyM6dRKLtZoV9l2W9Y,price_1U90USRyM6dRKLtZcBAMOLrG,MH-CAT-GNSP-012,銀之匙 三ツ星グルメ 夾心奶油 腸胃健康魚味三拼乾糧 180g｜Gin no Spoon Mitsuboshi Gourmet Cream-Filled Gut-Health Fish Three-Recipe Dry Cat Food 180g,44.8,95.9,9590,92.90,eligible_replacement_lineage,same Product plus metadata-identical active replacement Price,
37,prod_V8uIc8IHCyEuCW,price_1U8cUCRyM6dRKLtZZdqgSvlS,price_1U90UQRyM6dRKLtZMBbN46uT,MH-CAT-GNSP-013,銀之匙 三ツ星グルメ 夾心奶油 金槍魚鰹魚味乾糧 180g｜Gin no Spoon Mitsuboshi Gourmet Cream-Filled Tuna & Bonito Dry Cat Food 180g,44.8,95.9,9590,92.90,eligible_replacement_lineage,same Product plus metadata-identical active replacement Price,
38,prod_V8uID4s03TNUrL,price_1U8cUERyM6dRKLtZmdIE2erH,price_1U90UJRyM6dRKLtZkHGlR5LS,MH-CAT-GNSP-014,銀之匙 三ツ星グルメ 夾心奶油 金槍魚鯛魚味乾糧 180g｜Gin no Spoon Mitsuboshi Gourmet Cream-Filled Tuna & Sea Bream Dry Cat Food 180g,44.8,95.9,9590,92.90,eligible_replacement_lineage,same Product plus metadata-identical active replacement Price,
39,prod_V8vr5nCW67gu8X,price_1U8e0ARyM6dRKLtZWOXn9WYV,price_1U90UcRyM6dRKLtZI9rgG0ZK,MH-CAT-GNSP-015,銀之匙 三ツ星グルメ 魚肉奶油夾心 鮪魚及白蝦味乾糧 180g｜Gin no Spoon Mitsuboshi Gourmet Cream-Filled Tuna & White Shrimp Dry Cat Food 180g,55.0,116.9,11690,112.90,eligible_replacement_lineage,same Product plus metadata-identical active replacement Price,
40,prod_V8th4gMOUDUrzu,price_1U8btqRyM6dRKLtZ3JpWeJNI,price_1U90U9RyM6dRKLtZVNCdKvBq,MH-CAT-GNSP-016,銀之匙 三ツ星グルメ 夾心奶油 魚肉雞里脊三拼乾糧 180g｜Gin no Spoon Mitsuboshi Gourmet Cream-Filled Fish & Chicken Tender Three-Recipe Dry Cat Food 180g,46.8,99.9,9990,96.90,eligible_replacement_lineage,same Product plus metadata-identical active replacement Price,
41,prod_V8thb2VVnmHjCY,price_1U8bttRyM6dRKLtZYVjv60by,price_1U90UERyM6dRKLtZ1iJxMjSq,MH-CAT-GNSP-017,銀之匙 三ツ星グルメ 夾心奶油 金槍魚鰹魚毛球護理乾糧 180g｜Gin no Spoon Mitsuboshi Gourmet Cream-Filled Tuna & Bonito Hairball Care Dry Cat Food 180g,46.8,99.9,9990,96.90,eligible_replacement_lineage,same Product plus metadata-identical active replacement Price,
42,prod_V8th51dTMblovb,price_1U8btoRyM6dRKLtZuVNr212k,price_1U90UARyM6dRKLtZVVo8P52S,MH-CAT-GNSP-018,銀之匙 三ツ星グルメ 夾心奶油 金槍魚雞里脊味乾糧 180g｜Gin no Spoon Mitsuboshi Gourmet Cream-Filled Tuna & Chicken Tender Dry Cat Food 180g,46.8,99.9,9990,96.90,eligible_replacement_lineage,same Product plus metadata-identical active replacement Price,
43,prod_V8thjTAXBn4Lnx,price_1U8btlRyM6dRKLtZG99b8TZR,price_1U90UFRyM6dRKLtZfDs6FCKI,MH-CAT-GNSP-019,銀之匙 三ツ星グルメ 香酥魚香毛球護理乾糧 240g｜Gin no Spoon Mitsuboshi Gourmet Fish Recipe Hairball Care Dry Cat Food 240g,44.8,95.9,9590,92.90,eligible_replacement_lineage,same Product plus metadata-identical active replacement Price,
44,prod_V8thBqcqHiv3cZ,price_1U8bu8RyM6dRKLtZrtZ6IOrx,price_1U90UBRyM6dRKLtZweJ42eYf,MH-CAT-GNSP-020,銀之匙 三ツ星グルメ 幼貓魚味加牛奶乾糧 240g｜Gin no Spoon Mitsuboshi Gourmet Kitten Fish Recipe with Milk Dry Cat Food 240g,46.8,99.9,9990,96.90,eligible_replacement_lineage,same Product plus metadata-identical active replacement Price,
45,prod_V8thwhOf6ahDTN,price_1U8bu5RyM6dRKLtZGPNwKLAo,price_1U90UJRyM6dRKLtZSS0HzuHg,MH-CAT-GNSP-021,銀之匙 三ツ星グルメ 10歲起腎臟健康維護魚味四拼乾糧 200g｜Gin no Spoon Mitsuboshi Gourmet 10+ Kidney Health Maintenance Fish Four-Recipe Dry Cat Food 200g,46.8,99.9,9990,96.90,eligible_replacement_lineage,same Product plus metadata-identical active replacement Price,
46,prod_V8thRjwLfHWe9X,price_1U8btvRyM6dRKLtZPuQqw0hP,price_1U90UDRyM6dRKLtZGGjbUvCL,MH-CAT-GNSP-022,銀之匙 三ツ星グルメ 鮮旨香 魚肉雞里脊三拼乾糧 160g｜Gin no Spoon Mitsuboshi Gourmet Shimi-Uma Fish & Chicken Tender Three-Recipe Dry Cat Food 160g,46.8,99.9,9990,96.90,eligible_replacement_lineage,same Product plus metadata-identical active replacement Price,
47,prod_V8thsQJq4RYszQ,price_1U8btyRyM6dRKLtZ2aDVvnPF,price_1U90UIRyM6dRKLtZX816NXBC,MH-CAT-GNSP-023,"銀之匙 三ツ星グルメ 鮮旨香 金槍魚雞里脊鰹魚乾糧 192g｜Gin no Spoon Mitsuboshi Gourmet Shimi-Uma Tuna, Chicken Tender & Bonito Dry Cat Food 192g",46.8,99.9,9990,96.90,eligible_replacement_lineage,same Product plus metadata-identical active replacement Price,
48,prod_V8thk9qKECj0in,price_1U8bu0RyM6dRKLtZKGEvnAcj,price_1U90UGRyM6dRKLtZs4CWYdMK,MH-CAT-GNSP-024,"銀之匙 三ツ星グルメ 鮮旨香 金槍魚鯛魚鰹魚乾糧 192g｜Gin no Spoon Mitsuboshi Gourmet Shimi-Uma Tuna, Sea Bream & Bonito Dry Cat Food 192g",46.8,99.9,9990,96.90,eligible_replacement_lineage,same Product plus metadata-identical active replacement Price,
49,prod_V8thPo6RjbpnwO,price_1U8bu3RyM6dRKLtZLjAK97QM,price_1U90UCRyM6dRKLtZnxOW8Xb7,MH-CAT-GNSP-025,銀之匙 三ツ星グルメ 餐後吐毛輕減及毛球護理魚味乾糧 192g｜Gin no Spoon Mitsuboshi Gourmet Fish Recipe Dry Cat Food for Reduced Post-Meal Vomiting & Hairball Care 192g,46.8,99.9,9990,96.90,eligible_replacement_lineage,same Product plus metadata-identical active replacement Price,
50,prod_V8xXn4fyGQ2Iwg,price_1U8fcPRyM6dRKLtZkmzKQFaa,price_1U90VFRyM6dRKLtZjOr4bhLh,MH-CAT-MONP-001,Mon Petit Crispy Kiss 鰹魚及小魚高湯味貓咪小食 30g｜Mon Petit Crispy Kiss Bonito and Small Fish Broth Cat Treats 30g,13.9,29.9,2990,28.90,eligible_replacement_lineage,same Product plus metadata-identical active replacement Price,
51,prod_V8xXSx8MWb3Y8D,price_1U8fcGRyM6dRKLtZbNYK0jlM,price_1U90V7RyM6dRKLtZT1JURFbi,MH-CAT-MONP-002,Mon Petit Crispy Kiss 芝士及雞肉味貓咪小食 30g｜Mon Petit Crispy Kiss Cheese and Chicken Flavour Cat Treats 30g,13.9,29.9,2990,28.90,eligible_replacement_lineage,same Product plus metadata-identical active replacement Price,
52,prod_V8xXLMbKeB2tb9,price_1U8fcDRyM6dRKLtZDd0FVQMW,price_1U90V2RyM6dRKLtZ55juiHBJ,MH-CAT-MONP-003,Mon Petit Crispy Kiss 鮮魚雞肉貓薄荷味貓咪小食 24g｜Mon Petit Crispy Kiss Fish and Chicken with Catnip Cat Treats 24g,13.9,29.9,2990,28.90,eligible_replacement_lineage,same Product plus metadata-identical active replacement Price,
53,prod_V8xXYKr9wN7Aee,price_1U8fcJRyM6dRKLtZd8RKpg9m,price_1U90VBRyM6dRKLtZlGUxjIZD,MH-CAT-MONP-004,Mon Petit Crispy Kiss 鮮魚精選貓咪小食 30g｜Mon Petit Crispy Kiss Fish Select Cat Treats 30g,13.9,29.9,2990,28.90,eligible_replacement_lineage,same Product plus metadata-identical active replacement Price,
54,prod_V8xX5m49XGPiSw,price_1U8fcFRyM6dRKLtZeD9cGjwS,price_1U90UyRyM6dRKLtZGcFJLD54,MH-CAT-MONP-005,Mon Petit Crispy Kiss 奢華雞肉味貓咪小食 24g｜Mon Petit Crispy Kiss Luxury Chicken Flavour Cat Treats 24g,13.9,29.9,2990,28.90,eligible_replacement_lineage,same Product plus metadata-identical active replacement Price,
55,prod_V8xXBfCtwPwxjK,price_1U8fcERyM6dRKLtZ463dtKpL,price_1U90UzRyM6dRKLtZu93gYJdU,MH-CAT-MONP-006,Mon Petit Crispy Kiss 奢華鮮魚味貓咪小食 24g｜Mon Petit Crispy Kiss Luxury Fish Flavour Cat Treats 24g,13.9,29.9,2990,28.90,eligible_replacement_lineage,same Product plus metadata-identical active replacement Price,
56,prod_V8xXV7x4AmWu89,price_1U8fcRRyM6dRKLtZMvlsOquW,price_1U90VARyM6dRKLtZIMiTPMeC,MH-CAT-MONP-007,Mon Petit Crispy Kiss 奢華三文魚味貓咪小食 24g｜Mon Petit Crispy Kiss Luxury Salmon Flavour Cat Treats 24g,13.9,29.9,2990,28.90,eligible_replacement_lineage,same Product plus metadata-identical active replacement Price,
57,prod_V8xXRC7As2ra5W,price_1U8fcHRyM6dRKLtZ0WA7KbpT,price_1U90V6RyM6dRKLtZDgD1rY6E,MH-CAT-MONP-008,Mon Petit Crispy Kiss 肉類精選綜合包貓咪小食 144g｜Mon Petit Crispy Kiss Meat Selection Variety Pack Cat Treats 144g,59.9,127.9,12790,123.90,eligible_replacement_lineage,same Product plus metadata-identical active replacement Price,
58,prod_V8xXMB8UApWAYP,price_1U8fcQRyM6dRKLtZAt0dJH05,price_1U90V4RyM6dRKLtZiEGy9NiO,MH-CAT-MONP-009,"Mon Petit Crispy Kiss 三文魚、鰹魚及小魚味貓咪小食 30g｜Mon Petit Crispy Kiss Salmon, Bonito and Small Fish Cat Treats 30g",13.9,29.9,2990,28.90,eligible_replacement_lineage,same Product plus metadata-identical active replacement Price,
59,prod_V8xXmrlDUto85d,price_1U8fcKRyM6dRKLtZsJdoHEu4,price_1U90VERyM6dRKLtZvWBCXYd9,MH-CAT-MONP-010,Mon Petit Crispy Kiss 海鮮味貓咪小食 30g｜Mon Petit Crispy Kiss Seafood Flavour Cat Treats 30g,13.9,29.9,2990,28.90,eligible_replacement_lineage,same Product plus metadata-identical active replacement Price,
60,prod_V8xX3586zZhcZt,price_1U8fcMRyM6dRKLtZa6kX1FcS,price_1U90UxRyM6dRKLtZNd9wbSzb,MH-CAT-MONP-011,"Mon Petit Crispy Kiss 海鮮、芝士及雞肉燒烤味綜合包貓咪小食 144g｜Mon Petit Crispy Kiss Seafood, Cheese and Chicken Grill Variety Pack Cat Treats 144g",59.9,127.9,12790,123.90,eligible_replacement_lineage,same Product plus metadata-identical active replacement Price,
61,prod_V8xXFw4xx3NEuP,price_1U8fcIRyM6dRKLtZhierJFH2,price_1U90V0RyM6dRKLtZBnbfEKOe,MH-CAT-MONP-012,Mon Petit Crispy Kiss 海鮮及雞肉綜合包貓咪小食 144g｜Mon Petit Crispy Kiss Seafood and Chicken Variety Pack Cat Treats 144g,59.9,127.9,12790,123.90,eligible_replacement_lineage,same Product plus metadata-identical active replacement Price,
62,prod_V8xXZsF0TMS5c8,price_1U8fcORyM6dRKLtZ1yMnnhEK,price_1U90VCRyM6dRKLtZDkJrWAvy,MH-CAT-MONP-013,"Mon Petit Crispy Kiss 真鯛、鰹魚及小魚高湯味貓咪小食 30g｜Mon Petit Crispy Kiss Snapper, Skipjack Tuna and Small Fish Broth Cat Treats 30g",13.9,29.9,2990,28.90,eligible_replacement_lineage,same Product plus metadata-identical active replacement Price,
63,prod_V8xXM2ONlpEcC3,price_1U8fcNRyM6dRKLtZWtmFsbjT,price_1U90V3RyM6dRKLtZx0YL7SgA,MH-CAT-MONP-014,Mon Petit Crispy Kiss 真鯛及海鮮綜合包貓咪小食 144g｜Mon Petit Crispy Kiss Snapper and Seafood Assortment Cat Treats 144g,59.9,127.9,12790,123.90,eligible_replacement_lineage,same Product plus metadata-identical active replacement Price,
64,prod_V8uInkIOBbpTsp,price_1U8cU6RyM6dRKLtZIwFymbls,price_1U90UTRyM6dRKLtZG5Yi17iE,MH-CAT-PAMAX-001,PAMAX Miracle Series 生物酶除味貓砂 2.7kg｜PAMAX Miracle Series Enzyme Odour-Control Cat Litter 2.7kg,90.0,191.9,19190,184.90,eligible_replacement_lineage,same Product plus metadata-identical active replacement Price,
65,prod_V8uInkIOBbpTsp,price_1U8cU6RyM6dRKLtZuYsvr2FS,price_1U90UTRyM6dRKLtZ7w2uTrRN,MH-CAT-PAMAX-001,PAMAX Miracle Series 生物酶除味貓砂 2.7kg｜PAMAX Miracle Series Enzyme Odour-Control Cat Litter 2.7kg,46.0,97.9,9790,94.90,eligible_replacement_lineage,same Product plus metadata-identical active replacement Price,
66,prod_V8uInkIOBbpTsp,price_1U8cU7RyM6dRKLtZu7s2FINt,price_1U90UURyM6dRKLtZVrbGJPun,MH-CAT-PAMAX-001,PAMAX Miracle Series 生物酶除味貓砂 2.7kg｜PAMAX Miracle Series Enzyme Odour-Control Cat Litter 2.7kg,223.0,473.9,47390,457.90,eligible_replacement_lineage,same Product plus metadata-identical active replacement Price,
67,prod_V8uIPfhAKY5ONF,price_1U8cU9RyM6dRKLtZnyUTF5xl,price_1U90UPRyM6dRKLtZMHm0POgc,MH-CAT-SNP-001,SNAPPY 低粉塵膨潤土貓砂 原味無香 7L｜SNAPPY Low-Dust Bentonite Cat Litter Unscented 7L,45.45,96.9,9690,93.90,eligible_replacement_lineage,same Product plus metadata-identical active replacement Price,
68,prod_V8vriJ8BqO90r3,price_1U8e01RyM6dRKLtZOgbpOPvb,price_1U90UnRyM6dRKLtZ9jd0Ick5,MH-CAT-SNR-001,AIM30 貓咪鰹魚削節 12g｜AIM30 Cat Bonito Flakes 12g,19.8,42.9,4290,40.90,eligible_replacement_lineage,same Product plus metadata-identical active replacement Price,
69,prod_V8vrSwyPdcre4F,price_1U8e04RyM6dRKLtZkoQSmpqZ,price_1U90UjRyM6dRKLtZUcWxvibc,MH-CAT-SNR-002,AIM30 貓咪雞肉絲 25g｜AIM30 Cat Shredded Chicken Fillet 25g,14.4,30.9,3090,29.90,eligible_replacement_lineage,same Product plus metadata-identical active replacement Price,
70,prod_V8vrvYaxZ1cxLJ,price_1U8e0DRyM6dRKLtZ7D7Iai7O,price_1U90UsRyM6dRKLtZK9gSfkYR,MH-CAT-SNR-003,AIM30 Karitto Treats 酥脆貓咪零食 雞肉及蟹肉味 25g｜AIM30 Karitto Treats 酥脆貓咪零食 雞肉及蟹肉味 25g,23.8,50.9,5090,48.90,eligible_replacement_lineage,same Product plus metadata-identical active replacement Price,
71,prod_V8vrBdjzLlg7F7,price_1U8e0FRyM6dRKLtZE4JPj5uL,price_1U90UeRyM6dRKLtZbZKrb0kY,MH-CAT-SNR-004,AIM30 Karitto Treats 酥脆貓咪零食 雞肉及牛肉味 25g｜AIM30 Karitto Treats 酥脆貓咪零食 雞肉及牛肉味 25g,23.8,50.9,5090,48.90,eligible_replacement_lineage,same Product plus metadata-identical active replacement Price,
72,prod_V8vsqALfCDaZlZ,price_1U8e0IRyM6dRKLtZYfKTJ5RW,price_1U90UwRyM6dRKLtZbTqtcJN0,MH-CAT-SNR-005,AIM30 Karitto Treats 酥脆貓咪零食 牧場美味四種綜合包 80g｜AIM30 Karitto Treats 酥脆貓咪零食 牧場美味四種綜合包 80g,56.0,119.9,11990,115.90,eligible_replacement_lineage,same Product plus metadata-identical active replacement Price,
73,prod_V8vs7g4SLaJWJ3,price_1U8e0LRyM6dRKLtZDV8NlhJy,price_1U90UuRyM6dRKLtZ5Ykm1PMs,MH-CAT-SNR-006,AIM30 Karitto Treats 酥脆貓咪零食 吞拿魚及雞肉雙拼綜合包 80g｜AIM30 Karitto Treats 酥脆貓咪零食 吞拿魚及雞肉雙拼綜合包 80g,56.0,119.9,11990,115.90,eligible_replacement_lineage,same Product plus metadata-identical active replacement Price,
74,prod_V8vsohIxXgEVDb,price_1U8e0NRyM6dRKLtZOs14Trkd,price_1U90UvRyM6dRKLtZyNL3geji,MH-CAT-SNR-007,AIM30 Karitto Treats 酥脆貓咪零食 吞拿魚及三文魚味 25g｜AIM30 Karitto Treats 酥脆貓咪零食 吞拿魚及三文魚味 25g,56.0,119.9,11990,115.90,eligible_replacement_lineage,same Product plus metadata-identical active replacement Price,
75,prod_V8vrxdYkx6Hq9O,price_1U8dzrRyM6dRKLtZSyj8L3go,price_1U90UtRyM6dRKLtZJ5kbDR2U,MH-CAT-SNR-008,AIM30 Karitto Treats 酥脆貓咪零食 綜合營養吞拿魚味 25g｜AIM30 Karitto Treats Crispy Cat Treats Balanced Nutrition Tuna 25g,14.4,30.9,3090,29.90,eligible_replacement_lineage,same Product plus metadata-identical active replacement Price,
76,prod_V8vrVGdqH472WR,price_1U8dzYRyM6dRKLtZ80e1VIfP,price_1U90UkRyM6dRKLtZ8Dgj5oIF,MH-CAT-SNR-009,AIM30 Karitto Treats 酥脆貓咪零食 牛肉味 25g｜AIM30 Karitto Treats Crispy Cat Treats Beef Flavour 25g,14.4,30.9,3090,29.90,eligible_replacement_lineage,same Product plus metadata-identical active replacement Price,
77,prod_V8vrCIoYlfznHf,price_1U8dzgRyM6dRKLtZTCmIF0v5,price_1U90UfRyM6dRKLtZUQCxCIhM,MH-CAT-SNR-010,AIM30 Karitto Treats 酥脆貓咪零食 鰹魚味 25g｜AIM30 Karitto Treats Crispy Cat Treats Bonito Flavour 25g,19.8,42.9,4290,40.90,eligible_replacement_lineage,same Product plus metadata-identical active replacement Price,
78,prod_V8vrEO4eoZSj2o,price_1U8dzVRyM6dRKLtZNWWJarJn,price_1U90UgRyM6dRKLtZYBURbREu,MH-CAT-SNR-011,AIM30 Karitto Treats 酥脆貓咪零食 芝士味 25g｜AIM30 Karitto Treats Crispy Cat Treats Cheese Flavour 25g,14.4,30.9,3090,29.90,eligible_replacement_lineage,same Product plus metadata-identical active replacement Price,
79,prod_V8vrkohKHcwdKL,price_1U8dzNRyM6dRKLtZwBGGo3H9,price_1U90UoRyM6dRKLtZdWNTjDgn,MH-CAT-SNR-012,AIM30 Karitto Treats 酥脆貓咪零食 雞肉味 25g｜AIM30 Karitto Treats Crispy Cat Treats Chicken Flavour 25g,14.4,30.9,3090,29.90,eligible_replacement_lineage,same Product plus metadata-identical active replacement Price,
80,prod_V8vrsKDQclIgy0,price_1U8dzwRyM6dRKLtZ7ujj8KaR,price_1U90UrRyM6dRKLtZF78Kyv3h,MH-CAT-SNR-013,AIM30 Karitto Treats 酥脆貓咪零食 雞肉味 80g｜AIM30 Karitto Treats Crispy Cat Treats Chicken Flavour 80g,56.0,119.9,11990,115.90,eligible_replacement_lineage,same Product plus metadata-identical active replacement Price,
81,prod_V8vq78vZ3hdOmK,price_1U8dzLRyM6dRKLtZiNLM7My7,price_1U90UZRyM6dRKLtZfuIyn5I5,MH-CAT-SNR-014,AIM30 Karitto Treats 酥脆貓咪零食 鮮魚味 25g｜AIM30 Karitto Treats Crispy Cat Treats Fish Flavour 25g,14.4,30.9,3090,29.90,eligible_replacement_lineage,same Product plus metadata-identical active replacement Price,
82,prod_V8vrYMEciXr909,price_1U8dztRyM6dRKLtZ3WxywbNW,price_1U90UlRyM6dRKLtZUOEGf3Zp,MH-CAT-SNR-015,AIM30 Karitto Treats 酥脆貓咪零食 鮮魚味 80g｜AIM30 Karitto Treats Crispy Cat Treats Fish Flavour 80g,56.0,119.9,11990,115.90,eligible_replacement_lineage,same Product plus metadata-identical active replacement Price,
83,prod_V8vrEgpUGj9fjI,price_1U8dzzRyM6dRKLtZyAr6CctM,price_1U90UhRyM6dRKLtZ9r3Nj431,MH-CAT-SNR-016,AIM30 Karitto Treats 酥脆貓咪零食 魚味四種綜合包 80g｜AIM30 Karitto Treats Crispy Cat Treats Four Fish Flavours Assortment 80g,56.0,119.9,11990,115.90,eligible_replacement_lineage,same Product plus metadata-identical active replacement Price,
84,prod_V8vrEGzFHOkIGq,price_1U8dzlRyM6dRKLtZddHrurtA,price_1U90UgRyM6dRKLtZwAX5Tu6D,MH-CAT-SNR-017,AIM30 Karitto Treats 酥脆貓咪零食 毛球護理吞拿魚味 25g｜AIM30 Karitto Treats Crispy Cat Treats Hairball Care Tuna 25g,14.4,30.9,3090,29.90,eligible_replacement_lineage,same Product plus metadata-identical active replacement Price,
85,prod_V8vr09YUCbk2x6,price_1U8dzoRyM6dRKLtZuW3r2eij,price_1U90UaRyM6dRKLtZZr8F8rrj,MH-CAT-SNR-018,AIM30 Karitto Treats 酥脆貓咪零食 乳酸菌吞拿魚味 25g｜AIM30 Karitto Treats Crispy Cat Treats Tuna with Lactic Acid Bacteria 25g,14.4,30.9,3090,29.90,eligible_replacement_lineage,same Product plus metadata-identical active replacement Price,
86,prod_V8vragc9O6bDre,price_1U8dzdRyM6dRKLtZmYLY5TKe,price_1U90UmRyM6dRKLtZLzJJx5L3,MH-CAT-SNR-019,AIM30 Karitto Treats 酥脆貓咪零食 金槍魚味 25g｜AIM30 Karitto Treats Crispy Cat Treats Tuna Flavour 25g,14.4,30.9,3090,29.90,eligible_replacement_lineage,same Product plus metadata-identical active replacement Price,
87,prod_V8vr3X8ZjnY554,price_1U8dzQRyM6dRKLtZJ5Dc0Gve,price_1U90UbRyM6dRKLtZU5NFcUOh,MH-CAT-SNR-020,AIM30 Karitto Treats 酥脆貓咪零食 三文魚味 25g｜AIM30 Karitto Treats Crispy Cat Treats Salmon Flavour 25g,14.4,30.9,3090,29.90,eligible_replacement_lineage,same Product plus metadata-identical active replacement Price,
88,prod_V8vrqp1avymNZ9,price_1U8dzTRyM6dRKLtZAzLsio4t,price_1U90UqRyM6dRKLtZI6NDRzkH,MH-CAT-SNR-021,AIM30 Karitto Treats 酥脆貓咪零食 海鮮味 25g｜AIM30 Karitto Treats Crispy Cat Treats Seafood Flavour 25g,14.4,30.9,3090,29.90,eligible_replacement_lineage,same Product plus metadata-identical active replacement Price,
89,prod_V8vrJdunHu4yQD,price_1U8dziRyM6dRKLtZ8ixLg9g3,price_1U90UiRyM6dRKLtZvgZXuZCO,MH-CAT-SNR-022,AIM30 Karitto Treats 酥脆貓咪零食 吞拿魚及蟹肉味 25g｜AIM30 Karitto Treats Crispy Cat Treats Tuna & Crab Flavour 25g,14.4,30.9,3090,29.90,eligible_replacement_lineage,same Product plus metadata-identical active replacement Price,
90,prod_V8vr8q8jdO6wNr,price_1U8dzaRyM6dRKLtZjQNjilZt,price_1U90UdRyM6dRKLtZbXqoJb9j,MH-CAT-SNR-023,AIM30 Karitto Treats 酥脆貓咪零食 吞拿魚味 25g｜AIM30 Karitto Treats Crispy Cat Treats Tuna Flavour 25g,19.8,42.9,4290,40.90,eligible_replacement_lineage,same Product plus metadata-identical active replacement Price,
91,prod_V8vro3NAxi0isd,price_1U8e07RyM6dRKLtZMgv8TuPi,price_1U90UpRyM6dRKLtZowe2nk2e,MH-CAT-SNR-024,AIM30 貓咪吞拿魚片 30g｜AIM30 Cat Tuna Slices 30g,19.8,42.9,4290,40.90,eligible_replacement_lineage,same Product plus metadata-identical active replacement Price,
92,prod_V8xXuAW047ti4v,price_1U8fc3RyM6dRKLtZ8kbEZQmk,price_1U90VGRyM6dRKLtZ2S5lj3VA,MH-CAT-SNR-025,AIM30 室內成貓 雞肉味乾糧 600g｜AIM30 Indoor Adult Cat Food Chicken Flavour 600g,168.0,356.9,35690,344.90,eligible_replacement_lineage,same Product plus metadata-identical active replacement Price,
93,prod_V8xXIokF7G9Er0,price_1U8fc4RyM6dRKLtZnmbBZ59U,price_1U90V1RyM6dRKLtZWvY33hpc,MH-CAT-SNR-026,AIM30 室內成貓 鮮魚味乾糧 600g｜AIM30 Indoor Adult Cat Food Fish Flavour 600g,168.0,356.9,35690,344.90,eligible_replacement_lineage,same Product plus metadata-identical active replacement Price,
94,prod_V8xXwAmye0eVa6,price_1U8fc5RyM6dRKLtZ1foJPEVT,price_1U90VHRyM6dRKLtZokzJj0Oh,MH-CAT-SNR-027,AIM30 室內成貓 腎臟健康照護 雞肉味乾糧 600g｜AIM30 Indoor Adult Cat Food Kidney Health Care Chicken Flavour 600g,105.0,223.9,22390,215.90,eligible_replacement_lineage,same Product plus metadata-identical active replacement Price,
95,prod_V8xXxYtzIJ6S93,price_1U8fcCRyM6dRKLtZhVXn5d9C,price_1U90VJRyM6dRKLtZLFxld1Mk,MH-CAT-SNR-028,AIM30 室內已絕育成貓 雞肉味乾糧 1.2kg｜AIM30 Indoor Spayed and Neutered Adult Cat Food Chicken Flavour 1.2kg,197.0,418.9,41890,404.90,eligible_replacement_lineage,same Product plus metadata-identical active replacement Price,
96,prod_V8xXaZ0jwFhqkT,price_1U8fc2RyM6dRKLtZ3lk0Ei43,price_1U90VDRyM6dRKLtZsCZkGfIs,MH-CAT-SNR-029,AIM30 室內高齡貓 11 歲以上 雞肉味乾糧 600g｜AIM30 Indoor Senior Cat Food 11+ Chicken Flavour 600g,168.0,356.9,35690,344.90,eligible_replacement_lineage,same Product plus metadata-identical active replacement Price,
97,prod_V8xXMTWORpMyun,price_1U8fcBRyM6dRKLtZpuYulJ4J,price_1U90V5RyM6dRKLtZiXpTjbXR,MH-CAT-SNR-030,AIM30 室內高齡貓 11 歲以上 鮮魚味乾糧 600g｜AIM30 Indoor Senior Cat Food 11+ Fish Flavour 600g,168.0,356.9,35690,344.90,eligible_replacement_lineage,same Product plus metadata-identical active replacement Price,
98,prod_V8xXwQzwhjo93R,price_1U8fc9RyM6dRKLtZcSJjz0IP,price_1U90VIRyM6dRKLtZ2lmrawZI,MH-CAT-SNR-031,AIM30 室內高齡貓 15 歲以上 雞肉味乾糧 600g｜AIM30 Indoor Senior Cat Food 15+ Chicken Flavour 600g,168.0,356.9,35690,344.90,eligible_replacement_lineage,same Product plus metadata-identical active replacement Price,
99,prod_V8xXT4XG39RY4o,price_1U8fc8RyM6dRKLtZkNh900Ke,price_1U90V8RyM6dRKLtZA8abkf2V,MH-CAT-SNR-032,AIM30 室內高齡貓 15 歲以上 腎臟健康照護 鮮魚味乾糧 600g｜AIM30 Indoor Senior Cat Food 15+ Kidney Health Care Fish Flavour 600g,168.0,356.9,35690,344.90,eligible_replacement_lineage,same Product plus metadata-identical active replacement Price,
100,prod_V8xXTyAkIg3YGz,price_1U8fc6RyM6dRKLtZ8UU70tzG,price_1U90V9RyM6dRKLtZDZEmpFaX,MH-CAT-SNR-033,AIM30 室內高齡貓 15 歲以上 腎臟健康照護 雞肉味乾糧 600g｜AIM30 Indoor Senior Cat Food 15+ Kidney Health Care Chicken Flavour 600g,168.0,356.9,35690,344.90,eligible_replacement_lineage,same Product plus metadata-identical active replacement Price,
101,prod_V8uIO7LzUQjeCT,price_1U8cU0RyM6dRKLtZ8uu3Ejr3,price_1U90UMRyM6dRKLtZBWpBGc4z,MH-CAT-UCM-001,Unicharm Deotoilet 消臭抗菌沸石貓砂 清新庭院香 3.8L｜Unicharm Deotoilet Deodorising Antibacterial Zeolite Cat Litter Natural Green 3.8L,43.0,91.9,9190,88.90,eligible_replacement_lineage,same Product plus metadata-identical active replacement Price,
102,prod_V8sFjjO8IgpPvO,price_1U8aVNRyM6dRKLtZ7S60votS,price_1U90TvRyM6dRKLtZxyVKNGkh,MH-DOG-GEN-001,Complete ytt 日本犬用雞肉條小食 20g｜Complete ytt Chicken Tender Dog Treats 20g,6.74,14.9,1490,13.90,eligible_replacement_lineage,same Product plus metadata-identical active replacement Price,
103,prod_V8sFjjO8IgpPvO,price_1U8aVNRyM6dRKLtZqwr4DE1J,price_1U90TwRyM6dRKLtZWMr2o7IJ,MH-DOG-GEN-001,Complete ytt 日本犬用雞肉條小食 20g｜Complete ytt Chicken Tender Dog Treats 20g,12.9,27.9,2790,26.90,eligible_replacement_lineage,same Product plus metadata-identical active replacement Price,
104,prod_V8sFjjO8IgpPvO,price_1U8aVORyM6dRKLtZ8BiiBL40,price_1U90TxRyM6dRKLtZG6lyhu3U,MH-DOG-GEN-001,Complete ytt 日本犬用雞肉條小食 20g｜Complete ytt Chicken Tender Dog Treats 20g,32.9,69.9,6990,67.90,eligible_replacement_lineage,same Product plus metadata-identical active replacement Price,
105,prod_V8sFjjO8IgpPvO,price_1U8aVORyM6dRKLtZIb6ivl1D,price_1U90TxRyM6dRKLtZLzOCyvVt,MH-DOG-GEN-001,Complete ytt 日本犬用雞肉條小食 20g｜Complete ytt Chicken Tender Dog Treats 20g,36.7,78.9,7890,75.90,eligible_replacement_lineage,same Product plus metadata-identical active replacement Price,
106,prod_V8sFjjO8IgpPvO,price_1U8aVORyM6dRKLtZyvltXD1x,price_1U90TyRyM6dRKLtZuCzym2Wg,MH-DOG-GEN-001,Complete ytt 日本犬用雞肉條小食 20g｜Complete ytt Chicken Tender Dog Treats 20g,32.9,69.9,6990,67.90,eligible_replacement_lineage,same Product plus metadata-identical active replacement Price,
107,prod_V8szJB1xzy0Hkm,price_1U8bDuRyM6dRKLtZLWNMemMt,price_1U90TzRyM6dRKLtZ8d3asNMj,MH-LIF-GEN-001,藍貓圖案斜口高腳陶瓷食盤 M｜Blue Cat Pattern Raised Slanted Ceramic Bowl M,30.95,65.9,6590,63.90,eligible_replacement_lineage,same Product plus metadata-identical active replacement Price,
108,prod_V8szxN4qvZQyrJ,price_1U8bDrRyM6dRKLtZ4BGKfDgq,price_1U90U2RyM6dRKLtZNtqNKB0D,MH-LIF-GEN-002,貓耳斜口高腳陶瓷食盤 12cm｜Cat Ear Raised Slanted Ceramic Bowl 12cm,25.5,54.9,5490,52.90,eligible_replacement_lineage,same Product plus metadata-identical active replacement Price,
109,prod_V8szxN4qvZQyrJ,price_1U8bDrRyM6dRKLtZFJenWOBn,price_1U90U3RyM6dRKLtZgTJWL2qr,MH-LIF-GEN-002,貓耳斜口高腳陶瓷食盤 12cm｜Cat Ear Raised Slanted Ceramic Bowl 12cm,25.5,54.9,5490,52.90,eligible_replacement_lineage,same Product plus metadata-identical active replacement Price,
110,prod_V8szxN4qvZQyrJ,price_1U8bDrRyM6dRKLtZvZK2osMh,price_1U90U4RyM6dRKLtZugqWBBh3,MH-LIF-GEN-002,貓耳斜口高腳陶瓷食盤 12cm｜Cat Ear Raised Slanted Ceramic Bowl 12cm,25.5,54.9,5490,52.90,eligible_replacement_lineage,same Product plus metadata-identical active replacement Price,
111,prod_V8szxN4qvZQyrJ,price_1U8bDsRyM6dRKLtZjeQdGEbD,price_1U90U5RyM6dRKLtZcoofTFNx,MH-LIF-GEN-002,貓耳斜口高腳陶瓷食盤 12cm｜Cat Ear Raised Slanted Ceramic Bowl 12cm,25.5,54.9,5490,52.90,eligible_replacement_lineage,same Product plus metadata-identical active replacement Price,
112,prod_V8t03LiP3rgoHN,price_1U8bE3RyM6dRKLtZ2dyFDhQx,price_1U90U6RyM6dRKLtZlkpYO8WC,MH-LIF-GEN-003,貓臉斜口高腳陶瓷食盤 350ml｜Cat Face Raised Slanted Ceramic Bowl 350ml,27.94,59.9,5990,57.90,eligible_replacement_lineage,same Product plus metadata-identical active replacement Price,
113,prod_V8t03LiP3rgoHN,price_1U8bE3RyM6dRKLtZ6NUu82ih,price_1U90U7RyM6dRKLtZKEcxXS2u,MH-LIF-GEN-003,貓臉斜口高腳陶瓷食盤 350ml｜Cat Face Raised Slanted Ceramic Bowl 350ml,27.94,59.9,5990,57.90,eligible_replacement_lineage,same Product plus metadata-identical active replacement Price,
114,prod_V8t03LiP3rgoHN,price_1U8bE3RyM6dRKLtZoo1SG8fs,price_1U90U8RyM6dRKLtZFz5GTfrD,MH-LIF-GEN-003,貓臉斜口高腳陶瓷食盤 350ml｜Cat Face Raised Slanted Ceramic Bowl 350ml,27.94,59.9,5990,57.90,eligible_replacement_lineage,same Product plus metadata-identical active replacement Price,
115,prod_V8szss31Rm8tiJ,price_1U8bDzRyM6dRKLtZ4X3eofhW,price_1U90U0RyM6dRKLtZybv7SNIu,MH-LIF-GEN-004,高腳平口陶瓷貓咪食盤 250ml｜Raised Flat-Rim Ceramic Cat Bowl 250ml,18.34,39.9,3990,37.90,eligible_replacement_lineage,same Product plus metadata-identical active replacement Price,
116,prod_V8szss31Rm8tiJ,price_1U8bE0RyM6dRKLtZEhY45gCA,price_1U90U1RyM6dRKLtZttjg64hz,MH-LIF-GEN-004,高腳平口陶瓷貓咪食盤 250ml｜Raised Flat-Rim Ceramic Cat Bowl 250ml,18.34,39.9,3990,37.90,eligible_replacement_lineage,same Product plus metadata-identical active replacement Price,
117,prod_V8szss31Rm8tiJ,price_1U8bE0RyM6dRKLtZMRGdUPd6,price_1U90U2RyM6dRKLtZDgAtF958,MH-LIF-GEN-004,高腳平口陶瓷貓咪食盤 250ml｜Raised Flat-Rim Ceramic Cat Bowl 250ml,18.34,39.9,3990,37.90,eligible_replacement_lineage,same Product plus metadata-identical active replacement Price,
118,prod_V8t0eKeqlC0GzI,price_1U8bE6RyM6dRKLtZKBGrzFqk,price_1U90U8RyM6dRKLtZYP0Mu7cQ,MH-LIF-GEN-005,深藍貓臉高腳陶瓷食盤 M｜Navy Cat Face Raised Ceramic Bowl M,21.9,46.9,4690,45.90,eligible_replacement_lineage,same Product plus metadata-identical active replacement Price,
119,prod_V8szzgASg2ZnbO,price_1U8bDxRyM6dRKLtZBY1GwTXp,price_1U90U5RyM6dRKLtZrPuttxOn,MH-LIF-GEN-006,白貓海浪紋斜口高腳陶瓷食盤 M｜White Cat Wave Pattern Raised Slanted Ceramic Bowl M,27.94,59.9,5990,57.90,eligible_replacement_lineage,same Product plus metadata-identical active replacement Price,
120,prod_V8uIOVwsFqgPTV,price_1U8cU3RyM6dRKLtZBkHsqyun,price_1U90UMRyM6dRKLtZ3rSIKzH0,MH-LIF-ST-001,Nyantomo 清潔貓廁所 脫臭抗菌木質貓砂 4.4L｜Nyantomo Deodorising Antibacterial Wood Cat Litter 4.4L,96.0,203.9,20390,197.90,eligible_replacement_lineage,same Product plus metadata-identical active replacement Price,
121,prod_V8uIOVwsFqgPTV,price_1U8cU3RyM6dRKLtZTKnfNwxt,price_1U90UNRyM6dRKLtZbyJ8ASWL,MH-LIF-ST-001,Nyantomo 清潔貓廁所 脫臭抗菌木質貓砂 4.4L｜Nyantomo Deodorising Antibacterial Wood Cat Litter 4.4L,96.0,203.9,20390,197.90,eligible_replacement_lineage,same Product plus metadata-identical active replacement Price,
122,prod_V8uIOVwsFqgPTV,price_1U8cU3RyM6dRKLtZYlkAeABl,price_1U90UORyM6dRKLtZucjCVu2p,MH-LIF-ST-001,Nyantomo 清潔貓廁所 脫臭抗菌木質貓砂 4.4L｜Nyantomo Deodorising Antibacterial Wood Cat Litter 4.4L,96.0,203.9,20390,197.90,eligible_replacement_lineage,same Product plus metadata-identical active replacement Price,
