csv_row,product_id,mofu_sku,product_name,source_csv_price_id,result_price_id,csv_cost_cny,stripe_cost_cny,csv_proposed_hkd,stripe_hkd,write_action,source_inactive_when_replaced,default_price_correct,implied_baseline_removed,verified
2,prod_V90yLm2ySqOvLR,MH-CAT-CIAO-001,CIAO とろみ｜鮪魚魷魚濃湯貓罐頭｜單罐,price_1U8iwURyM6dRKLtZvEEuMvIT,price_1U92avRyM6dRKLtZbdU3CdbW,11.8,11.8,25.9,25.90,replacement_price_created,True,True,True,True
3,prod_V90yHw6lb8trQi,MH-CAT-CIAO-002,CIAO とろみ｜鰹魚高湯雞肉鮪魚蟹柳濃湯貓罐頭｜單罐,price_1U8iwVRyM6dRKLtZBxhHTGze,price_1U92axRyM6dRKLtZp83aoECz,13.8,13.8,29.9,29.90,replacement_price_created,True,True,True,True
4,prod_V90yamZYZI7jNF,MH-CAT-CIAO-003,CIAO とろみ｜鰹魚高湯雞肉鰹魚扇貝濃湯貓罐頭｜單罐,price_1U8iwXRyM6dRKLtZywWN34fZ,price_1U92azRyM6dRKLtZJlcaweNT,10.8,10.8,23.9,23.90,replacement_price_created,True,True,True,True
5,prod_V90ygMTkWiOVNg,MH-CAT-CIAO-004,CIAO とろみ｜烤鰹魚雞肉柴魚片濃湯貓罐頭｜單罐,price_1U8iwYRyM6dRKLtZYbdZDFYL,price_1U92b0RyM6dRKLtZv6bGM6Qt,11.8,11.8,25.9,25.90,replacement_price_created,True,True,True,True
6,prod_V90yLEVAaxxHJj,MH-CAT-CIAO-005,CIAO とろみ｜鰹魚高湯雞肉鮪魚魷魚濃湯貓罐頭｜單罐,price_1U8iwZRyM6dRKLtZc4a9huRq,price_1U92b2RyM6dRKLtZNmxWsbSd,10.8,10.8,23.9,23.90,replacement_price_created,True,True,True,True
7,prod_V90yH5bCkLyGYU,MH-CAT-CIAO-006,CIAO とろみ｜下泌尿道配慮雞肉鮪魚扇貝濃湯貓罐頭｜單罐,price_1U8iwaRyM6dRKLtZbm2N3cUU,price_1U92b3RyM6dRKLtZf6MBpy5H,11.8,11.8,25.9,25.90,replacement_price_created,True,True,True,True
8,prod_V90yJbWqkU76Xa,MH-CAT-CIAO-007,CIAO とろみ｜奶油濃湯雞肉鮪魚蟹柳貓罐頭｜單罐,price_1U8iwbRyM6dRKLtZl7K9ejmQ,price_1U92b5RyM6dRKLtZUCALgTdq,11.8,11.8,25.9,25.90,replacement_price_created,True,True,True,True
9,prod_V90yGkxpp9OU57,MH-CAT-CIAO-008,CIAO とろみ｜奶油濃湯雞肉鰹魚柴魚片貓罐頭｜單罐,price_1U8iwdRyM6dRKLtZ7nW4lVOy,price_1U92b6RyM6dRKLtZukI6DrYY,13.8,13.8,29.9,29.90,replacement_price_created,True,True,True,True
10,prod_V90yhouIdri4Ou,MH-CAT-CIAO-009,CIAO とろみ｜11歲以上鮪魚扇貝奶油濃湯貓罐頭｜單罐,price_1U8iweRyM6dRKLtZOPT6WHop,price_1U92b7RyM6dRKLtZfE9XBBN4,11.8,11.8,25.9,25.90,replacement_price_created,True,True,True,True
11,prod_V90yHSNJqbGEZF,MH-CAT-CIAO-010,CIAO とろみ｜14歲以上鮪魚扇貝奶油濃湯貓罐頭｜單罐,price_1U8iwfRyM6dRKLtZujEk5TUK,price_1U92b9RyM6dRKLtZMel2eEmB,13.8,13.8,29.9,29.90,replacement_price_created,True,True,True,True
12,prod_V90yxohDmOksl3,MH-CAT-CIAO-011,CIAO｜雞肉烤鰹魚柴魚片貓罐頭｜單罐,price_1U8iwgRyM6dRKLtZWmshq8Qw,price_1U92bARyM6dRKLtZPaKgjkPD,12.8,12.8,27.9,27.90,replacement_price_created,True,True,True,True
13,prod_V90yrU6QwJj9H4,MH-CAT-CIAO-012,CIAO｜雞肉甜蝦小銀魚貓罐頭｜單罐,price_1U8iwhRyM6dRKLtZedeY1D6y,price_1U92bCRyM6dRKLtZ1v4Tu7G9,13.8,13.8,29.9,29.90,replacement_price_created,True,True,True,True
14,prod_V90ynw7GK161mE,MH-CAT-CIAO-013,CIAO｜鰹魚柴魚片貓罐頭｜單罐,price_1U8iwiRyM6dRKLtZDni4Rrvo,price_1U92bDRyM6dRKLtZKMcJKopZ,13.8,13.8,29.9,29.90,replacement_price_created,True,True,True,True
15,prod_V90yisznvIVXlp,MH-CAT-CIAO-014,CIAO｜烤鰹魚鮪魚雞肉貓罐頭｜單罐,price_1U8iwjRyM6dRKLtZL7hePLZM,price_1U92bFRyM6dRKLtZlYrWAkIn,15.8,15.8,33.9,33.90,replacement_price_created,True,True,True,True
16,prod_V90ynvqu5ntnjO,MH-CAT-CIAO-015,CIAO｜雞肉扇貝柱貓罐頭｜單罐,price_1U8iwkRyM6dRKLtZLKkQOBAC,price_1U92bGRyM6dRKLtZRYHxi2K6,13.8,13.8,29.9,29.90,replacement_price_created,True,True,True,True
17,prod_V90ytLadcfCm8a,MH-CAT-CIAO-016,CIAO｜雞肉蟹柳柴魚片貓罐頭｜單罐,price_1U8iwlRyM6dRKLtZUPCtyfo0,price_1U92bIRyM6dRKLtZDdgtlcrJ,13.8,13.8,29.9,29.90,replacement_price_created,True,True,True,True
18,prod_V90yqFB6WTazQ9,MH-CAT-CIAO-017,CIAO｜雞肉蟹柳貓罐頭｜單罐,price_1U8iwmRyM6dRKLtZY9nLDMUK,price_1U92bJRyM6dRKLtZNBfa7zZ2,13.8,13.8,29.9,29.90,replacement_price_created,True,True,True,True
19,prod_V90yyLLKXQRQey,MH-CAT-CIAO-018,CIAO｜鮪魚白肉扇貝柱貓罐頭｜單罐,price_1U8iwoRyM6dRKLtZP8VcS1tu,price_1U92bLRyM6dRKLtZXjNYMz6i,12.8,12.8,27.9,27.90,replacement_price_created,True,True,True,True
20,prod_V90y14gfPJNkP3,MH-CAT-CIAO-019,CIAO｜11歲以上鰹魚白肉貓罐頭｜單罐,price_1U8iwpRyM6dRKLtZc7uPsPIp,price_1U92bMRyM6dRKLtZbxi0CtBd,15.8,15.8,33.9,33.90,replacement_price_created,True,True,True,True
21,prod_V90yRB01IgVrDV,MH-CAT-CIAO-020,CIAO｜11歲以上鮪魚白肉貓罐頭｜單罐,price_1U8iwqRyM6dRKLtZTZ0TAzAG,price_1U92bORyM6dRKLtZnmTs7R4q,15.8,15.8,33.9,33.90,replacement_price_created,True,True,True,True
22,prod_V90yoyex98iTAW,MH-CAT-CIAO-021,CIAO｜14歲以上鮪魚白肉小銀魚貓罐頭｜單罐,price_1U8iwrRyM6dRKLtZ3rlOZMIV,price_1U92bPRyM6dRKLtZqPKnP8c4,15.8,15.8,33.9,33.90,replacement_price_created,True,True,True,True
23,prod_V90yC8a54bE0EL,MH-CAT-CIAO-022,CIAO｜14歲以上鰹魚柴魚片貓罐頭｜單罐,price_1U8iwsRyM6dRKLtZ9WdAiJhl,price_1U92bRRyM6dRKLtZmq5XH6Jw,15.8,15.8,33.9,33.90,replacement_price_created,True,True,True,True
24,prod_V90yhIRALdzZyY,MH-CAT-CIAO-023,Inaba かつまぐろ｜鮪魚雞肉貓罐頭｜85g／單罐,price_1U8iwtRyM6dRKLtZyY5icJzG,price_1U8iwtRyM6dRKLtZyY5icJzG,6.81,6.81,14.9,14.90,updated_metadata_only,True,True,True,True
25,prod_V90yhuy2ZgCVZK,MH-CAT-CIAO-024,Inaba かつまぐろ｜鮪魚貓罐頭｜85g／單罐,price_1U8iwuRyM6dRKLtZD1NxsXXw,price_1U8iwuRyM6dRKLtZD1NxsXXw,6.81,6.81,14.9,14.90,updated_metadata_only,True,True,True,True
26,prod_V90yWS8dLSjcn2,MH-CAT-CIAO-025,Inaba かつまぐろ｜鮪魚三文魚貓罐頭｜85g／單罐,price_1U8iwwRyM6dRKLtZ4TVBysAG,price_1U8iwwRyM6dRKLtZ4TVBysAG,6.81,6.81,14.9,14.90,updated_metadata_only,True,True,True,True
27,prod_V90yAWxmanLYZk,MH-CAT-CIAO-026,Inaba かつまぐろ｜鮪魚小銀魚貓罐頭｜85g／單罐,price_1U8iwxRyM6dRKLtZccf5xxZZ,price_1U8iwxRyM6dRKLtZccf5xxZZ,6.81,6.81,14.9,14.90,updated_metadata_only,True,True,True,True
28,prod_V90yCfcKRyo9ou,MH-CAT-CIAO-027,Inaba かつまぐろ｜多口味隨機混拼貓罐頭｜85g × 6罐,price_1U8iwyRyM6dRKLtZS9C8A5Eu,price_1U92bVRyM6dRKLtZK8PsTOVw,29.42,29.42,62.9,62.90,replacement_price_created,True,True,True,True
29,prod_V90yWGm3mtcreN,MH-CAT-CIAO-028,Inaba かつまぐろ｜高齡貓鮪魚貓罐頭｜85g／單罐,price_1U8iwzRyM6dRKLtZ5uUc9AxZ,price_1U8iwzRyM6dRKLtZ5uUc9AxZ,6.81,6.81,14.9,14.90,updated_metadata_only,True,True,True,True
30,prod_V8uJcEJtSEmb69,MH-CAT-GNSP-006,銀之匙 三ツ星グルメ 香酥魚香 魚味綜合乾糧 200g｜Gin no Spoon Mitsuboshi Gourmet Aromatic Assorted Fish Dry Cat Food 200g,price_1U8cUURyM6dRKLtZjiy5wjhq,price_1U92bXRyM6dRKLtZ0YpnimrY,44.8,44.8,95.9,95.90,replacement_price_created,True,True,True,True
31,prod_V8uJI32Jxh5dCc,MH-CAT-GNSP-007,銀之匙 三ツ星グルメ 香酥魚香 魚肉雞肉四拼乾糧 200g｜Gin no Spoon Mitsuboshi Gourmet Aromatic Fish & Chicken Four-Recipe Dry Cat Food 200g,price_1U8cUPRyM6dRKLtZO8S4Hj2n,price_1U92bZRyM6dRKLtZZZkMBqWO,44.8,44.8,95.9,95.90,replacement_price_created,True,True,True,True
32,prod_V8uILuFno1z4MZ,MH-CAT-GNSP-008,銀之匙 三ツ星グルメ 香酥魚香 腸胃健康照護乾糧 200g｜Gin no Spoon Mitsuboshi Gourmet Aromatic Fish Gut-Health Care Dry Cat Food 200g,price_1U8cUMRyM6dRKLtZiqoZhzs8,price_1U92baRyM6dRKLtZrrrzvp6O,44.8,44.8,95.9,95.90,replacement_price_created,True,True,True,True
33,prod_V8uJPueROjgX6L,MH-CAT-GNSP-009,銀之匙 三ツ星グルメ 香酥魚香 毛球護理乾糧 200g｜Gin no Spoon Mitsuboshi Gourmet Aromatic Fish Hairball Care Dry Cat Food 200g,price_1U8cURRyM6dRKLtZxOISi7XP,price_1U92bcRyM6dRKLtZJdQTiNcp,44.8,44.8,95.9,95.90,replacement_price_created,True,True,True,True
34,prod_V8uJVy7nhLvdrI,MH-CAT-GNSP-010,"銀之匙 三ツ星グルメ 香酥魚香 金槍魚鯛魚鰹魚扇貝乾糧 200g｜Gin no Spoon Mitsuboshi Gourmet Aromatic Tuna, Sea Bream, Bonito & Scallop Dry Cat Food 200g",price_1U8cUXRyM6dRKLtZaTGFfSor,price_1U92bdRyM6dRKLtZQ9YCubz3,44.8,44.8,95.9,95.90,replacement_price_created,True,True,True,True
35,prod_V8uIfmE32YGKQz,MH-CAT-GNSP-011,銀之匙 三ツ星グルメ 夾心奶油 魚味綜合乾糧 180g｜Gin no Spoon Mitsuboshi Gourmet Cream-Filled Assorted Fish Dry Cat Food 180g,price_1U8cUHRyM6dRKLtZILTR8TCU,price_1U92beRyM6dRKLtZmG3IIc0z,44.8,44.8,95.9,95.90,replacement_price_created,True,True,True,True
36,prod_V8uIgedRHwtgJJ,MH-CAT-GNSP-012,銀之匙 三ツ星グルメ 夾心奶油 腸胃健康魚味三拼乾糧 180g｜Gin no Spoon Mitsuboshi Gourmet Cream-Filled Gut-Health Fish Three-Recipe Dry Cat Food 180g,price_1U8cUJRyM6dRKLtZoV9l2W9Y,price_1U92bgRyM6dRKLtZLsvvmfwp,44.8,44.8,95.9,95.90,replacement_price_created,True,True,True,True
37,prod_V8uIc8IHCyEuCW,MH-CAT-GNSP-013,銀之匙 三ツ星グルメ 夾心奶油 金槍魚鰹魚味乾糧 180g｜Gin no Spoon Mitsuboshi Gourmet Cream-Filled Tuna & Bonito Dry Cat Food 180g,price_1U8cUCRyM6dRKLtZZdqgSvlS,price_1U92biRyM6dRKLtZtuNG6kjP,44.8,44.8,95.9,95.90,replacement_price_created,True,True,True,True
38,prod_V8uID4s03TNUrL,MH-CAT-GNSP-014,銀之匙 三ツ星グルメ 夾心奶油 金槍魚鯛魚味乾糧 180g｜Gin no Spoon Mitsuboshi Gourmet Cream-Filled Tuna & Sea Bream Dry Cat Food 180g,price_1U8cUERyM6dRKLtZmdIE2erH,price_1U92bjRyM6dRKLtZoIWRW42a,44.8,44.8,95.9,95.90,replacement_price_created,True,True,True,True
39,prod_V8vr5nCW67gu8X,MH-CAT-GNSP-015,銀之匙 三ツ星グルメ 魚肉奶油夾心 鮪魚及白蝦味乾糧 180g｜Gin no Spoon Mitsuboshi Gourmet Cream-Filled Tuna & White Shrimp Dry Cat Food 180g,price_1U8e0ARyM6dRKLtZWOXn9WYV,price_1U92blRyM6dRKLtZ6lw9V0Mm,55.0,55.0,116.9,116.90,replacement_price_created,True,True,True,True
40,prod_V8th4gMOUDUrzu,MH-CAT-GNSP-016,銀之匙 三ツ星グルメ 夾心奶油 魚肉雞里脊三拼乾糧 180g｜Gin no Spoon Mitsuboshi Gourmet Cream-Filled Fish & Chicken Tender Three-Recipe Dry Cat Food 180g,price_1U8btqRyM6dRKLtZ3JpWeJNI,price_1U92bnRyM6dRKLtZ11iGKGVe,46.8,46.8,99.9,99.90,replacement_price_created,True,True,True,True
41,prod_V8thb2VVnmHjCY,MH-CAT-GNSP-017,銀之匙 三ツ星グルメ 夾心奶油 金槍魚鰹魚毛球護理乾糧 180g｜Gin no Spoon Mitsuboshi Gourmet Cream-Filled Tuna & Bonito Hairball Care Dry Cat Food 180g,price_1U8bttRyM6dRKLtZYVjv60by,price_1U92boRyM6dRKLtZseQYaopY,46.8,46.8,99.9,99.90,replacement_price_created,True,True,True,True
42,prod_V8th51dTMblovb,MH-CAT-GNSP-018,銀之匙 三ツ星グルメ 夾心奶油 金槍魚雞里脊味乾糧 180g｜Gin no Spoon Mitsuboshi Gourmet Cream-Filled Tuna & Chicken Tender Dry Cat Food 180g,price_1U8btoRyM6dRKLtZuVNr212k,price_1U92bpRyM6dRKLtZpnMkY8wu,46.8,46.8,99.9,99.90,replacement_price_created,True,True,True,True
43,prod_V8thjTAXBn4Lnx,MH-CAT-GNSP-019,銀之匙 三ツ星グルメ 香酥魚香毛球護理乾糧 240g｜Gin no Spoon Mitsuboshi Gourmet Fish Recipe Hairball Care Dry Cat Food 240g,price_1U8btlRyM6dRKLtZG99b8TZR,price_1U92brRyM6dRKLtZb4fhlQNf,44.8,44.8,95.9,95.90,replacement_price_created,True,True,True,True
44,prod_V8thBqcqHiv3cZ,MH-CAT-GNSP-020,銀之匙 三ツ星グルメ 幼貓魚味加牛奶乾糧 240g｜Gin no Spoon Mitsuboshi Gourmet Kitten Fish Recipe with Milk Dry Cat Food 240g,price_1U8bu8RyM6dRKLtZrtZ6IOrx,price_1U92bsRyM6dRKLtZXuvhCOiy,46.8,46.8,99.9,99.90,replacement_price_created,True,True,True,True
45,prod_V8thwhOf6ahDTN,MH-CAT-GNSP-021,銀之匙 三ツ星グルメ 10歲起腎臟健康維護魚味四拼乾糧 200g｜Gin no Spoon Mitsuboshi Gourmet 10+ Kidney Health Maintenance Fish Four-Recipe Dry Cat Food 200g,price_1U8bu5RyM6dRKLtZGPNwKLAo,price_1U92buRyM6dRKLtZvALP7vFh,46.8,46.8,99.9,99.90,replacement_price_created,True,True,True,True
46,prod_V8thRjwLfHWe9X,MH-CAT-GNSP-022,銀之匙 三ツ星グルメ 鮮旨香 魚肉雞里脊三拼乾糧 160g｜Gin no Spoon Mitsuboshi Gourmet Shimi-Uma Fish & Chicken Tender Three-Recipe Dry Cat Food 160g,price_1U8btvRyM6dRKLtZPuQqw0hP,price_1U92bvRyM6dRKLtZ9opkKa5A,46.8,46.8,99.9,99.90,replacement_price_created,True,True,True,True
47,prod_V8thsQJq4RYszQ,MH-CAT-GNSP-023,"銀之匙 三ツ星グルメ 鮮旨香 金槍魚雞里脊鰹魚乾糧 192g｜Gin no Spoon Mitsuboshi Gourmet Shimi-Uma Tuna, Chicken Tender & Bonito Dry Cat Food 192g",price_1U8btyRyM6dRKLtZ2aDVvnPF,price_1U92bxRyM6dRKLtZnKbh5677,46.8,46.8,99.9,99.90,replacement_price_created,True,True,True,True
48,prod_V8thk9qKECj0in,MH-CAT-GNSP-024,"銀之匙 三ツ星グルメ 鮮旨香 金槍魚鯛魚鰹魚乾糧 192g｜Gin no Spoon Mitsuboshi Gourmet Shimi-Uma Tuna, Sea Bream & Bonito Dry Cat Food 192g",price_1U8bu0RyM6dRKLtZKGEvnAcj,price_1U92byRyM6dRKLtZpPAsVaUD,46.8,46.8,99.9,99.90,replacement_price_created,True,True,True,True
49,prod_V8thPo6RjbpnwO,MH-CAT-GNSP-025,銀之匙 三ツ星グルメ 餐後吐毛輕減及毛球護理魚味乾糧 192g｜Gin no Spoon Mitsuboshi Gourmet Fish Recipe Dry Cat Food for Reduced Post-Meal Vomiting & Hairball Care 192g,price_1U8bu3RyM6dRKLtZLjAK97QM,price_1U92bzRyM6dRKLtZFdLPAMbX,46.8,46.8,99.9,99.90,replacement_price_created,True,True,True,True
50,prod_V8xXn4fyGQ2Iwg,MH-CAT-MONP-001,Mon Petit Crispy Kiss 鰹魚及小魚高湯味貓咪小食 30g｜Mon Petit Crispy Kiss Bonito and Small Fish Broth Cat Treats 30g,price_1U8fcPRyM6dRKLtZkmzKQFaa,price_1U92c1RyM6dRKLtZXiEdYZal,13.9,13.9,29.9,29.90,replacement_price_created,True,True,True,True
51,prod_V8xXSx8MWb3Y8D,MH-CAT-MONP-002,Mon Petit Crispy Kiss 芝士及雞肉味貓咪小食 30g｜Mon Petit Crispy Kiss Cheese and Chicken Flavour Cat Treats 30g,price_1U8fcGRyM6dRKLtZbNYK0jlM,price_1U92c2RyM6dRKLtZCsWLVG3f,13.9,13.9,29.9,29.90,replacement_price_created,True,True,True,True
52,prod_V8xXLMbKeB2tb9,MH-CAT-MONP-003,Mon Petit Crispy Kiss 鮮魚雞肉貓薄荷味貓咪小食 24g｜Mon Petit Crispy Kiss Fish and Chicken with Catnip Cat Treats 24g,price_1U8fcDRyM6dRKLtZDd0FVQMW,price_1U92c4RyM6dRKLtZt9ElROTi,13.9,13.9,29.9,29.90,replacement_price_created,True,True,True,True
53,prod_V8xXYKr9wN7Aee,MH-CAT-MONP-004,Mon Petit Crispy Kiss 鮮魚精選貓咪小食 30g｜Mon Petit Crispy Kiss Fish Select Cat Treats 30g,price_1U8fcJRyM6dRKLtZd8RKpg9m,price_1U92c5RyM6dRKLtZixmJDKPw,13.9,13.9,29.9,29.90,replacement_price_created,True,True,True,True
54,prod_V8xX5m49XGPiSw,MH-CAT-MONP-005,Mon Petit Crispy Kiss 奢華雞肉味貓咪小食 24g｜Mon Petit Crispy Kiss Luxury Chicken Flavour Cat Treats 24g,price_1U8fcFRyM6dRKLtZeD9cGjwS,price_1U92c7RyM6dRKLtZUdFIxUm1,13.9,13.9,29.9,29.90,replacement_price_created,True,True,True,True
55,prod_V8xXBfCtwPwxjK,MH-CAT-MONP-006,Mon Petit Crispy Kiss 奢華鮮魚味貓咪小食 24g｜Mon Petit Crispy Kiss Luxury Fish Flavour Cat Treats 24g,price_1U8fcERyM6dRKLtZ463dtKpL,price_1U92c8RyM6dRKLtZIPKJhmEZ,13.9,13.9,29.9,29.90,replacement_price_created,True,True,True,True
56,prod_V8xXV7x4AmWu89,MH-CAT-MONP-007,Mon Petit Crispy Kiss 奢華三文魚味貓咪小食 24g｜Mon Petit Crispy Kiss Luxury Salmon Flavour Cat Treats 24g,price_1U8fcRRyM6dRKLtZMvlsOquW,price_1U92cARyM6dRKLtZ42tDMFOl,13.9,13.9,29.9,29.90,replacement_price_created,True,True,True,True
57,prod_V8xXRC7As2ra5W,MH-CAT-MONP-008,Mon Petit Crispy Kiss 肉類精選綜合包貓咪小食 144g｜Mon Petit Crispy Kiss Meat Selection Variety Pack Cat Treats 144g,price_1U8fcHRyM6dRKLtZ0WA7KbpT,price_1U92cBRyM6dRKLtZuD5lTlz3,59.9,59.9,127.9,127.90,replacement_price_created,True,True,True,True
58,prod_V8xXMB8UApWAYP,MH-CAT-MONP-009,"Mon Petit Crispy Kiss 三文魚、鰹魚及小魚味貓咪小食 30g｜Mon Petit Crispy Kiss Salmon, Bonito and Small Fish Cat Treats 30g",price_1U8fcQRyM6dRKLtZAt0dJH05,price_1U92cDRyM6dRKLtZnmG0YS73,13.9,13.9,29.9,29.90,replacement_price_created,True,True,True,True
59,prod_V8xXmrlDUto85d,MH-CAT-MONP-010,Mon Petit Crispy Kiss 海鮮味貓咪小食 30g｜Mon Petit Crispy Kiss Seafood Flavour Cat Treats 30g,price_1U8fcKRyM6dRKLtZsJdoHEu4,price_1U92cERyM6dRKLtZFqsEi8P0,13.9,13.9,29.9,29.90,replacement_price_created,True,True,True,True
60,prod_V8xX3586zZhcZt,MH-CAT-MONP-011,"Mon Petit Crispy Kiss 海鮮、芝士及雞肉燒烤味綜合包貓咪小食 144g｜Mon Petit Crispy Kiss Seafood, Cheese and Chicken Grill Variety Pack Cat Treats 144g",price_1U8fcMRyM6dRKLtZa6kX1FcS,price_1U92cGRyM6dRKLtZ4Wu1Dgnx,59.9,59.9,127.9,127.90,replacement_price_created,True,True,True,True
61,prod_V8xXFw4xx3NEuP,MH-CAT-MONP-012,Mon Petit Crispy Kiss 海鮮及雞肉綜合包貓咪小食 144g｜Mon Petit Crispy Kiss Seafood and Chicken Variety Pack Cat Treats 144g,price_1U8fcIRyM6dRKLtZhierJFH2,price_1U92cHRyM6dRKLtZt6NOUDny,59.9,59.9,127.9,127.90,replacement_price_created,True,True,True,True
62,prod_V8xXZsF0TMS5c8,MH-CAT-MONP-013,"Mon Petit Crispy Kiss 真鯛、鰹魚及小魚高湯味貓咪小食 30g｜Mon Petit Crispy Kiss Snapper, Skipjack Tuna and Small Fish Broth Cat Treats 30g",price_1U8fcORyM6dRKLtZ1yMnnhEK,price_1U92cJRyM6dRKLtZhSxWDhFf,13.9,13.9,29.9,29.90,replacement_price_created,True,True,True,True
63,prod_V8xXM2ONlpEcC3,MH-CAT-MONP-014,Mon Petit Crispy Kiss 真鯛及海鮮綜合包貓咪小食 144g｜Mon Petit Crispy Kiss Snapper and Seafood Assortment Cat Treats 144g,price_1U8fcNRyM6dRKLtZWtmFsbjT,price_1U92cKRyM6dRKLtZQ2st81TE,59.9,59.9,127.9,127.90,replacement_price_created,True,True,True,True
64,prod_V8uInkIOBbpTsp,MH-CAT-PAMAX-001,PAMAX Miracle Series 生物酶除味貓砂 2.7kg｜PAMAX Miracle Series Enzyme Odour-Control Cat Litter 2.7kg,price_1U8cU6RyM6dRKLtZIwFymbls,price_1U92cMRyM6dRKLtZD9I4beES,90.0,90.0,191.9,191.90,replacement_price_created,True,True,True,True
65,prod_V8uInkIOBbpTsp,MH-CAT-PAMAX-001,PAMAX Miracle Series 生物酶除味貓砂 2.7kg｜PAMAX Miracle Series Enzyme Odour-Control Cat Litter 2.7kg,price_1U8cU6RyM6dRKLtZuYsvr2FS,price_1U92cNRyM6dRKLtZgMoIBTGk,46.0,46.0,97.9,97.90,replacement_price_created,True,True,True,True
66,prod_V8uInkIOBbpTsp,MH-CAT-PAMAX-001,PAMAX Miracle Series 生物酶除味貓砂 2.7kg｜PAMAX Miracle Series Enzyme Odour-Control Cat Litter 2.7kg,price_1U8cU7RyM6dRKLtZu7s2FINt,price_1U92cORyM6dRKLtZ8klVKPGY,223.0,223.0,473.9,473.90,replacement_price_created,True,True,True,True
67,prod_V8uIPfhAKY5ONF,MH-CAT-SNP-001,SNAPPY 低粉塵膨潤土貓砂 原味無香 7L｜SNAPPY Low-Dust Bentonite Cat Litter Unscented 7L,price_1U8cU9RyM6dRKLtZnyUTF5xl,price_1U92cPRyM6dRKLtZXtREBMtj,45.45,45.45,96.9,96.90,replacement_price_created,True,True,True,True
68,prod_V8vriJ8BqO90r3,MH-CAT-SNR-001,AIM30 貓咪鰹魚削節 12g｜AIM30 Cat Bonito Flakes 12g,price_1U8e01RyM6dRKLtZOgbpOPvb,price_1U92cRRyM6dRKLtZURNsKWZv,19.8,19.8,42.9,42.90,replacement_price_created,True,True,True,True
69,prod_V8vrSwyPdcre4F,MH-CAT-SNR-002,AIM30 貓咪雞肉絲 25g｜AIM30 Cat Shredded Chicken Fillet 25g,price_1U8e04RyM6dRKLtZkoQSmpqZ,price_1U92cSRyM6dRKLtZooONeXJ4,14.4,14.4,30.9,30.90,replacement_price_created,True,True,True,True
70,prod_V8vrvYaxZ1cxLJ,MH-CAT-SNR-003,AIM30 Karitto Treats 酥脆貓咪零食 雞肉及蟹肉味 25g｜AIM30 Karitto Treats 酥脆貓咪零食 雞肉及蟹肉味 25g,price_1U8e0DRyM6dRKLtZ7D7Iai7O,price_1U92cURyM6dRKLtZ4aRaEYkQ,23.8,23.8,50.9,50.90,replacement_price_created,True,True,True,True
71,prod_V8vrBdjzLlg7F7,MH-CAT-SNR-004,AIM30 Karitto Treats 酥脆貓咪零食 雞肉及牛肉味 25g｜AIM30 Karitto Treats 酥脆貓咪零食 雞肉及牛肉味 25g,price_1U8e0FRyM6dRKLtZE4JPj5uL,price_1U92cVRyM6dRKLtZ9ee1dve1,23.8,23.8,50.9,50.90,replacement_price_created,True,True,True,True
72,prod_V8vsqALfCDaZlZ,MH-CAT-SNR-005,AIM30 Karitto Treats 酥脆貓咪零食 牧場美味四種綜合包 80g｜AIM30 Karitto Treats 酥脆貓咪零食 牧場美味四種綜合包 80g,price_1U8e0IRyM6dRKLtZYfKTJ5RW,price_1U92cWRyM6dRKLtZbfuZX24b,56.0,56.0,119.9,119.90,replacement_price_created,True,True,True,True
73,prod_V8vs7g4SLaJWJ3,MH-CAT-SNR-006,AIM30 Karitto Treats 酥脆貓咪零食 吞拿魚及雞肉雙拼綜合包 80g｜AIM30 Karitto Treats 酥脆貓咪零食 吞拿魚及雞肉雙拼綜合包 80g,price_1U8e0LRyM6dRKLtZDV8NlhJy,price_1U92cZRyM6dRKLtZ47TcdL2i,56.0,56.0,119.9,119.90,replacement_price_created,True,True,True,True
74,prod_V8vsohIxXgEVDb,MH-CAT-SNR-007,AIM30 Karitto Treats 酥脆貓咪零食 吞拿魚及三文魚味 25g｜AIM30 Karitto Treats 酥脆貓咪零食 吞拿魚及三文魚味 25g,price_1U8e0NRyM6dRKLtZOs14Trkd,price_1U92caRyM6dRKLtZxdQa08LF,56.0,56.0,119.9,119.90,replacement_price_created,True,True,True,True
75,prod_V8vrxdYkx6Hq9O,MH-CAT-SNR-008,AIM30 Karitto Treats 酥脆貓咪零食 綜合營養吞拿魚味 25g｜AIM30 Karitto Treats Crispy Cat Treats Balanced Nutrition Tuna 25g,price_1U8dzrRyM6dRKLtZSyj8L3go,price_1U92cbRyM6dRKLtZ1o8s4vfO,14.4,14.4,30.9,30.90,replacement_price_created,True,True,True,True
76,prod_V8vrVGdqH472WR,MH-CAT-SNR-009,AIM30 Karitto Treats 酥脆貓咪零食 牛肉味 25g｜AIM30 Karitto Treats Crispy Cat Treats Beef Flavour 25g,price_1U8dzYRyM6dRKLtZ80e1VIfP,price_1U92cdRyM6dRKLtZTvZaO26Y,14.4,14.4,30.9,30.90,replacement_price_created,True,True,True,True
77,prod_V8vrCIoYlfznHf,MH-CAT-SNR-010,AIM30 Karitto Treats 酥脆貓咪零食 鰹魚味 25g｜AIM30 Karitto Treats Crispy Cat Treats Bonito Flavour 25g,price_1U8dzgRyM6dRKLtZTCmIF0v5,price_1U92ceRyM6dRKLtZ9rlPF5fQ,19.8,19.8,42.9,42.90,replacement_price_created,True,True,True,True
78,prod_V8vrEO4eoZSj2o,MH-CAT-SNR-011,AIM30 Karitto Treats 酥脆貓咪零食 芝士味 25g｜AIM30 Karitto Treats Crispy Cat Treats Cheese Flavour 25g,price_1U8dzVRyM6dRKLtZNWWJarJn,price_1U92cgRyM6dRKLtZZqvjv3EW,14.4,14.4,30.9,30.90,replacement_price_created,True,True,True,True
79,prod_V8vrkohKHcwdKL,MH-CAT-SNR-012,AIM30 Karitto Treats 酥脆貓咪零食 雞肉味 25g｜AIM30 Karitto Treats Crispy Cat Treats Chicken Flavour 25g,price_1U8dzNRyM6dRKLtZwBGGo3H9,price_1U92chRyM6dRKLtZjZJb9N5w,14.4,14.4,30.9,30.90,replacement_price_created,True,True,True,True
80,prod_V8vrsKDQclIgy0,MH-CAT-SNR-013,AIM30 Karitto Treats 酥脆貓咪零食 雞肉味 80g｜AIM30 Karitto Treats Crispy Cat Treats Chicken Flavour 80g,price_1U8dzwRyM6dRKLtZ7ujj8KaR,price_1U92cjRyM6dRKLtZWhChLaeS,56.0,56.0,119.9,119.90,replacement_price_created,True,True,True,True
81,prod_V8vq78vZ3hdOmK,MH-CAT-SNR-014,AIM30 Karitto Treats 酥脆貓咪零食 鮮魚味 25g｜AIM30 Karitto Treats Crispy Cat Treats Fish Flavour 25g,price_1U8dzLRyM6dRKLtZiNLM7My7,price_1U92clRyM6dRKLtZ1uMZrRwW,14.4,14.4,30.9,30.90,replacement_price_created,True,True,True,True
82,prod_V8vrYMEciXr909,MH-CAT-SNR-015,AIM30 Karitto Treats 酥脆貓咪零食 鮮魚味 80g｜AIM30 Karitto Treats Crispy Cat Treats Fish Flavour 80g,price_1U8dztRyM6dRKLtZ3WxywbNW,price_1U92cmRyM6dRKLtZPpewg1U9,56.0,56.0,119.9,119.90,replacement_price_created,True,True,True,True
83,prod_V8vrEgpUGj9fjI,MH-CAT-SNR-016,AIM30 Karitto Treats 酥脆貓咪零食 魚味四種綜合包 80g｜AIM30 Karitto Treats Crispy Cat Treats Four Fish Flavours Assortment 80g,price_1U8dzzRyM6dRKLtZyAr6CctM,price_1U92cnRyM6dRKLtZipXHwfwH,56.0,56.0,119.9,119.90,replacement_price_created,True,True,True,True
84,prod_V8vrEGzFHOkIGq,MH-CAT-SNR-017,AIM30 Karitto Treats 酥脆貓咪零食 毛球護理吞拿魚味 25g｜AIM30 Karitto Treats Crispy Cat Treats Hairball Care Tuna 25g,price_1U8dzlRyM6dRKLtZddHrurtA,price_1U92cpRyM6dRKLtZQSh9OR9M,14.4,14.4,30.9,30.90,replacement_price_created,True,True,True,True
85,prod_V8vr09YUCbk2x6,MH-CAT-SNR-018,AIM30 Karitto Treats 酥脆貓咪零食 乳酸菌吞拿魚味 25g｜AIM30 Karitto Treats Crispy Cat Treats Tuna with Lactic Acid Bacteria 25g,price_1U8dzoRyM6dRKLtZuW3r2eij,price_1U92cqRyM6dRKLtZ4ay2wadE,14.4,14.4,30.9,30.90,replacement_price_created,True,True,True,True
86,prod_V8vragc9O6bDre,MH-CAT-SNR-019,AIM30 Karitto Treats 酥脆貓咪零食 金槍魚味 25g｜AIM30 Karitto Treats Crispy Cat Treats Tuna Flavour 25g,price_1U8dzdRyM6dRKLtZmYLY5TKe,price_1U92csRyM6dRKLtZ2eSEm4Tl,14.4,14.4,30.9,30.90,replacement_price_created,True,True,True,True
87,prod_V8vr3X8ZjnY554,MH-CAT-SNR-020,AIM30 Karitto Treats 酥脆貓咪零食 三文魚味 25g｜AIM30 Karitto Treats Crispy Cat Treats Salmon Flavour 25g,price_1U8dzQRyM6dRKLtZJ5Dc0Gve,price_1U92ctRyM6dRKLtZILliTNuV,14.4,14.4,30.9,30.90,replacement_price_created,True,True,True,True
88,prod_V8vrqp1avymNZ9,MH-CAT-SNR-021,AIM30 Karitto Treats 酥脆貓咪零食 海鮮味 25g｜AIM30 Karitto Treats Crispy Cat Treats Seafood Flavour 25g,price_1U8dzTRyM6dRKLtZAzLsio4t,price_1U92cvRyM6dRKLtZ0wuyoY4i,14.4,14.4,30.9,30.90,replacement_price_created,True,True,True,True
89,prod_V8vrJdunHu4yQD,MH-CAT-SNR-022,AIM30 Karitto Treats 酥脆貓咪零食 吞拿魚及蟹肉味 25g｜AIM30 Karitto Treats Crispy Cat Treats Tuna & Crab Flavour 25g,price_1U8dziRyM6dRKLtZ8ixLg9g3,price_1U92cwRyM6dRKLtZQNotFV64,14.4,14.4,30.9,30.90,replacement_price_created,True,True,True,True
90,prod_V8vr8q8jdO6wNr,MH-CAT-SNR-023,AIM30 Karitto Treats 酥脆貓咪零食 吞拿魚味 25g｜AIM30 Karitto Treats Crispy Cat Treats Tuna Flavour 25g,price_1U8dzaRyM6dRKLtZjQNjilZt,price_1U92cyRyM6dRKLtZAjBUMtHk,19.8,19.8,42.9,42.90,replacement_price_created,True,True,True,True
91,prod_V8vro3NAxi0isd,MH-CAT-SNR-024,AIM30 貓咪吞拿魚片 30g｜AIM30 Cat Tuna Slices 30g,price_1U8e07RyM6dRKLtZMgv8TuPi,price_1U92czRyM6dRKLtZmbozTWZa,19.8,19.8,42.9,42.90,replacement_price_created,True,True,True,True
92,prod_V8xXuAW047ti4v,MH-CAT-SNR-025,AIM30 室內成貓 雞肉味乾糧 600g｜AIM30 Indoor Adult Cat Food Chicken Flavour 600g,price_1U8fc3RyM6dRKLtZ8kbEZQmk,price_1U92d0RyM6dRKLtZdERJh6Vk,168.0,168.0,356.9,356.90,replacement_price_created,True,True,True,True
93,prod_V8xXIokF7G9Er0,MH-CAT-SNR-026,AIM30 室內成貓 鮮魚味乾糧 600g｜AIM30 Indoor Adult Cat Food Fish Flavour 600g,price_1U8fc4RyM6dRKLtZnmbBZ59U,price_1U92d2RyM6dRKLtZLmwY2w0c,168.0,168.0,356.9,356.90,replacement_price_created,True,True,True,True
94,prod_V8xXwAmye0eVa6,MH-CAT-SNR-027,AIM30 室內成貓 腎臟健康照護 雞肉味乾糧 600g｜AIM30 Indoor Adult Cat Food Kidney Health Care Chicken Flavour 600g,price_1U8fc5RyM6dRKLtZ1foJPEVT,price_1U92d3RyM6dRKLtZfO6JFKLA,105.0,105.0,223.9,223.90,replacement_price_created,True,True,True,True
95,prod_V8xXxYtzIJ6S93,MH-CAT-SNR-028,AIM30 室內已絕育成貓 雞肉味乾糧 1.2kg｜AIM30 Indoor Spayed and Neutered Adult Cat Food Chicken Flavour 1.2kg,price_1U8fcCRyM6dRKLtZhVXn5d9C,price_1U92d5RyM6dRKLtZWl7zAy7w,197.0,197.0,418.9,418.90,replacement_price_created,True,True,True,True
96,prod_V8xXaZ0jwFhqkT,MH-CAT-SNR-029,AIM30 室內高齡貓 11 歲以上 雞肉味乾糧 600g｜AIM30 Indoor Senior Cat Food 11+ Chicken Flavour 600g,price_1U8fc2RyM6dRKLtZ3lk0Ei43,price_1U92d6RyM6dRKLtZjm8T3KGh,168.0,168.0,356.9,356.90,replacement_price_created,True,True,True,True
97,prod_V8xXMTWORpMyun,MH-CAT-SNR-030,AIM30 室內高齡貓 11 歲以上 鮮魚味乾糧 600g｜AIM30 Indoor Senior Cat Food 11+ Fish Flavour 600g,price_1U8fcBRyM6dRKLtZpuYulJ4J,price_1U92d8RyM6dRKLtZQMmxhTVN,168.0,168.0,356.9,356.90,replacement_price_created,True,True,True,True
98,prod_V8xXwQzwhjo93R,MH-CAT-SNR-031,AIM30 室內高齡貓 15 歲以上 雞肉味乾糧 600g｜AIM30 Indoor Senior Cat Food 15+ Chicken Flavour 600g,price_1U8fc9RyM6dRKLtZcSJjz0IP,price_1U92d9RyM6dRKLtZO5d8WYG2,168.0,168.0,356.9,356.90,replacement_price_created,True,True,True,True
99,prod_V8xXT4XG39RY4o,MH-CAT-SNR-032,AIM30 室內高齡貓 15 歲以上 腎臟健康照護 鮮魚味乾糧 600g｜AIM30 Indoor Senior Cat Food 15+ Kidney Health Care Fish Flavour 600g,price_1U8fc8RyM6dRKLtZkNh900Ke,price_1U92dBRyM6dRKLtZYUWcmvHM,168.0,168.0,356.9,356.90,replacement_price_created,True,True,True,True
100,prod_V8xXTyAkIg3YGz,MH-CAT-SNR-033,AIM30 室內高齡貓 15 歲以上 腎臟健康照護 雞肉味乾糧 600g｜AIM30 Indoor Senior Cat Food 15+ Kidney Health Care Chicken Flavour 600g,price_1U8fc6RyM6dRKLtZ8UU70tzG,price_1U92dCRyM6dRKLtZPsnQyZOO,168.0,168.0,356.9,356.90,replacement_price_created,True,True,True,True
101,prod_V8uIO7LzUQjeCT,MH-CAT-UCM-001,Unicharm Deotoilet 消臭抗菌沸石貓砂 清新庭院香 3.8L｜Unicharm Deotoilet Deodorising Antibacterial Zeolite Cat Litter Natural Green 3.8L,price_1U8cU0RyM6dRKLtZ8uu3Ejr3,price_1U92dDRyM6dRKLtZicS662AB,43.0,43.0,91.9,91.90,replacement_price_created,True,True,True,True
102,prod_V8sFjjO8IgpPvO,MH-DOG-GEN-001,Complete ytt 日本犬用雞肉條小食 20g｜Complete ytt Chicken Tender Dog Treats 20g,price_1U8aVNRyM6dRKLtZ7S60votS,price_1U92dFRyM6dRKLtZZLH2D9qF,6.74,6.74,14.9,14.90,replacement_price_created,True,True,True,True
103,prod_V8sFjjO8IgpPvO,MH-DOG-GEN-001,Complete ytt 日本犬用雞肉條小食 20g｜Complete ytt Chicken Tender Dog Treats 20g,price_1U8aVNRyM6dRKLtZqwr4DE1J,price_1U92dGRyM6dRKLtZZafsQ0aX,12.9,12.9,27.9,27.90,replacement_price_created,True,True,True,True
104,prod_V8sFjjO8IgpPvO,MH-DOG-GEN-001,Complete ytt 日本犬用雞肉條小食 20g｜Complete ytt Chicken Tender Dog Treats 20g,price_1U8aVORyM6dRKLtZ8BiiBL40,price_1U92dIRyM6dRKLtZC33pAKKz,32.9,32.9,69.9,69.90,replacement_price_created,True,True,True,True
105,prod_V8sFjjO8IgpPvO,MH-DOG-GEN-001,Complete ytt 日本犬用雞肉條小食 20g｜Complete ytt Chicken Tender Dog Treats 20g,price_1U8aVORyM6dRKLtZIb6ivl1D,price_1U92dJRyM6dRKLtZfen7ZKzn,36.7,36.7,78.9,78.90,replacement_price_created,True,True,True,True
106,prod_V8sFjjO8IgpPvO,MH-DOG-GEN-001,Complete ytt 日本犬用雞肉條小食 20g｜Complete ytt Chicken Tender Dog Treats 20g,price_1U8aVORyM6dRKLtZyvltXD1x,price_1U92dKRyM6dRKLtZV1YXpEW3,32.9,32.9,69.9,69.90,replacement_price_created,True,True,True,True
107,prod_V8szJB1xzy0Hkm,MH-LIF-GEN-001,藍貓圖案斜口高腳陶瓷食盤 M｜Blue Cat Pattern Raised Slanted Ceramic Bowl M,price_1U8bDuRyM6dRKLtZLWNMemMt,price_1U92dLRyM6dRKLtZ2f7ZTljS,30.95,30.95,65.9,65.90,replacement_price_created,True,True,True,True
108,prod_V8szxN4qvZQyrJ,MH-LIF-GEN-002,貓耳斜口高腳陶瓷食盤 12cm｜Cat Ear Raised Slanted Ceramic Bowl 12cm,price_1U8bDrRyM6dRKLtZ4BGKfDgq,price_1U92dNRyM6dRKLtZ7qbOapPj,25.5,25.5,54.9,54.90,replacement_price_created,True,True,True,True
109,prod_V8szxN4qvZQyrJ,MH-LIF-GEN-002,貓耳斜口高腳陶瓷食盤 12cm｜Cat Ear Raised Slanted Ceramic Bowl 12cm,price_1U8bDrRyM6dRKLtZFJenWOBn,price_1U92dORyM6dRKLtZbeqCNpsb,25.5,25.5,54.9,54.90,replacement_price_created,True,True,True,True
110,prod_V8szxN4qvZQyrJ,MH-LIF-GEN-002,貓耳斜口高腳陶瓷食盤 12cm｜Cat Ear Raised Slanted Ceramic Bowl 12cm,price_1U8bDrRyM6dRKLtZvZK2osMh,price_1U92dPRyM6dRKLtZFMyHGFKW,25.5,25.5,54.9,54.90,replacement_price_created,True,True,True,True
111,prod_V8szxN4qvZQyrJ,MH-LIF-GEN-002,貓耳斜口高腳陶瓷食盤 12cm｜Cat Ear Raised Slanted Ceramic Bowl 12cm,price_1U8bDsRyM6dRKLtZjeQdGEbD,price_1U92dQRyM6dRKLtZjgBAqSzt,25.5,25.5,54.9,54.90,replacement_price_created,True,True,True,True
112,prod_V8t03LiP3rgoHN,MH-LIF-GEN-003,貓臉斜口高腳陶瓷食盤 350ml｜Cat Face Raised Slanted Ceramic Bowl 350ml,price_1U8bE3RyM6dRKLtZ2dyFDhQx,price_1U92dRRyM6dRKLtZQmvKDs8R,27.94,27.94,59.9,59.90,replacement_price_created,True,True,True,True
113,prod_V8t03LiP3rgoHN,MH-LIF-GEN-003,貓臉斜口高腳陶瓷食盤 350ml｜Cat Face Raised Slanted Ceramic Bowl 350ml,price_1U8bE3RyM6dRKLtZ6NUu82ih,price_1U92dTRyM6dRKLtZqFfRycYk,27.94,27.94,59.9,59.90,replacement_price_created,True,True,True,True
114,prod_V8t03LiP3rgoHN,MH-LIF-GEN-003,貓臉斜口高腳陶瓷食盤 350ml｜Cat Face Raised Slanted Ceramic Bowl 350ml,price_1U8bE3RyM6dRKLtZoo1SG8fs,price_1U92dURyM6dRKLtZ2CCTIv9d,27.94,27.94,59.9,59.90,replacement_price_created,True,True,True,True
115,prod_V8szss31Rm8tiJ,MH-LIF-GEN-004,高腳平口陶瓷貓咪食盤 250ml｜Raised Flat-Rim Ceramic Cat Bowl 250ml,price_1U8bDzRyM6dRKLtZ4X3eofhW,price_1U92dVRyM6dRKLtZDYHV9K1L,18.34,18.34,39.9,39.90,replacement_price_created,True,True,True,True
116,prod_V8szss31Rm8tiJ,MH-LIF-GEN-004,高腳平口陶瓷貓咪食盤 250ml｜Raised Flat-Rim Ceramic Cat Bowl 250ml,price_1U8bE0RyM6dRKLtZEhY45gCA,price_1U92dXRyM6dRKLtZ14K7JlnG,18.34,18.34,39.9,39.90,replacement_price_created,True,True,True,True
117,prod_V8szss31Rm8tiJ,MH-LIF-GEN-004,高腳平口陶瓷貓咪食盤 250ml｜Raised Flat-Rim Ceramic Cat Bowl 250ml,price_1U8bE0RyM6dRKLtZMRGdUPd6,price_1U92dYRyM6dRKLtZJLSh6MXi,18.34,18.34,39.9,39.90,replacement_price_created,True,True,True,True
118,prod_V8t0eKeqlC0GzI,MH-LIF-GEN-005,深藍貓臉高腳陶瓷食盤 M｜Navy Cat Face Raised Ceramic Bowl M,price_1U8bE6RyM6dRKLtZKBGrzFqk,price_1U92dZRyM6dRKLtZKbrQLfP4,21.9,21.9,46.9,46.90,replacement_price_created,True,True,True,True
119,prod_V8szzgASg2ZnbO,MH-LIF-GEN-006,白貓海浪紋斜口高腳陶瓷食盤 M｜White Cat Wave Pattern Raised Slanted Ceramic Bowl M,price_1U8bDxRyM6dRKLtZBY1GwTXp,price_1U92daRyM6dRKLtZv4YTAM0p,27.94,27.94,59.9,59.90,replacement_price_created,True,True,True,True
120,prod_V8uIOVwsFqgPTV,MH-LIF-ST-001,Nyantomo 清潔貓廁所 脫臭抗菌木質貓砂 4.4L｜Nyantomo Deodorising Antibacterial Wood Cat Litter 4.4L,price_1U8cU3RyM6dRKLtZBkHsqyun,price_1U92dcRyM6dRKLtZXuj6xFow,96.0,96.0,203.9,203.90,replacement_price_created,True,True,True,True
121,prod_V8uIOVwsFqgPTV,MH-LIF-ST-001,Nyantomo 清潔貓廁所 脫臭抗菌木質貓砂 4.4L｜Nyantomo Deodorising Antibacterial Wood Cat Litter 4.4L,price_1U8cU3RyM6dRKLtZTKnfNwxt,price_1U92ddRyM6dRKLtZd3ZiaYxM,96.0,96.0,203.9,203.90,replacement_price_created,True,True,True,True
122,prod_V8uIOVwsFqgPTV,MH-LIF-ST-001,Nyantomo 清潔貓廁所 脫臭抗菌木質貓砂 4.4L｜Nyantomo Deodorising Antibacterial Wood Cat Litter 4.4L,price_1U8cU3RyM6dRKLtZYlkAeABl,price_1U92deRyM6dRKLtZnha0FVzX,96.0,96.0,203.9,203.90,replacement_price_created,True,True,True,True
