product_id,price_id,is_default_price,variant_mode,variant_label_zh,mofu_sku,product_name,brand,category,current_hkd,cost_cny,target_product_margin,stored_cny_to_hkd,latest_cny_to_hkd,fx_change_percent,rounding_rule,pricing_ship_to_hk_hkd,retail_pricing_rule,unrounded_proposed_hkd,proposed_hkd,price_change_hkd,price_change_percent,current_margin_at_latest_fx,proposed_margin_at_latest_fx,would_change_without_guard,passes_potential_fx_trigger_0_5_percent,within_potential_price_change_cap_5_percent,potential_review_guard_status,cost_hkd_at_latest_fx,gross_profit_hkd,gross_margin_pct
prod_V8uIOVwsFqgPTV,price_1U8cU3RyM6dRKLtZBkHsqyun,False,choice,4.4L｜大顆粒,MH-LIF-ST-001,Nyantomo 清潔貓廁所 脫臭抗菌木質貓砂 4.4L｜Nyantomo Deodorising Antibacterial Wood Cat Litter 4.4L,S.T. ニャンとも清潔トイレ,cats,203.9,96.0,0.45,1.1654,1.1678,0.2059,upward .90,0.0,"CNY×1.1654/(1-45%), upward .90",203.8342,203.9,0.0,0.0,0.4502,0.4502,False,False,True,no_price_change,112.11,91.79,45.02
prod_V8uIOVwsFqgPTV,price_1U8cU3RyM6dRKLtZTKnfNwxt,False,choice,4.4L｜小顆粒,MH-LIF-ST-001,Nyantomo 清潔貓廁所 脫臭抗菌木質貓砂 4.4L｜Nyantomo Deodorising Antibacterial Wood Cat Litter 4.4L,S.T. ニャンとも清潔トイレ,cats,203.9,96.0,0.45,1.1654,1.1678,0.2059,upward .90,0.0,"CNY×1.1654/(1-45%), upward .90",203.8342,203.9,0.0,0.0,0.4502,0.4502,False,False,True,no_price_change,112.11,91.79,45.02
prod_V8uIOVwsFqgPTV,price_1U8cU3RyM6dRKLtZYlkAeABl,True,choice,4.4L｜極小顆粒,MH-LIF-ST-001,Nyantomo 清潔貓廁所 脫臭抗菌木質貓砂 4.4L｜Nyantomo Deodorising Antibacterial Wood Cat Litter 4.4L,S.T. ニャンとも清潔トイレ,cats,203.9,96.0,0.45,1.1654,1.1678,0.2059,upward .90,0.0,"CNY×1.1654/(1-45%), upward .90",203.8342,203.9,0.0,0.0,0.4502,0.4502,False,False,True,no_price_change,112.11,91.79,45.02
prod_V8xXuAW047ti4v,price_1U8fc3RyM6dRKLtZ8kbEZQmk,True,single,雞肉味｜600g,MH-CAT-SNR-025,AIM30 室內成貓 雞肉味乾糧 600g｜AIM30 Indoor Adult Cat Food Chicken Flavour 600g,Sunrise AIM30,cats,356.9,168.0,0.45,1.1654,1.1678,0.2059,upward .90,0.0,"CNY×1.1654/(1-45%), upward .90",356.7098,356.9,0.0,0.0,0.4503,0.4503,False,False,True,no_price_change,196.19,160.71,45.03
prod_V8xXIokF7G9Er0,price_1U8fc4RyM6dRKLtZnmbBZ59U,True,single,鮮魚味｜600g,MH-CAT-SNR-026,AIM30 室內成貓 鮮魚味乾糧 600g｜AIM30 Indoor Adult Cat Food Fish Flavour 600g,Sunrise AIM30,cats,356.9,168.0,0.45,1.1654,1.1678,0.2059,upward .90,0.0,"CNY×1.1654/(1-45%), upward .90",356.7098,356.9,0.0,0.0,0.4503,0.4503,False,False,True,no_price_change,196.19,160.71,45.03
prod_V8xXaZ0jwFhqkT,price_1U8fc2RyM6dRKLtZ3lk0Ei43,True,single,11 歲以上｜雞肉味｜600g,MH-CAT-SNR-029,AIM30 室內高齡貓 11 歲以上 雞肉味乾糧 600g｜AIM30 Indoor Senior Cat Food 11+ Chicken Flavour 600g,Sunrise AIM30,cats,356.9,168.0,0.45,1.1654,1.1678,0.2059,upward .90,0.0,"CNY×1.1654/(1-45%), upward .90",356.7098,356.9,0.0,0.0,0.4503,0.4503,False,False,True,no_price_change,196.19,160.71,45.03
prod_V8xXMTWORpMyun,price_1U8fcBRyM6dRKLtZpuYulJ4J,True,single,11 歲以上｜鮮魚味｜600g,MH-CAT-SNR-030,AIM30 室內高齡貓 11 歲以上 鮮魚味乾糧 600g｜AIM30 Indoor Senior Cat Food 11+ Fish Flavour 600g,Sunrise AIM30,cats,356.9,168.0,0.45,1.1654,1.1678,0.2059,upward .90,0.0,"CNY×1.1654/(1-45%), upward .90",356.7098,356.9,0.0,0.0,0.4503,0.4503,False,False,True,no_price_change,196.19,160.71,45.03
prod_V8xXwQzwhjo93R,price_1U8fc9RyM6dRKLtZcSJjz0IP,True,single,15 歲以上｜雞肉味｜600g,MH-CAT-SNR-031,AIM30 室內高齡貓 15 歲以上 雞肉味乾糧 600g｜AIM30 Indoor Senior Cat Food 15+ Chicken Flavour 600g,Sunrise AIM30,cats,356.9,168.0,0.45,1.1654,1.1678,0.2059,upward .90,0.0,"CNY×1.1654/(1-45%), upward .90",356.7098,356.9,0.0,0.0,0.4503,0.4503,False,False,True,no_price_change,196.19,160.71,45.03
prod_V8xXT4XG39RY4o,price_1U8fc8RyM6dRKLtZkNh900Ke,True,single,15 歲以上｜腎臟健康照護｜鮮魚味｜600g,MH-CAT-SNR-032,AIM30 室內高齡貓 15 歲以上 腎臟健康照護 鮮魚味乾糧 600g｜AIM30 Indoor Senior Cat Food 15+ Kidney Health Care Fish Flavour 600g,Sunrise AIM30,cats,356.9,168.0,0.45,1.1654,1.1678,0.2059,upward .90,0.0,"CNY×1.1654/(1-45%), upward .90",356.7098,356.9,0.0,0.0,0.4503,0.4503,False,False,True,no_price_change,196.19,160.71,45.03
prod_V8xXTyAkIg3YGz,price_1U8fc6RyM6dRKLtZ8UU70tzG,True,single,15 歲以上｜腎臟健康照護｜雞肉味｜600g,MH-CAT-SNR-033,AIM30 室內高齡貓 15 歲以上 腎臟健康照護 雞肉味乾糧 600g｜AIM30 Indoor Senior Cat Food 15+ Kidney Health Care Chicken Flavour 600g,Sunrise AIM30,cats,356.9,168.0,0.45,1.1654,1.1678,0.2059,upward .90,0.0,"CNY×1.1654/(1-45%), upward .90",356.7098,356.9,0.0,0.0,0.4503,0.4503,False,False,True,no_price_change,196.19,160.71,45.03
prod_V8sFjjO8IgpPvO,price_1U8aVORyM6dRKLtZ8BiiBL40,False,pack_size,混合口味 8 包／可自選（共 64 根）,MH-DOG-GEN-001,Complete ytt 日本犬用雞肉條小食 20g｜Complete ytt Chicken Tender Dog Treats 20g,Complete ytt,dogs,69.9,32.9,0.45,1.1654,1.1678,0.2059,upward .90,0.0,"CNY×1.1654/(1-45%), upward .90",69.8557,69.9,0.0,0.0,0.4503,0.4503,False,False,True,no_price_change,38.42,31.48,45.03
prod_V8sFjjO8IgpPvO,price_1U8aVORyM6dRKLtZyvltXD1x,False,pack_size,4 口味各 2 包（共 64 根）,MH-DOG-GEN-001,Complete ytt 日本犬用雞肉條小食 20g｜Complete ytt Chicken Tender Dog Treats 20g,Complete ytt,dogs,69.9,32.9,0.45,1.1654,1.1678,0.2059,upward .90,0.0,"CNY×1.1654/(1-45%), upward .90",69.8557,69.9,0.0,0.0,0.4503,0.4503,False,False,True,no_price_change,38.42,31.48,45.03
prod_V8uInkIOBbpTsp,price_1U8cU7RyM6dRKLtZu7s2FINt,False,pack_size,6 包｜16.2kg,MH-CAT-PAMAX-001,PAMAX Miracle Series 生物酶除味貓砂 2.7kg｜PAMAX Miracle Series Enzyme Odour-Control Cat Litter 2.7kg,PAMAX,cats,472.9,223.0,0.45,1.1654,1.1678,0.2059,upward .90,0.0,"CNY×1.1654/(1-45%), upward .90",473.4898,473.9,1.0,0.2115,0.4493,0.4505,True,False,True,hold_fx_change_below_0.5_percent,260.42,213.48,45.05
prod_V8vr5nCW67gu8X,price_1U8e0ARyM6dRKLtZWOXn9WYV,True,single,鮪魚及白蝦味,MH-CAT-GNSP-015,銀之匙 三ツ星グルメ 魚肉奶油夾心 鮪魚及白蝦味乾糧 180g｜Gin no Spoon Mitsuboshi Gourmet Cream-Filled Tuna & White Shrimp Dry Cat Food 180g,銀之匙／三ツ星グルメ,cats,116.9,55.0,0.45,1.1654,1.1678,0.2059,upward .90,0.0,"CNY×1.1654/(1-45%), upward .90",116.78,116.9,0.0,0.0,0.4506,0.4506,False,False,True,no_price_change,64.23,52.67,45.06
prod_V8xXxYtzIJ6S93,price_1U8fcCRyM6dRKLtZhVXn5d9C,True,single,已絕育成貓｜雞肉味｜1.2kg,MH-CAT-SNR-028,AIM30 室內已絕育成貓 雞肉味乾糧 1.2kg｜AIM30 Indoor Spayed and Neutered Adult Cat Food Chicken Flavour 1.2kg,Sunrise AIM30,cats,417.9,197.0,0.45,1.1654,1.1678,0.2059,upward .90,0.0,"CNY×1.1654/(1-45%), upward .90",418.2847,418.9,1.0,0.2393,0.4495,0.4508,True,False,True,hold_fx_change_below_0.5_percent,230.06,188.84,45.08
prod_V8uInkIOBbpTsp,price_1U8cU6RyM6dRKLtZuYsvr2FS,True,pack_size,1 包｜2.7kg,MH-CAT-PAMAX-001,PAMAX Miracle Series 生物酶除味貓砂 2.7kg｜PAMAX Miracle Series Enzyme Odour-Control Cat Litter 2.7kg,PAMAX,cats,97.9,46.0,0.45,1.1654,1.1678,0.2059,upward .90,0.0,"CNY×1.1654/(1-45%), upward .90",97.6705,97.9,0.0,0.0,0.4513,0.4513,False,False,True,no_price_change,53.72,44.18,45.13
prod_V8szJB1xzy0Hkm,price_1U8bDuRyM6dRKLtZLWNMemMt,True,single,藍貓圖案 M,MH-LIF-GEN-001,藍貓圖案斜口高腳陶瓷食盤 M｜Blue Cat Pattern Raised Slanted Ceramic Bowl M,未標示品牌,lifestyle,65.9,30.95,0.45,1.1654,1.1678,0.2059,upward .90,0.0,"CNY×1.1654/(1-45%), upward .90",65.7153,65.9,0.0,0.0,0.4515,0.4515,False,False,True,no_price_change,36.14,29.76,45.15
prod_V8uInkIOBbpTsp,price_1U8cU6RyM6dRKLtZIwFymbls,False,pack_size,2 包｜5.4kg,MH-CAT-PAMAX-001,PAMAX Miracle Series 生物酶除味貓砂 2.7kg｜PAMAX Miracle Series Enzyme Odour-Control Cat Litter 2.7kg,PAMAX,cats,190.9,90.0,0.45,1.1654,1.1678,0.2059,upward .90,0.0,"CNY×1.1654/(1-45%), upward .90",191.0945,191.9,1.0,0.5238,0.4494,0.4523,True,False,True,hold_fx_change_below_0.5_percent,105.10,86.80,45.23
prod_V8uIPfhAKY5ONF,price_1U8cU9RyM6dRKLtZnyUTF5xl,True,single,7L｜原味無香,MH-CAT-SNP-001,SNAPPY 低粉塵膨潤土貓砂 原味無香 7L｜SNAPPY Low-Dust Bentonite Cat Litter Unscented 7L,SNAPPY,cats,96.9,45.45,0.45,1.1654,1.1678,0.2059,upward .90,0.0,"CNY×1.1654/(1-45%), upward .90",96.5027,96.9,0.0,0.0,0.4523,0.4523,False,False,True,no_price_change,53.08,43.82,45.23
prod_V8xXwAmye0eVa6,price_1U8fc5RyM6dRKLtZ1foJPEVT,True,single,腎臟健康照護｜雞肉味｜600g,MH-CAT-SNR-027,AIM30 室內成貓 腎臟健康照護 雞肉味乾糧 600g｜AIM30 Indoor Adult Cat Food Kidney Health Care Chicken Flavour 600g,Sunrise AIM30,cats,222.9,105.0,0.45,1.1654,1.1678,0.2059,upward .90,0.0,"CNY×1.1654/(1-45%), upward .90",222.9436,223.9,1.0,0.4486,0.4499,0.4523,True,False,True,hold_fx_change_below_0.5_percent,122.62,101.28,45.23
prod_V8th4gMOUDUrzu,price_1U8btqRyM6dRKLtZ3JpWeJNI,True,single,180g (18g × 10 bags),MH-CAT-GNSP-016,銀之匙 三ツ星グルメ 夾心奶油 魚肉雞里脊三拼乾糧 180g｜Gin no Spoon Mitsuboshi Gourmet Cream-Filled Fish & Chicken Tender Three-Recipe Dry Cat Food 180g,銀之匙／三ツ星グルメ,cats,99.9,46.8,0.45,1.1654,1.1678,0.2059,upward .90,0.0,"CNY×1.1654/(1-45%), upward .90",99.3692,99.9,0.0,0.0,0.4529,0.4529,False,False,True,no_price_change,54.65,45.25,45.29
prod_V8thb2VVnmHjCY,price_1U8bttRyM6dRKLtZYVjv60by,True,single,180g (18g × 10 bags),MH-CAT-GNSP-017,銀之匙 三ツ星グルメ 夾心奶油 金槍魚鰹魚毛球護理乾糧 180g｜Gin no Spoon Mitsuboshi Gourmet Cream-Filled Tuna & Bonito Hairball Care Dry Cat Food 180g,銀之匙／三ツ星グルメ,cats,99.9,46.8,0.45,1.1654,1.1678,0.2059,upward .90,0.0,"CNY×1.1654/(1-45%), upward .90",99.3692,99.9,0.0,0.0,0.4529,0.4529,False,False,True,no_price_change,54.65,45.25,45.29
prod_V8th51dTMblovb,price_1U8btoRyM6dRKLtZuVNr212k,True,single,180g (18g × 10 bags),MH-CAT-GNSP-018,銀之匙 三ツ星グルメ 夾心奶油 金槍魚雞里脊味乾糧 180g｜Gin no Spoon Mitsuboshi Gourmet Cream-Filled Tuna & Chicken Tender Dry Cat Food 180g,銀之匙／三ツ星グルメ,cats,99.9,46.8,0.45,1.1654,1.1678,0.2059,upward .90,0.0,"CNY×1.1654/(1-45%), upward .90",99.3692,99.9,0.0,0.0,0.4529,0.4529,False,False,True,no_price_change,54.65,45.25,45.29
prod_V8thBqcqHiv3cZ,price_1U8bu8RyM6dRKLtZrtZ6IOrx,True,single,240g (20g × 12 bags),MH-CAT-GNSP-020,銀之匙 三ツ星グルメ 幼貓魚味加牛奶乾糧 240g｜Gin no Spoon Mitsuboshi Gourmet Kitten Fish Recipe with Milk Dry Cat Food 240g,銀之匙／三ツ星グルメ,cats,99.9,46.8,0.45,1.1654,1.1678,0.2059,upward .90,0.0,"CNY×1.1654/(1-45%), upward .90",99.3692,99.9,0.0,0.0,0.4529,0.4529,False,False,True,no_price_change,54.65,45.25,45.29
prod_V8thwhOf6ahDTN,price_1U8bu5RyM6dRKLtZGPNwKLAo,True,single,200g (20g × 10 bags),MH-CAT-GNSP-021,銀之匙 三ツ星グルメ 10歲起腎臟健康維護魚味四拼乾糧 200g｜Gin no Spoon Mitsuboshi Gourmet 10+ Kidney Health Maintenance Fish Four-Recipe Dry Cat Food 200g,銀之匙／三ツ星グルメ,cats,99.9,46.8,0.45,1.1654,1.1678,0.2059,upward .90,0.0,"CNY×1.1654/(1-45%), upward .90",99.3692,99.9,0.0,0.0,0.4529,0.4529,False,False,True,no_price_change,54.65,45.25,45.29
prod_V8thRjwLfHWe9X,price_1U8btvRyM6dRKLtZPuQqw0hP,True,single,160g (16g × 10 bags),MH-CAT-GNSP-022,銀之匙 三ツ星グルメ 鮮旨香 魚肉雞里脊三拼乾糧 160g｜Gin no Spoon Mitsuboshi Gourmet Shimi-Uma Fish & Chicken Tender Three-Recipe Dry Cat Food 160g,銀之匙／三ツ星グルメ,cats,99.9,46.8,0.45,1.1654,1.1678,0.2059,upward .90,0.0,"CNY×1.1654/(1-45%), upward .90",99.3692,99.9,0.0,0.0,0.4529,0.4529,False,False,True,no_price_change,54.65,45.25,45.29
prod_V8thsQJq4RYszQ,price_1U8btyRyM6dRKLtZ2aDVvnPF,True,single,192g (16g × 12 bags),MH-CAT-GNSP-023,"銀之匙 三ツ星グルメ 鮮旨香 金槍魚雞里脊鰹魚乾糧 192g｜Gin no Spoon Mitsuboshi Gourmet Shimi-Uma Tuna, Chicken Tender & Bonito Dry Cat Food 192g",銀之匙／三ツ星グルメ,cats,99.9,46.8,0.45,1.1654,1.1678,0.2059,upward .90,0.0,"CNY×1.1654/(1-45%), upward .90",99.3692,99.9,0.0,0.0,0.4529,0.4529,False,False,True,no_price_change,54.65,45.25,45.29
prod_V8thk9qKECj0in,price_1U8bu0RyM6dRKLtZKGEvnAcj,True,single,192g (16g × 12 bags),MH-CAT-GNSP-024,"銀之匙 三ツ星グルメ 鮮旨香 金槍魚鯛魚鰹魚乾糧 192g｜Gin no Spoon Mitsuboshi Gourmet Shimi-Uma Tuna, Sea Bream & Bonito Dry Cat Food 192g",銀之匙／三ツ星グルメ,cats,99.9,46.8,0.45,1.1654,1.1678,0.2059,upward .90,0.0,"CNY×1.1654/(1-45%), upward .90",99.3692,99.9,0.0,0.0,0.4529,0.4529,False,False,True,no_price_change,54.65,45.25,45.29
prod_V8thPo6RjbpnwO,price_1U8bu3RyM6dRKLtZLjAK97QM,True,single,192g (16g × 12 bags),MH-CAT-GNSP-025,銀之匙 三ツ星グルメ 餐後吐毛輕減及毛球護理魚味乾糧 192g｜Gin no Spoon Mitsuboshi Gourmet Fish Recipe Dry Cat Food for Reduced Post-Meal Vomiting & Hairball Care 192g,銀之匙／三ツ星グルメ,cats,99.9,46.8,0.45,1.1654,1.1678,0.2059,upward .90,0.0,"CNY×1.1654/(1-45%), upward .90",99.3692,99.9,0.0,0.0,0.4529,0.4529,False,False,True,no_price_change,54.65,45.25,45.29
prod_V8xXRC7As2ra5W,price_1U8fcHRyM6dRKLtZ0WA7KbpT,True,single,肉類精選綜合包｜144g,MH-CAT-MONP-008,Mon Petit Crispy Kiss 肉類精選綜合包貓咪小食 144g｜Mon Petit Crispy Kiss Meat Selection Variety Pack Cat Treats 144g,Purina Mon Petit,cats,127.9,59.9,0.45,1.1654,1.1678,0.2059,upward .90,0.0,"CNY×1.1654/(1-45%), upward .90",127.184,127.9,0.0,0.0,0.4531,0.4531,False,False,True,no_price_change,69.95,57.95,45.31
prod_V8xX3586zZhcZt,price_1U8fcMRyM6dRKLtZa6kX1FcS,True,single,海鮮、芝士及雞肉燒烤味綜合包｜144g,MH-CAT-MONP-011,"Mon Petit Crispy Kiss 海鮮、芝士及雞肉燒烤味綜合包貓咪小食 144g｜Mon Petit Crispy Kiss Seafood, Cheese and Chicken Grill Variety Pack Cat Treats 144g",Purina Mon Petit,cats,127.9,59.9,0.45,1.1654,1.1678,0.2059,upward .90,0.0,"CNY×1.1654/(1-45%), upward .90",127.184,127.9,0.0,0.0,0.4531,0.4531,False,False,True,no_price_change,69.95,57.95,45.31
prod_V8xXFw4xx3NEuP,price_1U8fcIRyM6dRKLtZhierJFH2,True,single,海鮮及雞肉綜合包｜144g,MH-CAT-MONP-012,Mon Petit Crispy Kiss 海鮮及雞肉綜合包貓咪小食 144g｜Mon Petit Crispy Kiss Seafood and Chicken Variety Pack Cat Treats 144g,Purina Mon Petit,cats,127.9,59.9,0.45,1.1654,1.1678,0.2059,upward .90,0.0,"CNY×1.1654/(1-45%), upward .90",127.184,127.9,0.0,0.0,0.4531,0.4531,False,False,True,no_price_change,69.95,57.95,45.31
prod_V8xXM2ONlpEcC3,price_1U8fcNRyM6dRKLtZWtmFsbjT,True,single,真鯛及海鮮綜合包｜144g,MH-CAT-MONP-014,Mon Petit Crispy Kiss 真鯛及海鮮綜合包貓咪小食 144g｜Mon Petit Crispy Kiss Snapper and Seafood Assortment Cat Treats 144g,Purina Mon Petit,cats,127.9,59.9,0.45,1.1654,1.1678,0.2059,upward .90,0.0,"CNY×1.1654/(1-45%), upward .90",127.184,127.9,0.0,0.0,0.4531,0.4531,False,False,True,no_price_change,69.95,57.95,45.31
prod_V8uIO7LzUQjeCT,price_1U8cU0RyM6dRKLtZ8uu3Ejr3,True,single,3.8L｜清新庭院香,MH-CAT-UCM-001,Unicharm Deotoilet 消臭抗菌沸石貓砂 清新庭院香 3.8L｜Unicharm Deotoilet Deodorising Antibacterial Zeolite Cat Litter Natural Green 3.8L,Unicharm Deotoilet,cats,91.9,43.0,0.45,1.1654,1.1678,0.2059,upward .90,0.0,"CNY×1.1654/(1-45%), upward .90",91.3007,91.9,0.0,0.0,0.4536,0.4536,False,False,True,no_price_change,50.22,41.68,45.36
prod_V90yCfcKRyo9ou,price_1U8iwyRyM6dRKLtZS9C8A5Eu,True,single,85g × 6罐,MH-CAT-CIAO-027,Inaba かつまぐろ｜多口味隨機混拼貓罐頭｜85g × 6罐,Inaba かつまぐろ,cats,62.9,29.42,0.45,1.1654,1.1678,0.2059,upward .90,0.0,"CNY×1.1654/(1-45%), upward .90",62.4667,62.9,0.0,0.0,0.4538,0.4538,False,False,True,no_price_change,34.36,28.54,45.38
prod_V8vrvYaxZ1cxLJ,price_1U8e0DRyM6dRKLtZ7D7Iai7O,True,single,日本包裝規格,MH-CAT-SNR-003,AIM30 Karitto Treats 酥脆貓咪零食 雞肉及蟹肉味 25g｜AIM30 Karitto Treats 酥脆貓咪零食 雞肉及蟹肉味 25g,Sunrise AIM30,cats,50.9,23.8,0.45,1.1654,1.1678,0.2059,upward .90,0.0,"CNY×1.1654/(1-45%), upward .90",50.5339,50.9,0.0,0.0,0.454,0.454,False,False,True,no_price_change,27.79,23.11,45.40
prod_V8vrBdjzLlg7F7,price_1U8e0FRyM6dRKLtZE4JPj5uL,True,single,日本包裝規格,MH-CAT-SNR-004,AIM30 Karitto Treats 酥脆貓咪零食 雞肉及牛肉味 25g｜AIM30 Karitto Treats 酥脆貓咪零食 雞肉及牛肉味 25g,Sunrise AIM30,cats,50.9,23.8,0.45,1.1654,1.1678,0.2059,upward .90,0.0,"CNY×1.1654/(1-45%), upward .90",50.5339,50.9,0.0,0.0,0.454,0.454,False,False,True,no_price_change,27.79,23.11,45.40
prod_V8uJcEJtSEmb69,price_1U8cUURyM6dRKLtZjiy5wjhq,True,single,200g（20g × 10袋）,MH-CAT-GNSP-006,銀之匙 三ツ星グルメ 香酥魚香 魚味綜合乾糧 200g｜Gin no Spoon Mitsuboshi Gourmet Aromatic Assorted Fish Dry Cat Food 200g,銀之匙／三ツ星グルメ,cats,95.9,44.8,0.45,1.1654,1.1678,0.2059,upward .90,0.0,"CNY×1.1654/(1-45%), upward .90",95.1226,95.9,0.0,0.0,0.4545,0.4545,False,False,True,no_price_change,52.32,43.58,45.45
prod_V8uJI32Jxh5dCc,price_1U8cUPRyM6dRKLtZO8S4Hj2n,True,single,200g（20g × 10袋）,MH-CAT-GNSP-007,銀之匙 三ツ星グルメ 香酥魚香 魚肉雞肉四拼乾糧 200g｜Gin no Spoon Mitsuboshi Gourmet Aromatic Fish & Chicken Four-Recipe Dry Cat Food 200g,銀之匙／三ツ星グルメ,cats,95.9,44.8,0.45,1.1654,1.1678,0.2059,upward .90,0.0,"CNY×1.1654/(1-45%), upward .90",95.1226,95.9,0.0,0.0,0.4545,0.4545,False,False,True,no_price_change,52.32,43.58,45.45
prod_V8uILuFno1z4MZ,price_1U8cUMRyM6dRKLtZiqoZhzs8,True,single,200g,MH-CAT-GNSP-008,銀之匙 三ツ星グルメ 香酥魚香 腸胃健康照護乾糧 200g｜Gin no Spoon Mitsuboshi Gourmet Aromatic Fish Gut-Health Care Dry Cat Food 200g,銀之匙／三ツ星グルメ,cats,95.9,44.8,0.45,1.1654,1.1678,0.2059,upward .90,0.0,"CNY×1.1654/(1-45%), upward .90",95.1226,95.9,0.0,0.0,0.4545,0.4545,False,False,True,no_price_change,52.32,43.58,45.45
prod_V8uJPueROjgX6L,price_1U8cURRyM6dRKLtZxOISi7XP,True,single,200g,MH-CAT-GNSP-009,銀之匙 三ツ星グルメ 香酥魚香 毛球護理乾糧 200g｜Gin no Spoon Mitsuboshi Gourmet Aromatic Fish Hairball Care Dry Cat Food 200g,銀之匙／三ツ星グルメ,cats,95.9,44.8,0.45,1.1654,1.1678,0.2059,upward .90,0.0,"CNY×1.1654/(1-45%), upward .90",95.1226,95.9,0.0,0.0,0.4545,0.4545,False,False,True,no_price_change,52.32,43.58,45.45
prod_V8uJVy7nhLvdrI,price_1U8cUXRyM6dRKLtZaTGFfSor,True,single,200g（20g × 10袋）,MH-CAT-GNSP-010,"銀之匙 三ツ星グルメ 香酥魚香 金槍魚鯛魚鰹魚扇貝乾糧 200g｜Gin no Spoon Mitsuboshi Gourmet Aromatic Tuna, Sea Bream, Bonito & Scallop Dry Cat Food 200g",銀之匙／三ツ星グルメ,cats,95.9,44.8,0.45,1.1654,1.1678,0.2059,upward .90,0.0,"CNY×1.1654/(1-45%), upward .90",95.1226,95.9,0.0,0.0,0.4545,0.4545,False,False,True,no_price_change,52.32,43.58,45.45
prod_V8uIfmE32YGKQz,price_1U8cUHRyM6dRKLtZILTR8TCU,True,single,180g,MH-CAT-GNSP-011,銀之匙 三ツ星グルメ 夾心奶油 魚味綜合乾糧 180g｜Gin no Spoon Mitsuboshi Gourmet Cream-Filled Assorted Fish Dry Cat Food 180g,銀之匙／三ツ星グルメ,cats,95.9,44.8,0.45,1.1654,1.1678,0.2059,upward .90,0.0,"CNY×1.1654/(1-45%), upward .90",95.1226,95.9,0.0,0.0,0.4545,0.4545,False,False,True,no_price_change,52.32,43.58,45.45
prod_V8uIgedRHwtgJJ,price_1U8cUJRyM6dRKLtZoV9l2W9Y,True,single,180g,MH-CAT-GNSP-012,銀之匙 三ツ星グルメ 夾心奶油 腸胃健康魚味三拼乾糧 180g｜Gin no Spoon Mitsuboshi Gourmet Cream-Filled Gut-Health Fish Three-Recipe Dry Cat Food 180g,銀之匙／三ツ星グルメ,cats,95.9,44.8,0.45,1.1654,1.1678,0.2059,upward .90,0.0,"CNY×1.1654/(1-45%), upward .90",95.1226,95.9,0.0,0.0,0.4545,0.4545,False,False,True,no_price_change,52.32,43.58,45.45
prod_V8uIc8IHCyEuCW,price_1U8cUCRyM6dRKLtZZdqgSvlS,True,single,180g,MH-CAT-GNSP-013,銀之匙 三ツ星グルメ 夾心奶油 金槍魚鰹魚味乾糧 180g｜Gin no Spoon Mitsuboshi Gourmet Cream-Filled Tuna & Bonito Dry Cat Food 180g,銀之匙／三ツ星グルメ,cats,95.9,44.8,0.45,1.1654,1.1678,0.2059,upward .90,0.0,"CNY×1.1654/(1-45%), upward .90",95.1226,95.9,0.0,0.0,0.4545,0.4545,False,False,True,no_price_change,52.32,43.58,45.45
prod_V8uID4s03TNUrL,price_1U8cUERyM6dRKLtZmdIE2erH,True,single,180g,MH-CAT-GNSP-014,銀之匙 三ツ星グルメ 夾心奶油 金槍魚鯛魚味乾糧 180g｜Gin no Spoon Mitsuboshi Gourmet Cream-Filled Tuna & Sea Bream Dry Cat Food 180g,銀之匙／三ツ星グルメ,cats,95.9,44.8,0.45,1.1654,1.1678,0.2059,upward .90,0.0,"CNY×1.1654/(1-45%), upward .90",95.1226,95.9,0.0,0.0,0.4545,0.4545,False,False,True,no_price_change,52.32,43.58,45.45
prod_V8thjTAXBn4Lnx,price_1U8btlRyM6dRKLtZG99b8TZR,True,single,240g (20g × 12 bags),MH-CAT-GNSP-019,銀之匙 三ツ星グルメ 香酥魚香毛球護理乾糧 240g｜Gin no Spoon Mitsuboshi Gourmet Fish Recipe Hairball Care Dry Cat Food 240g,銀之匙／三ツ星グルメ,cats,95.9,44.8,0.45,1.1654,1.1678,0.2059,upward .90,0.0,"CNY×1.1654/(1-45%), upward .90",95.1226,95.9,0.0,0.0,0.4545,0.4545,False,False,True,no_price_change,52.32,43.58,45.45
prod_V8vsqALfCDaZlZ,price_1U8e0IRyM6dRKLtZYfKTJ5RW,True,single,日本包裝規格,MH-CAT-SNR-005,AIM30 Karitto Treats 酥脆貓咪零食 牧場美味四種綜合包 80g｜AIM30 Karitto Treats 酥脆貓咪零食 牧場美味四種綜合包 80g,Sunrise AIM30,cats,118.9,56.0,0.45,1.1654,1.1678,0.2059,upward .90,0.0,"CNY×1.1654/(1-45%), upward .90",118.9033,119.9,1.0,0.841,0.45,0.4546,True,False,True,hold_fx_change_below_0.5_percent,65.40,54.50,45.46
prod_V8vs7g4SLaJWJ3,price_1U8e0LRyM6dRKLtZDV8NlhJy,True,single,日本包裝規格,MH-CAT-SNR-006,AIM30 Karitto Treats 酥脆貓咪零食 吞拿魚及雞肉雙拼綜合包 80g｜AIM30 Karitto Treats 酥脆貓咪零食 吞拿魚及雞肉雙拼綜合包 80g,Sunrise AIM30,cats,118.9,56.0,0.45,1.1654,1.1678,0.2059,upward .90,0.0,"CNY×1.1654/(1-45%), upward .90",118.9033,119.9,1.0,0.841,0.45,0.4546,True,False,True,hold_fx_change_below_0.5_percent,65.40,54.50,45.46
prod_V8vsohIxXgEVDb,price_1U8e0NRyM6dRKLtZOs14Trkd,True,single,日本包裝規格,MH-CAT-SNR-007,AIM30 Karitto Treats 酥脆貓咪零食 吞拿魚及三文魚味 25g｜AIM30 Karitto Treats 酥脆貓咪零食 吞拿魚及三文魚味 25g,Sunrise AIM30,cats,118.9,56.0,0.45,1.1654,1.1678,0.2059,upward .90,0.0,"CNY×1.1654/(1-45%), upward .90",118.9033,119.9,1.0,0.841,0.45,0.4546,True,False,True,hold_fx_change_below_0.5_percent,65.40,54.50,45.46
prod_V8vrsKDQclIgy0,price_1U8dzwRyM6dRKLtZ7ujj8KaR,True,single,雞肉味｜80g,MH-CAT-SNR-013,AIM30 Karitto Treats 酥脆貓咪零食 雞肉味 80g｜AIM30 Karitto Treats Crispy Cat Treats Chicken Flavour 80g,Sunrise AIM30,cats,118.9,56.0,0.45,1.1654,1.1678,0.2059,upward .90,0.0,"CNY×1.1654/(1-45%), upward .90",118.9033,119.9,1.0,0.841,0.45,0.4546,True,False,True,hold_fx_change_below_0.5_percent,65.40,54.50,45.46
prod_V8vrYMEciXr909,price_1U8dztRyM6dRKLtZ3WxywbNW,True,single,鮮魚味｜80g,MH-CAT-SNR-015,AIM30 Karitto Treats 酥脆貓咪零食 鮮魚味 80g｜AIM30 Karitto Treats Crispy Cat Treats Fish Flavour 80g,Sunrise AIM30,cats,118.9,56.0,0.45,1.1654,1.1678,0.2059,upward .90,0.0,"CNY×1.1654/(1-45%), upward .90",118.9033,119.9,1.0,0.841,0.45,0.4546,True,False,True,hold_fx_change_below_0.5_percent,65.40,54.50,45.46
prod_V8vrEgpUGj9fjI,price_1U8dzzRyM6dRKLtZyAr6CctM,True,single,魚味四種綜合｜80g,MH-CAT-SNR-016,AIM30 Karitto Treats 酥脆貓咪零食 魚味四種綜合包 80g｜AIM30 Karitto Treats Crispy Cat Treats Four Fish Flavours Assortment 80g,Sunrise AIM30,cats,118.9,56.0,0.45,1.1654,1.1678,0.2059,upward .90,0.0,"CNY×1.1654/(1-45%), upward .90",118.9033,119.9,1.0,0.841,0.45,0.4546,True,False,True,hold_fx_change_below_0.5_percent,65.40,54.50,45.46
prod_V8t0eKeqlC0GzI,price_1U8bE6RyM6dRKLtZKBGrzFqk,True,single,深藍色 M,MH-LIF-GEN-005,深藍貓臉高腳陶瓷食盤 M｜Navy Cat Face Raised Ceramic Bowl M,未標示品牌,lifestyle,46.9,21.9,0.45,1.1654,1.1678,0.2059,upward .90,0.0,"CNY×1.1654/(1-45%), upward .90",46.4997,46.9,0.0,0.0,0.4547,0.4547,False,False,True,no_price_change,25.57,21.33,45.47
prod_V8t03LiP3rgoHN,price_1U8bE3RyM6dRKLtZ2dyFDhQx,False,option,藍色,MH-LIF-GEN-003,貓臉斜口高腳陶瓷食盤 350ml｜Cat Face Raised Slanted Ceramic Bowl 350ml,未標示品牌,lifestyle,59.9,27.94,0.45,1.1654,1.1678,0.2059,upward .90,0.0,"CNY×1.1654/(1-45%), upward .90",59.3242,59.9,0.0,0.0,0.4553,0.4553,False,False,True,no_price_change,32.63,27.27,45.53
prod_V8t03LiP3rgoHN,price_1U8bE3RyM6dRKLtZ6NUu82ih,True,option,白色,MH-LIF-GEN-003,貓臉斜口高腳陶瓷食盤 350ml｜Cat Face Raised Slanted Ceramic Bowl 350ml,未標示品牌,lifestyle,59.9,27.94,0.45,1.1654,1.1678,0.2059,upward .90,0.0,"CNY×1.1654/(1-45%), upward .90",59.3242,59.9,0.0,0.0,0.4553,0.4553,False,False,True,no_price_change,32.63,27.27,45.53
prod_V8t03LiP3rgoHN,price_1U8bE3RyM6dRKLtZoo1SG8fs,False,option,橘色,MH-LIF-GEN-003,貓臉斜口高腳陶瓷食盤 350ml｜Cat Face Raised Slanted Ceramic Bowl 350ml,未標示品牌,lifestyle,59.9,27.94,0.45,1.1654,1.1678,0.2059,upward .90,0.0,"CNY×1.1654/(1-45%), upward .90",59.3242,59.9,0.0,0.0,0.4553,0.4553,False,False,True,no_price_change,32.63,27.27,45.53
prod_V8szzgASg2ZnbO,price_1U8bDxRyM6dRKLtZBY1GwTXp,True,single,白貓海浪紋 M,MH-LIF-GEN-006,白貓海浪紋斜口高腳陶瓷食盤 M｜White Cat Wave Pattern Raised Slanted Ceramic Bowl M,未標示品牌,lifestyle,59.9,27.94,0.45,1.1654,1.1678,0.2059,upward .90,0.0,"CNY×1.1654/(1-45%), upward .90",59.3242,59.9,0.0,0.0,0.4553,0.4553,False,False,True,no_price_change,32.63,27.27,45.53
prod_V90yisznvIVXlp,price_1U8iwjRyM6dRKLtZL7hePLZM,True,single,單罐,MH-CAT-CIAO-014,CIAO｜烤鰹魚鮪魚雞肉貓罐頭｜單罐,CIAO,cats,33.9,15.8,0.45,1.1654,1.1678,0.2059,upward .90,0.0,"CNY×1.1654/(1-45%), upward .90",33.5477,33.9,0.0,0.0,0.4557,0.4557,False,False,True,no_price_change,18.45,15.45,45.57
prod_V90y14gfPJNkP3,price_1U8iwpRyM6dRKLtZc7uPsPIp,True,single,單罐,MH-CAT-CIAO-019,CIAO｜11歲以上鰹魚白肉貓罐頭｜單罐,CIAO,cats,33.9,15.8,0.45,1.1654,1.1678,0.2059,upward .90,0.0,"CNY×1.1654/(1-45%), upward .90",33.5477,33.9,0.0,0.0,0.4557,0.4557,False,False,True,no_price_change,18.45,15.45,45.57
prod_V90yRB01IgVrDV,price_1U8iwqRyM6dRKLtZTZ0TAzAG,True,single,單罐,MH-CAT-CIAO-020,CIAO｜11歲以上鮪魚白肉貓罐頭｜單罐,CIAO,cats,33.9,15.8,0.45,1.1654,1.1678,0.2059,upward .90,0.0,"CNY×1.1654/(1-45%), upward .90",33.5477,33.9,0.0,0.0,0.4557,0.4557,False,False,True,no_price_change,18.45,15.45,45.57
prod_V90yoyex98iTAW,price_1U8iwrRyM6dRKLtZ3rlOZMIV,True,single,單罐,MH-CAT-CIAO-021,CIAO｜14歲以上鮪魚白肉小銀魚貓罐頭｜單罐,CIAO,cats,33.9,15.8,0.45,1.1654,1.1678,0.2059,upward .90,0.0,"CNY×1.1654/(1-45%), upward .90",33.5477,33.9,0.0,0.0,0.4557,0.4557,False,False,True,no_price_change,18.45,15.45,45.57
prod_V90yC8a54bE0EL,price_1U8iwsRyM6dRKLtZ9WdAiJhl,True,single,單罐,MH-CAT-CIAO-022,CIAO｜14歲以上鰹魚柴魚片貓罐頭｜單罐,CIAO,cats,33.9,15.8,0.45,1.1654,1.1678,0.2059,upward .90,0.0,"CNY×1.1654/(1-45%), upward .90",33.5477,33.9,0.0,0.0,0.4557,0.4557,False,False,True,no_price_change,18.45,15.45,45.57
prod_V8vrSwyPdcre4F,price_1U8e04RyM6dRKLtZkoQSmpqZ,True,single,25g,MH-CAT-SNR-002,AIM30 貓咪雞肉絲 25g｜AIM30 Cat Shredded Chicken Fillet 25g,Sunrise AIM30,cats,30.9,14.4,0.45,1.1654,1.1678,0.2059,upward .90,0.0,"CNY×1.1654/(1-45%), upward .90",30.5751,30.9,0.0,0.0,0.4558,0.4558,False,False,True,no_price_change,16.82,14.08,45.58
prod_V8vrxdYkx6Hq9O,price_1U8dzrRyM6dRKLtZSyj8L3go,True,single,綜合營養｜吞拿魚味,MH-CAT-SNR-008,AIM30 Karitto Treats 酥脆貓咪零食 綜合營養吞拿魚味 25g｜AIM30 Karitto Treats Crispy Cat Treats Balanced Nutrition Tuna 25g,Sunrise AIM30,cats,30.9,14.4,0.45,1.1654,1.1678,0.2059,upward .90,0.0,"CNY×1.1654/(1-45%), upward .90",30.5751,30.9,0.0,0.0,0.4558,0.4558,False,False,True,no_price_change,16.82,14.08,45.58
prod_V8vrVGdqH472WR,price_1U8dzYRyM6dRKLtZ80e1VIfP,True,single,牛肉味,MH-CAT-SNR-009,AIM30 Karitto Treats 酥脆貓咪零食 牛肉味 25g｜AIM30 Karitto Treats Crispy Cat Treats Beef Flavour 25g,Sunrise AIM30,cats,30.9,14.4,0.45,1.1654,1.1678,0.2059,upward .90,0.0,"CNY×1.1654/(1-45%), upward .90",30.5751,30.9,0.0,0.0,0.4558,0.4558,False,False,True,no_price_change,16.82,14.08,45.58
prod_V8vrEO4eoZSj2o,price_1U8dzVRyM6dRKLtZNWWJarJn,True,single,芝士味,MH-CAT-SNR-011,AIM30 Karitto Treats 酥脆貓咪零食 芝士味 25g｜AIM30 Karitto Treats Crispy Cat Treats Cheese Flavour 25g,Sunrise AIM30,cats,30.9,14.4,0.45,1.1654,1.1678,0.2059,upward .90,0.0,"CNY×1.1654/(1-45%), upward .90",30.5751,30.9,0.0,0.0,0.4558,0.4558,False,False,True,no_price_change,16.82,14.08,45.58
prod_V8vrkohKHcwdKL,price_1U8dzNRyM6dRKLtZwBGGo3H9,True,single,雞肉味,MH-CAT-SNR-012,AIM30 Karitto Treats 酥脆貓咪零食 雞肉味 25g｜AIM30 Karitto Treats Crispy Cat Treats Chicken Flavour 25g,Sunrise AIM30,cats,30.9,14.4,0.45,1.1654,1.1678,0.2059,upward .90,0.0,"CNY×1.1654/(1-45%), upward .90",30.5751,30.9,0.0,0.0,0.4558,0.4558,False,False,True,no_price_change,16.82,14.08,45.58
prod_V8vq78vZ3hdOmK,price_1U8dzLRyM6dRKLtZiNLM7My7,True,single,鮮魚味,MH-CAT-SNR-014,AIM30 Karitto Treats 酥脆貓咪零食 鮮魚味 25g｜AIM30 Karitto Treats Crispy Cat Treats Fish Flavour 25g,Sunrise AIM30,cats,30.9,14.4,0.45,1.1654,1.1678,0.2059,upward .90,0.0,"CNY×1.1654/(1-45%), upward .90",30.5751,30.9,0.0,0.0,0.4558,0.4558,False,False,True,no_price_change,16.82,14.08,45.58
prod_V8vrEGzFHOkIGq,price_1U8dzlRyM6dRKLtZddHrurtA,True,single,毛球護理｜吞拿魚味,MH-CAT-SNR-017,AIM30 Karitto Treats 酥脆貓咪零食 毛球護理吞拿魚味 25g｜AIM30 Karitto Treats Crispy Cat Treats Hairball Care Tuna 25g,Sunrise AIM30,cats,30.9,14.4,0.45,1.1654,1.1678,0.2059,upward .90,0.0,"CNY×1.1654/(1-45%), upward .90",30.5751,30.9,0.0,0.0,0.4558,0.4558,False,False,True,no_price_change,16.82,14.08,45.58
prod_V8vr09YUCbk2x6,price_1U8dzoRyM6dRKLtZuW3r2eij,True,single,乳酸菌｜吞拿魚味,MH-CAT-SNR-018,AIM30 Karitto Treats 酥脆貓咪零食 乳酸菌吞拿魚味 25g｜AIM30 Karitto Treats Crispy Cat Treats Tuna with Lactic Acid Bacteria 25g,Sunrise AIM30,cats,30.9,14.4,0.45,1.1654,1.1678,0.2059,upward .90,0.0,"CNY×1.1654/(1-45%), upward .90",30.5751,30.9,0.0,0.0,0.4558,0.4558,False,False,True,no_price_change,16.82,14.08,45.58
prod_V8vragc9O6bDre,price_1U8dzdRyM6dRKLtZmYLY5TKe,True,single,金槍魚味,MH-CAT-SNR-019,AIM30 Karitto Treats 酥脆貓咪零食 金槍魚味 25g｜AIM30 Karitto Treats Crispy Cat Treats Tuna Flavour 25g,Sunrise AIM30,cats,30.9,14.4,0.45,1.1654,1.1678,0.2059,upward .90,0.0,"CNY×1.1654/(1-45%), upward .90",30.5751,30.9,0.0,0.0,0.4558,0.4558,False,False,True,no_price_change,16.82,14.08,45.58
prod_V8vr3X8ZjnY554,price_1U8dzQRyM6dRKLtZJ5Dc0Gve,True,single,三文魚味,MH-CAT-SNR-020,AIM30 Karitto Treats 酥脆貓咪零食 三文魚味 25g｜AIM30 Karitto Treats Crispy Cat Treats Salmon Flavour 25g,Sunrise AIM30,cats,30.9,14.4,0.45,1.1654,1.1678,0.2059,upward .90,0.0,"CNY×1.1654/(1-45%), upward .90",30.5751,30.9,0.0,0.0,0.4558,0.4558,False,False,True,no_price_change,16.82,14.08,45.58
prod_V8vrqp1avymNZ9,price_1U8dzTRyM6dRKLtZAzLsio4t,True,single,海鮮味,MH-CAT-SNR-021,AIM30 Karitto Treats 酥脆貓咪零食 海鮮味 25g｜AIM30 Karitto Treats Crispy Cat Treats Seafood Flavour 25g,Sunrise AIM30,cats,30.9,14.4,0.45,1.1654,1.1678,0.2059,upward .90,0.0,"CNY×1.1654/(1-45%), upward .90",30.5751,30.9,0.0,0.0,0.4558,0.4558,False,False,True,no_price_change,16.82,14.08,45.58
prod_V8vrJdunHu4yQD,price_1U8dziRyM6dRKLtZ8ixLg9g3,True,single,吞拿魚及蟹肉味,MH-CAT-SNR-022,AIM30 Karitto Treats 酥脆貓咪零食 吞拿魚及蟹肉味 25g｜AIM30 Karitto Treats Crispy Cat Treats Tuna & Crab Flavour 25g,Sunrise AIM30,cats,30.9,14.4,0.45,1.1654,1.1678,0.2059,upward .90,0.0,"CNY×1.1654/(1-45%), upward .90",30.5751,30.9,0.0,0.0,0.4558,0.4558,False,False,True,no_price_change,16.82,14.08,45.58
prod_V8sFjjO8IgpPvO,price_1U8aVORyM6dRKLtZIb6ivl1D,False,pack_size,混合口味 10 包（共 80 根）,MH-DOG-GEN-001,Complete ytt 日本犬用雞肉條小食 20g｜Complete ytt Chicken Tender Dog Treats 20g,Complete ytt,dogs,78.9,36.7,0.45,1.1654,1.1678,0.2059,upward .90,0.0,"CNY×1.1654/(1-45%), upward .90",77.9241,78.9,0.0,0.0,0.4568,0.4568,False,False,True,no_price_change,42.86,36.04,45.68
prod_V8xXn4fyGQ2Iwg,price_1U8fcPRyM6dRKLtZkmzKQFaa,True,single,鰹魚及小魚高湯味｜30g,MH-CAT-MONP-001,Mon Petit Crispy Kiss 鰹魚及小魚高湯味貓咪小食 30g｜Mon Petit Crispy Kiss Bonito and Small Fish Broth Cat Treats 30g,Purina Mon Petit,cats,29.9,13.9,0.45,1.1654,1.1678,0.2059,upward .90,0.0,"CNY×1.1654/(1-45%), upward .90",29.5135,29.9,0.0,0.0,0.4571,0.4571,False,False,True,no_price_change,16.23,13.67,45.71
prod_V8xXSx8MWb3Y8D,price_1U8fcGRyM6dRKLtZbNYK0jlM,True,single,芝士及雞肉味｜30g,MH-CAT-MONP-002,Mon Petit Crispy Kiss 芝士及雞肉味貓咪小食 30g｜Mon Petit Crispy Kiss Cheese and Chicken Flavour Cat Treats 30g,Purina Mon Petit,cats,29.9,13.9,0.45,1.1654,1.1678,0.2059,upward .90,0.0,"CNY×1.1654/(1-45%), upward .90",29.5135,29.9,0.0,0.0,0.4571,0.4571,False,False,True,no_price_change,16.23,13.67,45.71
prod_V8xXLMbKeB2tb9,price_1U8fcDRyM6dRKLtZDd0FVQMW,True,single,鮮魚、雞肉及貓薄荷｜24g,MH-CAT-MONP-003,Mon Petit Crispy Kiss 鮮魚雞肉貓薄荷味貓咪小食 24g｜Mon Petit Crispy Kiss Fish and Chicken with Catnip Cat Treats 24g,Purina Mon Petit,cats,29.9,13.9,0.45,1.1654,1.1678,0.2059,upward .90,0.0,"CNY×1.1654/(1-45%), upward .90",29.5135,29.9,0.0,0.0,0.4571,0.4571,False,False,True,no_price_change,16.23,13.67,45.71
prod_V8xXYKr9wN7Aee,price_1U8fcJRyM6dRKLtZd8RKpg9m,True,single,鮮魚精選｜30g,MH-CAT-MONP-004,Mon Petit Crispy Kiss 鮮魚精選貓咪小食 30g｜Mon Petit Crispy Kiss Fish Select Cat Treats 30g,Purina Mon Petit,cats,29.9,13.9,0.45,1.1654,1.1678,0.2059,upward .90,0.0,"CNY×1.1654/(1-45%), upward .90",29.5135,29.9,0.0,0.0,0.4571,0.4571,False,False,True,no_price_change,16.23,13.67,45.71
prod_V8xX5m49XGPiSw,price_1U8fcFRyM6dRKLtZeD9cGjwS,True,single,奢華雞肉味｜24g,MH-CAT-MONP-005,Mon Petit Crispy Kiss 奢華雞肉味貓咪小食 24g｜Mon Petit Crispy Kiss Luxury Chicken Flavour Cat Treats 24g,Purina Mon Petit,cats,29.9,13.9,0.45,1.1654,1.1678,0.2059,upward .90,0.0,"CNY×1.1654/(1-45%), upward .90",29.5135,29.9,0.0,0.0,0.4571,0.4571,False,False,True,no_price_change,16.23,13.67,45.71
prod_V8xXBfCtwPwxjK,price_1U8fcERyM6dRKLtZ463dtKpL,True,single,奢華鮮魚味｜24g,MH-CAT-MONP-006,Mon Petit Crispy Kiss 奢華鮮魚味貓咪小食 24g｜Mon Petit Crispy Kiss Luxury Fish Flavour Cat Treats 24g,Purina Mon Petit,cats,29.9,13.9,0.45,1.1654,1.1678,0.2059,upward .90,0.0,"CNY×1.1654/(1-45%), upward .90",29.5135,29.9,0.0,0.0,0.4571,0.4571,False,False,True,no_price_change,16.23,13.67,45.71
prod_V8xXV7x4AmWu89,price_1U8fcRRyM6dRKLtZMvlsOquW,True,single,奢華三文魚味｜24g,MH-CAT-MONP-007,Mon Petit Crispy Kiss 奢華三文魚味貓咪小食 24g｜Mon Petit Crispy Kiss Luxury Salmon Flavour Cat Treats 24g,Purina Mon Petit,cats,29.9,13.9,0.45,1.1654,1.1678,0.2059,upward .90,0.0,"CNY×1.1654/(1-45%), upward .90",29.5135,29.9,0.0,0.0,0.4571,0.4571,False,False,True,no_price_change,16.23,13.67,45.71
prod_V8xXMB8UApWAYP,price_1U8fcQRyM6dRKLtZAt0dJH05,True,single,三文魚、鰹魚及小魚味｜30g,MH-CAT-MONP-009,"Mon Petit Crispy Kiss 三文魚、鰹魚及小魚味貓咪小食 30g｜Mon Petit Crispy Kiss Salmon, Bonito and Small Fish Cat Treats 30g",Purina Mon Petit,cats,29.9,13.9,0.45,1.1654,1.1678,0.2059,upward .90,0.0,"CNY×1.1654/(1-45%), upward .90",29.5135,29.9,0.0,0.0,0.4571,0.4571,False,False,True,no_price_change,16.23,13.67,45.71
prod_V8xXmrlDUto85d,price_1U8fcKRyM6dRKLtZsJdoHEu4,True,single,海鮮味｜30g,MH-CAT-MONP-010,Mon Petit Crispy Kiss 海鮮味貓咪小食 30g｜Mon Petit Crispy Kiss Seafood Flavour Cat Treats 30g,Purina Mon Petit,cats,29.9,13.9,0.45,1.1654,1.1678,0.2059,upward .90,0.0,"CNY×1.1654/(1-45%), upward .90",29.5135,29.9,0.0,0.0,0.4571,0.4571,False,False,True,no_price_change,16.23,13.67,45.71
prod_V8xXZsF0TMS5c8,price_1U8fcORyM6dRKLtZ1yMnnhEK,True,single,真鯛、鰹魚及小魚高湯味｜30g,MH-CAT-MONP-013,"Mon Petit Crispy Kiss 真鯛、鰹魚及小魚高湯味貓咪小食 30g｜Mon Petit Crispy Kiss Snapper, Skipjack Tuna and Small Fish Broth Cat Treats 30g",Purina Mon Petit,cats,29.9,13.9,0.45,1.1654,1.1678,0.2059,upward .90,0.0,"CNY×1.1654/(1-45%), upward .90",29.5135,29.9,0.0,0.0,0.4571,0.4571,False,False,True,no_price_change,16.23,13.67,45.71
prod_V8szxN4qvZQyrJ,price_1U8bDrRyM6dRKLtZ4BGKfDgq,False,option,藍胖胖,MH-LIF-GEN-002,貓耳斜口高腳陶瓷食盤 12cm｜Cat Ear Raised Slanted Ceramic Bowl 12cm,未標示品牌,lifestyle,54.9,25.5,0.45,1.1654,1.1678,0.2059,upward .90,0.0,"CNY×1.1654/(1-45%), upward .90",54.1435,54.9,0.0,0.0,0.4576,0.4576,False,False,True,no_price_change,29.78,25.12,45.76
prod_V8szxN4qvZQyrJ,price_1U8bDrRyM6dRKLtZFJenWOBn,True,option,自在如風（藍色插畫）,MH-LIF-GEN-002,貓耳斜口高腳陶瓷食盤 12cm｜Cat Ear Raised Slanted Ceramic Bowl 12cm,未標示品牌,lifestyle,54.9,25.5,0.45,1.1654,1.1678,0.2059,upward .90,0.0,"CNY×1.1654/(1-45%), upward .90",54.1435,54.9,0.0,0.0,0.4576,0.4576,False,False,True,no_price_change,29.78,25.12,45.76
prod_V8szxN4qvZQyrJ,price_1U8bDrRyM6dRKLtZvZK2osMh,False,option,柿柿如意（綠色插畫）,MH-LIF-GEN-002,貓耳斜口高腳陶瓷食盤 12cm｜Cat Ear Raised Slanted Ceramic Bowl 12cm,未標示品牌,lifestyle,54.9,25.5,0.45,1.1654,1.1678,0.2059,upward .90,0.0,"CNY×1.1654/(1-45%), upward .90",54.1435,54.9,0.0,0.0,0.4576,0.4576,False,False,True,no_price_change,29.78,25.12,45.76
prod_V8szxN4qvZQyrJ,price_1U8bDsRyM6dRKLtZjeQdGEbD,False,option,綠胖胖,MH-LIF-GEN-002,貓耳斜口高腳陶瓷食盤 12cm｜Cat Ear Raised Slanted Ceramic Bowl 12cm,未標示品牌,lifestyle,54.9,25.5,0.45,1.1654,1.1678,0.2059,upward .90,0.0,"CNY×1.1654/(1-45%), upward .90",54.1435,54.9,0.0,0.0,0.4576,0.4576,False,False,True,no_price_change,29.78,25.12,45.76
prod_V8sFjjO8IgpPvO,price_1U8aVNRyM6dRKLtZqwr4DE1J,False,pack_size,隨機 2 包／可自選（16 根）,MH-DOG-GEN-001,Complete ytt 日本犬用雞肉條小食 20g｜Complete ytt Chicken Tender Dog Treats 20g,Complete ytt,dogs,27.9,12.9,0.45,1.1654,1.1678,0.2059,upward .90,0.0,"CNY×1.1654/(1-45%), upward .90",27.3902,27.9,0.0,0.0,0.46,0.46,False,False,True,no_price_change,15.06,12.84,46.00
prod_V90yHw6lb8trQi,price_1U8iwVRyM6dRKLtZBxhHTGze,True,single,單罐,MH-CAT-CIAO-002,CIAO とろみ｜鰹魚高湯雞肉鮪魚蟹柳濃湯貓罐頭｜單罐,CIAO とろみ,cats,29.9,13.8,0.45,1.1654,1.1678,0.2059,upward .90,0.0,"CNY×1.1654/(1-45%), upward .90",29.3012,29.9,0.0,0.0,0.461,0.461,False,False,True,no_price_change,16.12,13.78,46.10
prod_V90yGkxpp9OU57,price_1U8iwdRyM6dRKLtZ7nW4lVOy,True,single,單罐,MH-CAT-CIAO-008,CIAO とろみ｜奶油濃湯雞肉鰹魚柴魚片貓罐頭｜單罐,CIAO とろみ,cats,29.9,13.8,0.45,1.1654,1.1678,0.2059,upward .90,0.0,"CNY×1.1654/(1-45%), upward .90",29.3012,29.9,0.0,0.0,0.461,0.461,False,False,True,no_price_change,16.12,13.78,46.10
prod_V90yHSNJqbGEZF,price_1U8iwfRyM6dRKLtZujEk5TUK,True,single,單罐,MH-CAT-CIAO-010,CIAO とろみ｜14歲以上鮪魚扇貝奶油濃湯貓罐頭｜單罐,CIAO とろみ,cats,29.9,13.8,0.45,1.1654,1.1678,0.2059,upward .90,0.0,"CNY×1.1654/(1-45%), upward .90",29.3012,29.9,0.0,0.0,0.461,0.461,False,False,True,no_price_change,16.12,13.78,46.10
prod_V90yrU6QwJj9H4,price_1U8iwhRyM6dRKLtZedeY1D6y,True,single,單罐,MH-CAT-CIAO-012,CIAO｜雞肉甜蝦小銀魚貓罐頭｜單罐,CIAO,cats,29.9,13.8,0.45,1.1654,1.1678,0.2059,upward .90,0.0,"CNY×1.1654/(1-45%), upward .90",29.3012,29.9,0.0,0.0,0.461,0.461,False,False,True,no_price_change,16.12,13.78,46.10
prod_V90ynw7GK161mE,price_1U8iwiRyM6dRKLtZDni4Rrvo,True,single,單罐,MH-CAT-CIAO-013,CIAO｜鰹魚柴魚片貓罐頭｜單罐,CIAO,cats,29.9,13.8,0.45,1.1654,1.1678,0.2059,upward .90,0.0,"CNY×1.1654/(1-45%), upward .90",29.3012,29.9,0.0,0.0,0.461,0.461,False,False,True,no_price_change,16.12,13.78,46.10
prod_V90ynvqu5ntnjO,price_1U8iwkRyM6dRKLtZLKkQOBAC,True,single,單罐,MH-CAT-CIAO-015,CIAO｜雞肉扇貝柱貓罐頭｜單罐,CIAO,cats,29.9,13.8,0.45,1.1654,1.1678,0.2059,upward .90,0.0,"CNY×1.1654/(1-45%), upward .90",29.3012,29.9,0.0,0.0,0.461,0.461,False,False,True,no_price_change,16.12,13.78,46.10
prod_V90ytLadcfCm8a,price_1U8iwlRyM6dRKLtZUPCtyfo0,True,single,單罐,MH-CAT-CIAO-016,CIAO｜雞肉蟹柳柴魚片貓罐頭｜單罐,CIAO,cats,29.9,13.8,0.45,1.1654,1.1678,0.2059,upward .90,0.0,"CNY×1.1654/(1-45%), upward .90",29.3012,29.9,0.0,0.0,0.461,0.461,False,False,True,no_price_change,16.12,13.78,46.10
prod_V90yqFB6WTazQ9,price_1U8iwmRyM6dRKLtZY9nLDMUK,True,single,單罐,MH-CAT-CIAO-017,CIAO｜雞肉蟹柳貓罐頭｜單罐,CIAO,cats,29.9,13.8,0.45,1.1654,1.1678,0.2059,upward .90,0.0,"CNY×1.1654/(1-45%), upward .90",29.3012,29.9,0.0,0.0,0.461,0.461,False,False,True,no_price_change,16.12,13.78,46.10
prod_V8vriJ8BqO90r3,price_1U8e01RyM6dRKLtZOgbpOPvb,True,single,12g,MH-CAT-SNR-001,AIM30 貓咪鰹魚削節 12g｜AIM30 Cat Bonito Flakes 12g,Sunrise AIM30,cats,42.9,19.8,0.45,1.1654,1.1678,0.2059,upward .90,0.0,"CNY×1.1654/(1-45%), upward .90",42.0408,42.9,0.0,0.0,0.461,0.461,False,False,True,no_price_change,23.12,19.78,46.10
prod_V8vrCIoYlfznHf,price_1U8dzgRyM6dRKLtZTCmIF0v5,True,single,鰹魚味,MH-CAT-SNR-010,AIM30 Karitto Treats 酥脆貓咪零食 鰹魚味 25g｜AIM30 Karitto Treats Crispy Cat Treats Bonito Flavour 25g,Sunrise AIM30,cats,42.9,19.8,0.45,1.1654,1.1678,0.2059,upward .90,0.0,"CNY×1.1654/(1-45%), upward .90",42.0408,42.9,0.0,0.0,0.461,0.461,False,False,True,no_price_change,23.12,19.78,46.10
prod_V8vr8q8jdO6wNr,price_1U8dzaRyM6dRKLtZjQNjilZt,True,single,吞拿魚味,MH-CAT-SNR-023,AIM30 Karitto Treats 酥脆貓咪零食 吞拿魚味 25g｜AIM30 Karitto Treats Crispy Cat Treats Tuna Flavour 25g,Sunrise AIM30,cats,42.9,19.8,0.45,1.1654,1.1678,0.2059,upward .90,0.0,"CNY×1.1654/(1-45%), upward .90",42.0408,42.9,0.0,0.0,0.461,0.461,False,False,True,no_price_change,23.12,19.78,46.10
prod_V8vro3NAxi0isd,price_1U8e07RyM6dRKLtZMgv8TuPi,True,single,30g,MH-CAT-SNR-024,AIM30 貓咪吞拿魚片 30g｜AIM30 Cat Tuna Slices 30g,Sunrise AIM30,cats,42.9,19.8,0.45,1.1654,1.1678,0.2059,upward .90,0.0,"CNY×1.1654/(1-45%), upward .90",42.0408,42.9,0.0,0.0,0.461,0.461,False,False,True,no_price_change,23.12,19.78,46.10
prod_V8szss31Rm8tiJ,price_1U8bDzRyM6dRKLtZ4X3eofhW,True,option,魚圖案,MH-LIF-GEN-004,高腳平口陶瓷貓咪食盤 250ml｜Raised Flat-Rim Ceramic Cat Bowl 250ml,未標示品牌,lifestyle,38.9,18.34,0.45,1.1654,1.1678,0.2059,upward .90,0.0,"CNY×1.1654/(1-45%), upward .90",38.9408,39.9,1.0,2.5707,0.4494,0.4632,True,False,True,hold_fx_change_below_0.5_percent,21.42,18.48,46.32
prod_V8szss31Rm8tiJ,price_1U8bE0RyM6dRKLtZEhY45gCA,False,option,綠葉圖案,MH-LIF-GEN-004,高腳平口陶瓷貓咪食盤 250ml｜Raised Flat-Rim Ceramic Cat Bowl 250ml,未標示品牌,lifestyle,38.9,18.34,0.45,1.1654,1.1678,0.2059,upward .90,0.0,"CNY×1.1654/(1-45%), upward .90",38.9408,39.9,1.0,2.5707,0.4494,0.4632,True,False,True,hold_fx_change_below_0.5_percent,21.42,18.48,46.32
prod_V8szss31Rm8tiJ,price_1U8bE0RyM6dRKLtZMRGdUPd6,False,option,羽毛圖案,MH-LIF-GEN-004,高腳平口陶瓷貓咪食盤 250ml｜Raised Flat-Rim Ceramic Cat Bowl 250ml,未標示品牌,lifestyle,38.9,18.34,0.45,1.1654,1.1678,0.2059,upward .90,0.0,"CNY×1.1654/(1-45%), upward .90",38.9408,39.9,1.0,2.5707,0.4494,0.4632,True,False,True,hold_fx_change_below_0.5_percent,21.42,18.48,46.32
prod_V90yxohDmOksl3,price_1U8iwgRyM6dRKLtZWmshq8Qw,True,single,單罐,MH-CAT-CIAO-011,CIAO｜雞肉烤鰹魚柴魚片貓罐頭｜單罐,CIAO,cats,27.9,12.8,0.45,1.1654,1.1678,0.2059,upward .90,0.0,"CNY×1.1654/(1-45%), upward .90",27.1779,27.9,0.0,0.0,0.4642,0.4642,False,False,True,no_price_change,14.95,12.95,46.42
prod_V90yyLLKXQRQey,price_1U8iwoRyM6dRKLtZP8VcS1tu,True,single,單罐,MH-CAT-CIAO-018,CIAO｜鮪魚白肉扇貝柱貓罐頭｜單罐,CIAO,cats,27.9,12.8,0.45,1.1654,1.1678,0.2059,upward .90,0.0,"CNY×1.1654/(1-45%), upward .90",27.1779,27.9,0.0,0.0,0.4642,0.4642,False,False,True,no_price_change,14.95,12.95,46.42
prod_V90yhIRALdzZyY,price_1U8iwtRyM6dRKLtZyY5icJzG,True,single,85g／單罐,MH-CAT-CIAO-023,Inaba かつまぐろ｜鮪魚雞肉貓罐頭｜85g／單罐,Inaba かつまぐろ,cats,14.9,6.81,0.45,1.1654,1.1678,0.2059,upward .90,0.0,"CNY×1.1654/(1-45%), upward .90",14.4595,14.9,0.0,0.0,0.4663,0.4663,False,False,True,no_price_change,7.95,6.95,46.63
prod_V90yhuy2ZgCVZK,price_1U8iwuRyM6dRKLtZD1NxsXXw,True,single,85g／單罐,MH-CAT-CIAO-024,Inaba かつまぐろ｜鮪魚貓罐頭｜85g／單罐,Inaba かつまぐろ,cats,14.9,6.81,0.45,1.1654,1.1678,0.2059,upward .90,0.0,"CNY×1.1654/(1-45%), upward .90",14.4595,14.9,0.0,0.0,0.4663,0.4663,False,False,True,no_price_change,7.95,6.95,46.63
prod_V90yWS8dLSjcn2,price_1U8iwwRyM6dRKLtZ4TVBysAG,True,single,85g／單罐,MH-CAT-CIAO-025,Inaba かつまぐろ｜鮪魚三文魚貓罐頭｜85g／單罐,Inaba かつまぐろ,cats,14.9,6.81,0.45,1.1654,1.1678,0.2059,upward .90,0.0,"CNY×1.1654/(1-45%), upward .90",14.4595,14.9,0.0,0.0,0.4663,0.4663,False,False,True,no_price_change,7.95,6.95,46.63
prod_V90yAWxmanLYZk,price_1U8iwxRyM6dRKLtZccf5xxZZ,True,single,85g／單罐,MH-CAT-CIAO-026,Inaba かつまぐろ｜鮪魚小銀魚貓罐頭｜85g／單罐,Inaba かつまぐろ,cats,14.9,6.81,0.45,1.1654,1.1678,0.2059,upward .90,0.0,"CNY×1.1654/(1-45%), upward .90",14.4595,14.9,0.0,0.0,0.4663,0.4663,False,False,True,no_price_change,7.95,6.95,46.63
prod_V90yWGm3mtcreN,price_1U8iwzRyM6dRKLtZ5uUc9AxZ,True,single,85g／單罐,MH-CAT-CIAO-028,Inaba かつまぐろ｜高齡貓鮪魚貓罐頭｜85g／單罐,Inaba かつまぐろ,cats,14.9,6.81,0.45,1.1654,1.1678,0.2059,upward .90,0.0,"CNY×1.1654/(1-45%), upward .90",14.4595,14.9,0.0,0.0,0.4663,0.4663,False,False,True,no_price_change,7.95,6.95,46.63
prod_V90yLm2ySqOvLR,price_1U8iwURyM6dRKLtZvEEuMvIT,True,single,單罐,MH-CAT-CIAO-001,CIAO とろみ｜鮪魚魷魚濃湯貓罐頭｜單罐,CIAO とろみ,cats,25.9,11.8,0.45,1.1654,1.1678,0.2059,upward .90,0.0,"CNY×1.1654/(1-45%), upward .90",25.0546,25.9,0.0,0.0,0.468,0.468,False,False,True,no_price_change,13.78,12.12,46.80
prod_V90ygMTkWiOVNg,price_1U8iwYRyM6dRKLtZYbdZDFYL,True,single,單罐,MH-CAT-CIAO-004,CIAO とろみ｜烤鰹魚雞肉柴魚片濃湯貓罐頭｜單罐,CIAO とろみ,cats,25.9,11.8,0.45,1.1654,1.1678,0.2059,upward .90,0.0,"CNY×1.1654/(1-45%), upward .90",25.0546,25.9,0.0,0.0,0.468,0.468,False,False,True,no_price_change,13.78,12.12,46.80
prod_V90yH5bCkLyGYU,price_1U8iwaRyM6dRKLtZbm2N3cUU,True,single,單罐,MH-CAT-CIAO-006,CIAO とろみ｜下泌尿道配慮雞肉鮪魚扇貝濃湯貓罐頭｜單罐,CIAO とろみ,cats,25.9,11.8,0.45,1.1654,1.1678,0.2059,upward .90,0.0,"CNY×1.1654/(1-45%), upward .90",25.0546,25.9,0.0,0.0,0.468,0.468,False,False,True,no_price_change,13.78,12.12,46.80
prod_V90yJbWqkU76Xa,price_1U8iwbRyM6dRKLtZl7K9ejmQ,True,single,單罐,MH-CAT-CIAO-007,CIAO とろみ｜奶油濃湯雞肉鮪魚蟹柳貓罐頭｜單罐,CIAO とろみ,cats,25.9,11.8,0.45,1.1654,1.1678,0.2059,upward .90,0.0,"CNY×1.1654/(1-45%), upward .90",25.0546,25.9,0.0,0.0,0.468,0.468,False,False,True,no_price_change,13.78,12.12,46.80
prod_V90yhouIdri4Ou,price_1U8iweRyM6dRKLtZOPT6WHop,True,single,單罐,MH-CAT-CIAO-009,CIAO とろみ｜11歲以上鮪魚扇貝奶油濃湯貓罐頭｜單罐,CIAO とろみ,cats,25.9,11.8,0.45,1.1654,1.1678,0.2059,upward .90,0.0,"CNY×1.1654/(1-45%), upward .90",25.0546,25.9,0.0,0.0,0.468,0.468,False,False,True,no_price_change,13.78,12.12,46.80
prod_V8sFjjO8IgpPvO,price_1U8aVNRyM6dRKLtZ7S60votS,True,pack_size,體驗裝｜三文魚海苔味 1 包（8 根）,MH-DOG-GEN-001,Complete ytt 日本犬用雞肉條小食 20g｜Complete ytt Chicken Tender Dog Treats 20g,Complete ytt,dogs,14.9,6.74,0.45,1.1654,1.1678,0.2059,upward .90,0.0,"CNY×1.1654/(1-45%), upward .90",14.3109,14.9,0.0,0.0,0.4717,0.4717,False,False,True,no_price_change,7.87,7.03,47.17
prod_V90yamZYZI7jNF,price_1U8iwXRyM6dRKLtZywWN34fZ,True,single,單罐,MH-CAT-CIAO-003,CIAO とろみ｜鰹魚高湯雞肉鰹魚扇貝濃湯貓罐頭｜單罐,CIAO とろみ,cats,22.9,10.8,0.45,1.1654,1.1678,0.2059,upward .90,0.0,"CNY×1.1654/(1-45%), upward .90",22.9313,23.9,1.0,4.3668,0.4492,0.4723,True,False,True,hold_fx_change_below_0.5_percent,12.61,11.29,47.23
prod_V90yLEVAaxxHJj,price_1U8iwZRyM6dRKLtZc4a9huRq,True,single,單罐,MH-CAT-CIAO-005,CIAO とろみ｜鰹魚高湯雞肉鮪魚魷魚濃湯貓罐頭｜單罐,CIAO とろみ,cats,22.9,10.8,0.45,1.1654,1.1678,0.2059,upward .90,0.0,"CNY×1.1654/(1-45%), upward .90",22.9313,23.9,1.0,4.3668,0.4492,0.4723,True,False,True,hold_fx_change_below_0.5_percent,12.61,11.29,47.23
