商品,原商品 SKU,單包零售價 HKD,6包總價 HKD,6包平均單包 HKD,6包實際折扣,9包總價 HKD,9包平均單包 HKD,9包實際折扣,12包總價 HKD,12包平均單包 HKD,12包實際折扣
純馬肉棒,4976064025623,42.90,232.90,38.82,9.52%,328.90,36.54,14.81%,412.90,34.41,19.79%
野生鹿肉乾,4976064022905,91.90,496.90,82.82,9.88%,703.90,78.21,14.90%,882.90,73.58,19.94%
牛大筋,4976064025890,70.90,383.90,63.98,9.76%,542.90,60.32,14.92%,681.90,56.82,19.85%
天然牛蹄,4976064025333,42.90,232.90,38.82,9.52%,328.90,36.54,14.81%,412.90,34.41,19.79%
天然鯊魚皮,4976064026392,42.90,232.90,38.82,9.52%,328.90,36.54,14.81%,412.90,34.41,19.79%
雞里肌肉碎,4976064024251,34.90,188.90,31.48,9.79%,267.90,29.77,14.71%,335.90,27.99,19.79%
黑豚豬耳,4976064022301,115.90,626.90,104.48,9.85%,887.90,98.66,14.88%,1113.90,92.82,19.91%
犛牛芝士棒,4976064025685,99.90,539.90,89.98,9.93%,764.90,84.99,14.93%,959.90,79.99,19.93%
牛肋排骨,4976064024701,99.90,539.90,89.98,9.93%,764.90,84.99,14.93%,959.90,79.99,19.93%
安納芋甘藷,4976064025272,34.90,188.90,31.48,9.79%,267.90,29.77,14.71%,335.90,27.99,19.79%
金槍魚薄片,4976064013897,28.90,156.90,26.15,9.52%,221.90,24.66,14.69%,277.90,23.16,19.87%
無鹽小魚乾,4976064019806,32.90,178.90,29.82,9.37%,252.90,28.10,14.59%,316.90,26.41,19.73%
黑鮪魚肉碎,4976064026576,34.90,188.90,31.48,9.79%,267.90,29.77,14.71%,335.90,27.99,19.79%
凍乾雞肉,4976064025791,99.90,539.90,89.98,9.93%,764.90,84.99,14.93%,959.90,79.99,19.93%
貓用雞肉細切條,4976064024718,42.90,232.90,38.82,9.52%,328.90,36.54,14.81%,412.90,34.41,19.79%
