id,mofu_sku,name_zh,current_price_hkd,msrp_price_to_backup_hkd,proposed_price_hkd,delta_hkd,is_published,status,stock,formula
2f01259f-def1-4324-b2ef-48d4920bc466,4976064013736,【極軟薄片】黃鰭金槍魚柴魚薄片 30g（低脂高蛋白・挑食拌糧神物）,49.90,49.90,55.90,6.00,True,published,20,floor(products.price * 1.12) + 0.90
f9adf018-fec1-4c7e-92e1-df3d8b1979d6,4976064013897,【極致薄削】黃鰭金槍魚柴魚薄片 30g,49.90,49.90,55.90,6.00,True,published,20,floor(products.price * 1.12) + 0.90
08187608-2f51-430b-bece-cf22c331d5b6,4976064015013,【日本原裝・環保可沖】可沖馬桶水溶性寵物環保拾便袋 100枚入,129.90,129.90,145.90,16.00,False,archived,20,floor(products.price * 1.12) + 0.90
bce17140-4a7d-464c-bf39-03b8bb7e3de1,4976064015716,【薄花誘食】純雞肉薄削花撒粉 20g（挑食拌糧神物・低脂好吸收）,59.90,59.90,67.90,8.00,True,published,20,floor(products.price * 1.12) + 0.90
9aea527e-8b87-4584-a5b2-ef4671f818fb,4976064015747,【極軟羽花】無添加純雞肉薄削花撒粉 20g（挑食拌糧・低脂清爽無負擔）,59.90,59.90,67.90,8.00,True,published,20,floor(products.price * 1.12) + 0.90
460b1cff-b1d3-4896-a1ce-06700b7be5f6,4976064016485,【厚切原塊】和風即食料理包 原塊煎烤馬肉牛扒 1枚入（鮮肉原汁・慶生加菜五星級盛宴）,79.90,79.90,89.90,10.00,True,published,20,floor(products.price * 1.12) + 0.90
579b1691-67a2-4619-a973-d6574a3fcfdd,4976064017956,【口服玻尿酸】天然原隻雞冠骨膠原潔齒標準裝 25g,59.90,59.90,67.90,8.00,True,published,20,floor(products.price * 1.12) + 0.90
3cf3fa1a-af6c-41e6-9a08-7677135661ab,4976064018380,【和風手作】職人手作低糖低卡三色機能烘焙曲奇 80g,59.90,59.90,67.90,8.00,True,published,20,floor(products.price * 1.12) + 0.90
5c8c89e7-5e4e-4d53-94a9-2cacdf126bd4,4976064018397,【烘焙鬆餅】職人手作五穀糙米養生格子鬆餅 6枚入,99.90,99.90,111.90,12.00,True,published,20,floor(products.price * 1.12) + 0.90
ef95352a-7e98-48d9-a611-8738d081aecd,4976064018854,【和風鮮食】和風即食料理包 慢燉馬肉時蔬 80g（低敏濕糧・術後老犬開胃滋補）,89.90,89.90,100.90,11.00,True,published,20,floor(products.price * 1.12) + 0.90
ad8294d9-f79c-4aab-bb3c-f00d7620643b,4976064019189,【野味低敏】國產野生野豬純肉乾 30g,79.90,79.90,89.90,10.00,True,published,20,floor(products.price * 1.12) + 0.90
6ac49343-5839-4266-8fc7-71376eaab943,4976064019806,【食鹽不使用】無鹽補鈣酥脆小魚乾 70g（天然骨骼補鈣・EPA/DHA護心美毛）,59.90,59.90,67.90,8.00,True,published,20,floor(products.price * 1.12) + 0.90
49cf884e-f7b4-484d-b767-e39f90cd9775,4976064020093,【生熟兩用】日本產冷凍生馬肉碎 500g（無穀生食・超低敏鮮肉伴糧）,149.90,149.90,167.90,18.00,True,archived,20,floor(products.price * 1.12) + 0.90
858d10e3-177f-419e-9115-2351963b4ab9,4976064020291,【彈牙肉條】國產牛舌條肉乾標準裝 100g（牛磺酸滋補・濃郁牛香彈性嚼感）,59.90,59.90,67.90,8.00,True,published,20,floor(products.price * 1.12) + 0.90
b389ef4b-a07c-4218-a0e6-8396747b7018,4976064020826,【關節配方】北海道純牛肉軟骨牛扒添加葡萄糖胺 70g（潤滑關節・牛肉肉香兼顧護骨）,69.90,69.90,78.90,9.00,True,published,20,floor(products.price * 1.12) + 0.90
2241b9cc-fd63-4bd9-8382-8d4e95baad85,4976064021021,【北海綜合肉】北海道特選天然純肉一口元氣丁 80g,69.90,69.90,78.90,9.00,True,published,20,floor(products.price * 1.12) + 0.90
9e1551aa-e4ed-49aa-bb89-549a8da8883b,4976064021212,【和風厚切】和風即食料理包 原塊煎烤野生鹿肉扒 1枚入（鮮美肉汁・頂級溫補加菜盛宴）,79.90,79.90,89.90,10.00,True,published,20,floor(products.price * 1.12) + 0.90
bfdb0a94-0366-4f92-8769-869cf7cf67c7,4976064021267,【北海道產】北海道天然三文魚厚切肉乾 30g,79.90,79.90,89.90,10.00,True,published,20,floor(products.price * 1.12) + 0.90
be163b17-f1fa-441e-8f95-4f55baa9b503,4976064021649,【天然豬手】國產天然豬腳輪切骨膠原磨牙片 5枚入,99.90,99.90,111.90,12.00,True,published,20,floor(products.price * 1.12) + 0.90
d5e4040d-65c2-45f0-a574-572df4d6ef53,4976064021878,【整條鮮鮭】北海道天然三文魚原肉切粒 35g,79.90,79.90,89.90,10.00,True,published,20,floor(products.price * 1.12) + 0.90
3a25a52a-a6f7-4e02-9772-4196febed167,4976064021977,【北海道產】北海道純牛肉薄切片 40g（2mm極致薄切・幼老犬無痛大口吃肉）,69.90,69.90,78.90,9.00,True,published,20,floor(products.price * 1.12) + 0.90
f4d6d6d7-2bcc-455c-9174-f92572888c92,4976064021991,【香烤薄筋】天然馬蹄筋薄燒脆片 10g（薄脆微韌・小型犬無痛潔齒零食）,79.90,79.90,89.90,10.00,True,published,20,floor(products.price * 1.12) + 0.90
150c6efe-d8ff-42f8-920e-2f08e6e95230,4976064022073,【自然日曬】國產純豬肉天日干慢乾肉片 20g,69.90,69.90,78.90,9.00,True,published,20,floor(products.price * 1.12) + 0.90
43793293-114d-4e26-bc3c-4846c71047f3,4976064022301,【鹿兒島產】黑豚原隻大豬耳特惠裝 5枚入,199.90,199.90,223.90,24.00,True,published,20,floor(products.price * 1.12) + 0.90
d65fa68f-df18-4c3f-8198-49d1beb17743,4976064022394,【五穀膳食纖維】日本產五穀雜糧低溫慢烤輕卡薄脆片 40g,59.90,59.90,67.90,8.00,True,published,20,floor(products.price * 1.12) + 0.90
7ab6628c-e564-43a8-a7fa-1904cdeb713f,4976064022530,【整條純脆】無添加天然丁香魚乾 50g（貓狗通用）,59.90,59.90,67.90,8.00,True,published,20,floor(products.price * 1.12) + 0.90
47b0d439-0e6c-41ad-8cf8-35bb83c17672,4976064022585,【特長大筋】國產天然豬食道長條耐咬棒 3本入,79.90,79.90,89.90,10.00,True,published,20,floor(products.price * 1.12) + 0.90
5be69688-2048-4ea5-a32b-b83a6356aebb,4976064022646,【小麥胚芽包】天然小麥胚芽黃金地瓜養生烘焙麵包 6個入,49.90,49.90,55.90,6.00,True,published,20,floor(products.price * 1.12) + 0.90
cf890abd-f7ab-405b-ba46-0714064d755b,4976064022769,【極上鮮味】北海道天然帆立貝唇耐嚼裙邊 15g,59.90,59.90,67.90,8.00,True,published,20,floor(products.price * 1.12) + 0.90
797fb718-e91c-4d2f-9c33-4eda71e507e8,4976064022899,【本州野生】日本原產野生日本鹿原肉乾 30g（純淨野味・高蛋白低脂健康嚼勁）,79.90,79.90,89.90,10.00,True,published,20,floor(products.price * 1.12) + 0.90
f3046f8f-21c4-4776-8e7e-b83014ca9108,4976064022905,【特惠大包】日本原產野生鹿肉乾大容量裝 80g（天然野味・多狗家庭高性價比囤貨款）,159.90,159.90,179.90,20.00,True,published,20,floor(products.price * 1.12) + 0.90
7d81032b-859b-4c92-9534-7393cfa2af81,4976064023025,【一口酥鬆】國產天然馬肺一口海綿方塊 20g,89.90,89.90,100.90,11.00,True,published,20,floor(products.price * 1.12) + 0.90
0858ff47-0dec-465d-80a2-a2630313b9de,4976064023094,【整尾帶卵】北海道天然公魚/若鷺魚原隻烘乾 20g,79.90,79.90,89.90,10.00,True,published,20,floor(products.price * 1.12) + 0.90
38c0359a-c46f-475a-b24d-a7d6c78e3a1c,4976064023117,【和風惣菜】國產植物肉大豆排佐寒天膠原保濕肉凍 59g,79.90,79.90,89.90,10.00,True,published,20,floor(products.price * 1.12) + 0.90
eeb4a4fd-0d34-4676-b59b-ca0e35231090,4976064023124,【原條天然】國產原肉馬筋條 40g（耐嚼膠原・下顎咬合鍛鍊必備）,109.90,109.90,123.90,14.00,True,published,20,floor(products.price * 1.12) + 0.90
43e354d9-12fe-4a6b-b492-2ccc131f6b5d,4976064023162,【細切耐咬】蒙古天然放牧馬蹄筋細切條 30g（細切條狀・中小型犬專屬潔齒磨牙）,119.90,119.90,134.90,15.00,True,published,20,floor(products.price * 1.12) + 0.90
647ce75e-3030-42fb-a5b8-cc4f05c8042d,4976064023209,【極上奢華】日本天然魚翅姿乾細切 40g,69.90,69.90,78.90,9.00,True,published,20,floor(products.price * 1.12) + 0.90
d8947fdf-d7c6-42d3-ac55-e1a1084ab128,4976064023254,【日本原裝・防暴衝裝甲】攀岩編織強韌透氣防暴衝胸背帶 S號 軍事卡其,469.90,469.90,526.90,57.00,False,archived,20,floor(products.price * 1.12) + 0.90
bc7ac7c1-c28c-4854-b6b1-cb240adf4239,4976064023261,【日本原裝・防暴衝裝甲】攀岩編織強韌透氣防暴衝胸背帶 M號 勃艮第酒紅,529.90,529.90,593.90,64.00,False,archived,20,floor(products.price * 1.12) + 0.90
5fcb4041-d3fd-4368-9f6c-081823c7c89f,4976064023278,【日本原裝・防暴衝裝甲】攀岩編織強韌透氣防暴衝胸背帶 M號 軍事卡其,529.90,529.90,593.90,64.00,False,archived,20,floor(products.price * 1.12) + 0.90
42d567d4-3ae5-4527-8498-3fc86ea6099c,4976064023285,【日本原裝・防暴衝裝甲】攀岩編織強韌透氣防暴衝胸背帶 L號 勃艮第酒紅,579.90,579.90,649.90,70.00,False,archived,20,floor(products.price * 1.12) + 0.90
fdbd9648-adca-4ca1-bb22-f61297b9632c,4976064023292,【日本原裝・防暴衝裝甲】攀岩編織強韌透氣防暴衝胸背帶 L號 軍事卡其,579.90,579.90,649.90,70.00,False,archived,20,floor(products.price * 1.12) + 0.90
3645e36a-d09c-404c-9bdc-92ad3afb3a41,4976064023308,【日本原裝・防暴衝裝甲】攀岩編織強韌透氣防暴衝胸背帶 LL號 勃艮第酒紅,639.90,639.90,716.90,77.00,False,archived,20,floor(products.price * 1.12) + 0.90
b415a1e7-7508-42d3-95b4-5ba8482d768c,4976064023315,【日本原裝・防暴衝裝甲】攀岩編織強韌透氣防暴衝胸背帶 LL號 軍事卡其,639.90,639.90,716.90,77.00,False,archived,20,floor(products.price * 1.12) + 0.90
dc25ad08-a819-446c-a112-504005dca357,4976064023339,【日本原裝・極致抗拉】攀岩級高密度強韌編織防暴衝牽引繩 M號 經典黑,329.90,329.90,369.90,40.00,False,archived,20,floor(products.price * 1.12) + 0.90
6b7451f0-e8f7-41eb-b69b-cb033387120f,4976064023346,【日本原裝・極致抗拉】攀岩級高密度強韌編織防暴衝牽引繩 L號 經典黑,359.90,359.90,403.90,44.00,False,archived,20,floor(products.price * 1.12) + 0.90
ada40b04-d536-4cea-abed-3e8649dfc8d2,4976064023421,【高鈣濃郁】國產醇香芝士棒裹雞里肌肉卷 40g,99.90,99.90,111.90,12.00,True,published,20,floor(products.price * 1.12) + 0.90
87a85bc2-fb5b-4e1c-98a1-9c858b2ef50d,4976064023438,【肉捲芝士】低敏純馬肉捲高鈣無鹽芝士條 35g（雙重濃郁・雙重補鈣誘食）,99.90,99.90,111.90,12.00,True,published,20,floor(products.price * 1.12) + 0.90
5196cfd6-cf21-41f5-8685-927de0e6d248,4976064023476,【低脂純肉】國產純雞胸肉薄切片 45g,69.90,69.90,78.90,9.00,True,published,20,floor(products.price * 1.12) + 0.90
28a04091-cd30-49e0-8b9b-de3bf3eced8e,4976064023490,【香脆薄切】國產純馬肉香脆薄片 35g（低敏高鐵・手掰易碎訓練獎勵）,69.90,69.90,78.90,9.00,True,published,20,floor(products.price * 1.12) + 0.90
4edb6eeb-ec27-4681-8701-2fa59d82398d,4976064023520,【香脆薄切】北海道野生蝦夷鹿肉香脆薄片 30g（低脂高鐵・酥脆咔嚓手掰即碎）,69.90,69.90,78.90,9.00,True,published,20,floor(products.price * 1.12) + 0.90
d4bc84d5-ba66-453b-ae00-e18551468709,4976064023575,【青森蘋果】日本青森產天然蜜蘋果一口果肉丁 30g,69.90,69.90,78.90,9.00,True,published,20,floor(products.price * 1.12) + 0.90
ed5e4d03-8ea2-4c81-9245-1da825740995,4976064023599,【低敏紅肉】國產低敏馬肉乾薄切片 20g,109.90,109.90,123.90,14.00,True,published,20,floor(products.price * 1.12) + 0.90
ae3e285d-ac5a-4fc9-97eb-43c2834d1a89,4976064023711,【香脆牛扒】國產低敏馬肉牛扒酥脆片 10g（極薄微脆・入口即碎幼老犬首選）,69.90,69.90,78.90,9.00,True,published,20,floor(products.price * 1.12) + 0.90
d8ffbb4d-c748-4f13-bd6a-dc67facdb5fc,4976064023766,【枕崎產】鹿兒島枕崎產天然鰹魚厚切片 30g,59.90,59.90,67.90,8.00,True,published,20,floor(products.price * 1.12) + 0.90
2ae66edc-5ce3-49d7-9288-d430fe6c2c5b,4976064023865,【一口硬質】國產純雞里肌一口耐嚼肉塊 60g,79.90,79.90,89.90,10.00,True,published,20,floor(products.price * 1.12) + 0.90
c6064e0c-787d-42d3-b642-f0a7f9ede4c5,4976064023872,【原條慢烘】國產純雞里肌整條硬質肉乾標準裝 60g,79.90,79.90,89.90,10.00,True,published,20,floor(products.price * 1.12) + 0.90
2fb9f0e4-bb87-4071-bcf7-c5d730aa8050,4976064023889,【原隻耐嚼】國產天然整隻原耳大容量裝 5枚入,199.90,199.90,223.90,24.00,True,published,20,floor(products.price * 1.12) + 0.90
ff5fc141-3702-4630-bac8-86f237e2a48a,4976064023933,【耐嚼膠原】國產天然牛食道耐咬筋棒 45g（富含軟骨素・中小型犬磨牙潔齒必備）,79.90,79.90,89.90,10.00,True,published,20,floor(products.price * 1.12) + 0.90
91d51d2a-9ed9-4b9f-bc69-6f982bd0b41d,4976064023957,【綜合磨牙】國產天然牛骨綜合大包裝 180g（多種骨型・大狗潔齒去牙石超值囤貨款）,169.90,169.90,190.90,21.00,True,published,20,floor(products.price * 1.12) + 0.90
d86c0546-f486-428c-a6e4-a4cddd6a36d9,4976064023995,【草原背筋】蒙古放牧馬背筋健齒棒 35g（高韌性長條・中大型犬耐咬首選）,109.90,109.90,123.90,14.00,True,published,20,floor(products.price * 1.12) + 0.90
4f34d511-6e31-4888-aef1-1efeb9fd3242,4976064024008,【肉香裹筋】蒙古馬肉捲耐咬背筋棒 35g（雙重誘惑・挑嘴破壞犬雙重滿足）,109.90,109.90,123.90,14.00,True,published,20,floor(products.price * 1.12) + 0.90
0d4e8187-e22b-4f07-94cb-d1780b0f77f3,4976064024046,【原根肋骨】北海道野生鹿肋骨 40g（細長扁骨・中小型犬潔齒解癢磨牙棒）,79.90,79.90,89.90,10.00,True,published,20,floor(products.price * 1.12) + 0.90
a0e17235-0a5c-4b82-a805-b60bd565cf3e,4976064024077,【細切迷你】國產純雞里肌細切肉條迷你裝 50g,69.90,69.90,78.90,9.00,True,published,20,floor(products.price * 1.12) + 0.90
6a433ba4-5ac6-485e-8bb5-ade4707f9986,4976064024138,【特惠耐咬】國產天然牛舌皮長條大容量裝 200g（純天然膠原・中大型犬長效磨牙）,149.90,149.90,167.90,18.00,True,published,20,floor(products.price * 1.12) + 0.90
1b424352-5f29-4a10-ac70-fbfe95ca412f,4976064024152,【精巧耐咬】天然馬蹄筋標準裝 50g（適中尺寸・中小型犬潔齒必備）,159.90,159.90,179.90,20.00,True,published,20,floor(products.price * 1.12) + 0.90
b4ff5b2a-2cc5-43c5-935f-f3dd59f688da,4976064024169,【耐咬特長】天然馬蹄筋長條特裝 60g（低敏高膠原・中大型犬潔齒抗拆家）,169.90,169.90,190.90,21.00,True,published,20,floor(products.price * 1.12) + 0.90
4691cbc9-58b8-49b7-83ae-b65a4c023fd1,4976064024176,【酥鬆海綿】天然紐西蘭仔羊肺酥脆海綿小脆塊 20g,69.90,69.90,78.90,9.00,True,published,20,floor(products.price * 1.12) + 0.90
59074173-b2a4-4fd1-a1e3-12012220e090,4976064024206,【北海美毛】北海道天然三文魚元氣肉棒 30g,79.90,79.90,89.90,10.00,True,published,20,floor(products.price * 1.12) + 0.90
eedba2a9-8880-4ac2-807c-24c4df9888c4,4976064024251,【雪花肉碎】國產純雞里肌雪花肉碎拌糧專用 50g,59.90,59.90,67.90,8.00,True,published,20,floor(products.price * 1.12) + 0.90
8a586986-0088-49aa-a44c-6f2bd947d2a5,4976064024275,【頂級誘食】國產天然熟成芝士香濃純粉撒料 50g,59.90,59.90,67.90,8.00,True,published,20,floor(products.price * 1.12) + 0.90
1fea1e16-6cbe-45fa-b188-e3c2c6b98e1f,4976064024282,【北海鮮糧試吃】北海道天然機能乾糧嚐鮮試吃裝 80g,49.90,49.90,55.90,6.00,True,published,20,floor(products.price * 1.12) + 0.90
63701ed4-0224-4fa7-8ccf-9412bf9f4f85,4976064024299,【北海天然鮮糧】北海道嚴選食材全天然機能主食乾糧 500g,239.90,239.90,268.90,29.00,True,published,20,floor(products.price * 1.12) + 0.90
ca44721d-e450-4f13-86bf-653b8fa1f576,4976064024305,【耐嚼薄筋】國產天然牛頸筋耐咬薄切片 60g（富含膠原・潔齒鍛鍊咬合）,79.90,79.90,89.90,10.00,True,published,20,floor(products.price * 1.12) + 0.90
616e8149-5eb0-49d0-a549-2546f0c053d5,4976064024336,【低脂純肉】國產純雞里肌肉碎拌糧 50g,59.90,59.90,67.90,8.00,True,published,20,floor(products.price * 1.12) + 0.90
959e1422-a1b2-4345-b3c3-790a9a924123,4976064024398,【酥脆帶肉】北海道野生鹿排骨 40g（骨肉相連・香脆補鈣潔齒美味）,79.90,79.90,89.90,10.00,True,published,20,floor(products.price * 1.12) + 0.90
9a9c7c10-3519-4a43-b651-65e3045176b2,4976064024404,【補鈣磨牙】北海道野生鹿脊骨切片 60g（天然骨髓・物理除牙垢骨肉相連）,99.90,99.90,111.90,12.00,True,published,20,floor(products.price * 1.12) + 0.90
c7696416-bb7f-4257-948e-c6fc6710c32b,4976064024411,【小犬磨牙】北海道野生鹿肩胛骨 S號 1本入（小型犬專用・扁平骨型安全潔齒）,129.90,129.90,145.90,16.00,True,published,20,floor(products.price * 1.12) + 0.90
2903f77f-64c8-4d84-9c0a-fb8a4381d7a7,4976064024428,【中型犬磨牙】北海道野生鹿肩胛骨 M號 1本入（中型犬專屬・扇形扁骨潔齒解悶）,199.90,199.90,223.90,24.00,True,published,20,floor(products.price * 1.12) + 0.90
e5ef62a8-6312-4f27-83f5-d7684b45dea5,4976064024435,【霸王耐咬】北海道野生鹿肩胛骨 L號 1本入（天然整隻大骨・大型犬極限磨牙潔齒）,259.90,259.90,291.90,32.00,True,published,20,floor(products.price * 1.12) + 0.90
fff0f36f-8b4e-40a0-bafe-83d6b58c7330,4976064024442,【純肉佐餐】100%純野生鹿肉鬆伴糧撒粉 30g（高鐵滋補・乾糧挑嘴犬秒清碗）,79.90,79.90,89.90,10.00,True,published,20,floor(products.price * 1.12) + 0.90
1219e159-9438-4583-b7cd-0c80764eabef,4976064024473,【厚切香脆】國產純牛肉香脆肉片 8枚入（原塊牛肉壓焙・濃郁肉香咔嚓爽脆）,59.90,59.90,67.90,8.00,True,published,20,floor(products.price * 1.12) + 0.90
f6dcebce-b7e3-4d60-962c-f2991a0c6b8d,4976064024480,【高鐵補血】國產純牛肝香脆薄片 8枚入（天然超級食物・貧血老犬造血滋養）,59.90,59.90,67.90,8.00,True,published,20,floor(products.price * 1.12) + 0.90
cbe21db4-eaa3-4df4-b2c5-db26776ab887,4976064024497,【綜合馬肉片】國產天然純馬肉香脆圓片 8枚入,59.90,59.90,67.90,8.00,True,published,20,floor(products.price * 1.12) + 0.90
dd38a9b3-a781-4ca0-848e-06b7de42ffe8,4976064024589,【細切潔齒】國產天然牛舌皮細切長條 50g（8mm小口徑・中小型犬耐咬磨牙）,69.90,69.90,78.90,9.00,True,published,20,floor(products.price * 1.12) + 0.90
7becdf78-435d-4be5-b9a1-e6fccedca22e,4976064024596,【極細特惠】國產天然極細切豬耳條大容量裝 120g,119.90,119.90,134.90,15.00,True,published,20,floor(products.price * 1.12) + 0.90
3df8528a-9cb1-4402-a2f1-a774bc6d9064,4976064024602,【肉香耐咬】國產厚切純牛肉捲牛皮磨牙棒 5支入（雙重潔齒・中型犬磨牙解悶必備）,79.90,79.90,89.90,10.00,True,published,20,floor(products.price * 1.12) + 0.90
99493448-2a89-4b91-b41f-efe297474444,4976064024619,【軟質細切】國產天然黃金地瓜細切軟質甘藷條 60g,59.90,59.90,67.90,8.00,True,published,20,floor(products.price * 1.12) + 0.90
1c1563ee-77a0-4f86-841f-15e230c247d5,4976064024626,【花青素護眼】九州產天然紫甘藷軟質一口方塊 60g,59.90,59.90,67.90,8.00,True,published,20,floor(products.price * 1.12) + 0.90
554fbed8-16aa-430b-a477-dc0f71955330,4976064024688,【減鹽特惠裝】低鈉鰹魚柴魚花 40g（鹽分僅約1%・多貓家庭伴糧騙水必備）,69.90,69.90,78.90,9.00,True,published,20,floor(products.price * 1.12) + 0.90
5458a8cf-6b52-4991-948a-dc27fb5968a1,4976064024701,【肉骨相連】國產天然牛肋排骨切段 3大塊入（約160g・中大型犬補鈣磨牙去牙石）,169.90,169.90,190.90,21.00,True,published,20,floor(products.price * 1.12) + 0.90
df59b07c-f328-471c-9c6c-2d7b62717a80,4976064024718,【細嫩好嚼】國產雞里肌細切條 Mini 50g,69.90,69.90,78.90,9.00,True,published,20,floor(products.price * 1.12) + 0.90
55d54dab-c3ba-488d-b871-66f742f0664e,4976064024725,【補鈣無鹽】無添加天然小魚乾 70g,59.90,59.90,67.90,8.00,True,published,20,floor(products.price * 1.12) + 0.90
e7100a13-8c7d-4112-8ba9-4473e4c399f4,4976064024732,【特惠大包】國產天然香脆豬耳條大容量裝 120g,119.90,119.90,134.90,15.00,True,published,20,floor(products.price * 1.12) + 0.90
a4686b84-c39d-4c13-b87a-c806605d069a,4976064024749,【低敏母乳級】國產純山羊奶原粉幼犬老犬滋補沖劑 30g,69.90,69.90,78.90,9.00,True,published,20,floor(products.price * 1.12) + 0.90
a7c06cd1-4f9b-4c53-bf6a-2f1f84f2adcb,4976064024756,【膠原切片】國產天然香脆豬耳條標準裝 50g,69.90,69.90,78.90,9.00,True,published,20,floor(products.price * 1.12) + 0.90
22063b55-cc4f-4cfe-9a03-dac8445baca2,4976064024763,【匠心特級】國產特級純牛肉乾標準裝 100g（純天然原肉・濃郁肉香越嚼越香）,59.90,59.90,67.90,8.00,True,published,20,floor(products.price * 1.12) + 0.90
49ed7d4c-8d16-44d3-8e27-5305185347f4,4976064024770,【特惠大包】匠心特級純牛肉乾大容量裝 300g（大容量囤貨・純原肉厚切慢烘）,149.90,149.90,167.90,18.00,True,published,20,floor(products.price * 1.12) + 0.90
8824157e-e7e4-4db5-bdfb-6b75feef2ab1,4976064024831,【帶肉肋骨】國產天然豬肋排骨切塊 50g,69.90,69.90,78.90,9.00,True,published,20,floor(products.price * 1.12) + 0.90
2e002085-35d2-4a20-abb5-8fa266c3dd39,4976064024879,【高鐵雙享】國產雞里肌+濃香雞肝香脆薄片 35g,59.90,59.90,67.90,8.00,True,published,20,floor(products.price * 1.12) + 0.90
c4aed563-1cc2-4bf6-9edd-035c1cf7aa87,4976064024886,【濃香誘食】國產純雞砂肝香脆肉碎拌糧神器 45g,59.90,59.90,67.90,8.00,True,published,20,floor(products.price * 1.12) + 0.90
731da8a2-779c-4867-931b-caccf78dfb5e,4976064024893,【香脆鮮味】天然金槍魚/吞拿魚肉碎拌糧 45g,69.90,69.90,78.90,9.00,True,published,20,floor(products.price * 1.12) + 0.90
f2b520be-9654-4a1a-a71a-c84c0183b962,4976064024909,【鹿兒島特惠】鹿兒島產天然厚切豬耳條大容量裝 120g,149.90,149.90,167.90,18.00,True,published,20,floor(products.price * 1.12) + 0.90
643cc4a5-1e26-4852-a42e-d7631634fbee,4976064024916,【極細切片】國產天然極細切豬耳條小型犬專用 50g,69.90,69.90,78.90,9.00,True,published,20,floor(products.price * 1.12) + 0.90
a012df6c-f55a-4a2d-886f-3729aa2aedd0,4976064024923,【香甜地瓜卷】國產黃金地瓜裹雞里肌肉卷 45g,69.90,69.90,78.90,9.00,True,published,20,floor(products.price * 1.12) + 0.90
ec9025af-e6f1-4edf-88e2-10a5b6845a7a,4976064024930,【雙重肉感】國產彈牙雞砂肝裹雞里肌肉卷 40g,69.90,69.90,78.90,9.00,True,published,20,floor(products.price * 1.12) + 0.90
84301811-f46c-41a2-abd9-52e6d8f0b45c,4976064024947,【雙倍潔齒】國產膠原豬耳條裹雞里肌肉卷 40g,69.90,69.90,78.90,9.00,True,published,20,floor(products.price * 1.12) + 0.90
ca6f7b96-0319-4e7f-b5e6-87b03e2e46b4,4976064024954,【泌尿道守護】航天級原粒凍乾蔓越莓機能保養碎 10g,109.90,109.90,123.90,14.00,True,published,20,floor(products.price * 1.12) + 0.90
f433423d-74aa-4342-98e7-e072070bab2f,4976064024961,【傳統米果】國產米慢火烘烤無鹽無糖和風米果脆仙貝 50g,48.90,48.90,54.90,6.00,True,published,20,floor(products.price * 1.12) + 0.90
8d657958-a1ba-463c-b729-ee7bcb61d2df,4976064024985,【精緻薄切】國產純牛舌先薄切片 20g（2mm極致薄削・高鐵高牛磺酸濃郁極品）,69.90,69.90,78.90,9.00,True,published,20,floor(products.price * 1.12) + 0.90
b6e03934-6929-4f80-b98b-baf4733ab716,4976064024992,【和歌山產】日本和歌山產天然柿子低溫乾燥甜片 25g,69.90,69.90,78.90,9.00,True,published,20,floor(products.price * 1.12) + 0.90
4f464db6-1abf-4bad-8f13-476a159f5366,4976064025005,【小犬潔齒】低敏牛皮木薯潔齒棒 S號 15支（小徑7mm・小犬磨牙物理去牙石）,59.90,59.90,67.90,8.00,True,published,20,floor(products.price * 1.12) + 0.90
ae9235d8-e007-40be-864a-306fcbe8d50c,4976064025012,【植物潔齒特惠】天然葉綠素潔齒骨棒 S號小型犬特惠裝 40本入,129.90,129.90,145.90,16.00,True,published,20,floor(products.price * 1.12) + 0.90
8c41c4f6-a9fe-4f00-a799-47b42945ff11,4976064025029,【植物潔齒標準】天然葉綠素潔齒骨棒 M號中型犬標準裝 10本入,59.90,59.90,67.90,8.00,True,published,20,floor(products.price * 1.12) + 0.90
79eb9921-113c-4e16-9614-331bb01003dc,4976064025036,【植物潔齒特惠】天然葉綠素潔齒骨棒 M號中型犬大容量裝 25本入,129.90,129.90,145.90,16.00,True,published,20,floor(products.price * 1.12) + 0.90
851187af-b89c-4c88-b069-cd322d8039ed,4976064025043,【綠色植萃】國產天然綜合田園蔬菜拌糧細碎 50g,69.90,69.90,78.90,9.00,True,published,20,floor(products.price * 1.12) + 0.90
a1282fc4-44d2-40db-8df9-418eaa200f08,4976064025050,【特惠大包】國產牛舌條肉乾特惠裝 250g（富含維生素B群・高彈嚼勁性價比首選）,119.90,119.90,134.90,15.00,True,published,20,floor(products.price * 1.12) + 0.90
db0eeeed-7af4-4c11-ba73-7d6f8c1016a7,4976064025074,【高鐵補血】國產純雞肝一口機能原肉丁 45g,69.90,69.90,78.90,9.00,True,published,20,floor(products.price * 1.12) + 0.90
f4ba2af6-4309-458f-bb05-0e618eb6caf3,4976064025081,【天然純肉】北海道野生鹿肉一口方塊 30g,79.90,79.90,89.90,10.00,True,published,20,floor(products.price * 1.12) + 0.90
deb024b4-5c8d-402c-9d0f-fdb70e4c28f0,4976064025098,【一口肉丁】國產純馬肉小方塊 40g（1cm免剪防噎・高頻訓練一口一粒）,79.90,79.90,89.90,10.00,True,published,20,floor(products.price * 1.12) + 0.90
8675ec6b-1b1a-4356-861f-e84072f305aa,4976064025104,【極致酥脆】國產天然馬肺薄切海綿脆片 20g,69.90,69.90,78.90,9.00,True,published,20,floor(products.price * 1.12) + 0.90
fac197bf-eb5f-4747-b7d4-da56a3f41711,4976064025128,【特惠大包】天然無添加馬蹄筋大容量裝 100g（純天然耐咬・多狗家庭性價比首選）,259.90,259.90,291.90,32.00,True,published,20,floor(products.price * 1.12) + 0.90
b5f4a2d4-0554-4a3a-99b7-3b1e3c109f64,4976064025197,【一口濃縮】天然金槍魚/吞拿魚迷你肉方塊 35g,69.90,69.90,78.90,9.00,True,published,20,floor(products.price * 1.12) + 0.90
26b7ae24-31d8-4374-b33f-e34aa8f8507a,4976064025210,【深海純肉】國產天然黑鮪魚赤身薄切片 35g,69.90,69.90,78.90,9.00,True,published,20,floor(products.price * 1.12) + 0.90
876fb5d7-03f2-4362-9fd3-fdfa06a8e450,4976064025272,【蜜香誘食】鹿兒島種子島產安納芋蜜甜甘藷拌糧粉 80g,59.90,59.90,67.90,8.00,True,published,20,floor(products.price * 1.12) + 0.90
a910b424-25a3-4d7b-850d-9e8445920077,4976064025289,【非油炸膨化】國產大豆泡芙酥球添加發芽玄米 25g,59.90,59.90,67.90,8.00,True,published,20,floor(products.price * 1.12) + 0.90
1b665261-7f78-4399-ac82-586defd01c89,4976064025302,【非基改大豆】國產天然非基因改造焙炒大豆機能脆球 50g,69.90,69.90,78.90,9.00,True,published,20,floor(products.price * 1.12) + 0.90
465514c5-ee1b-4512-b78b-90260853ccff,4976064025319,【非基改大容量】國產天然焙炒大豆脆球大容量家庭裝 120g,119.90,119.90,134.90,15.00,True,published,20,floor(products.price * 1.12) + 0.90
4e74a7a9-5968-4652-9600-0d1cfe8306ee,4976064025326,【極致薄脆】北海道天然鱈魚香脆薄片 20g,59.90,59.90,67.90,8.00,True,published,20,floor(products.price * 1.12) + 0.90
762818cd-ed38-4eba-a5f0-65f68acbddc7,4976064025333,【天然原隻・終極耐咬】天然原隻牛蹄磨牙骨 1隻入（去牙結石王者・大狗極致解悶防拆家）,69.90,69.90,78.90,9.00,True,published,20,floor(products.price * 1.12) + 0.90
210303fe-bf53-49ac-bb10-34a2fe919985,4976064025340,【入口即化】國產純山羊奶機能小饅頭酥球 50g,59.90,59.90,67.90,8.00,True,published,20,floor(products.price * 1.12) + 0.90
187d30eb-24dd-4056-97f3-7e02e26ffb2b,4976064025357,【野菜小饅頭】天然田園蔬菜入口即化綜合野菜小饅頭 50g,59.90,59.90,67.90,8.00,True,published,20,floor(products.price * 1.12) + 0.90
c42b7443-7b6d-40ef-805d-db34e18cbadc,4976064025364,【水果小饅頭】天然果汁萃取入口即化綜合水果酥球 50g,59.90,59.90,67.90,8.00,True,published,20,floor(products.price * 1.12) + 0.90
1f8c52fc-b8b3-4e63-809b-6fa682a1d4e8,4976064025388,【手撕肉絲】國產純雞里肌手撕肉絲標準裝 50g,69.90,69.90,78.90,9.00,True,published,20,floor(products.price * 1.12) + 0.90
79e61ece-5ce2-470d-b5cc-2a7401253110,4976064025395,【手撕肉絲特惠】國產純雞里肌手撕肉絲大容量裝 120g,159.90,159.90,179.90,20.00,True,published,20,floor(products.price * 1.12) + 0.90
660e2dc1-8099-418d-b6d7-e0a433c46a03,4976064025401,【細切耐嚼】國產純雞砂肝硬質細切條 45g,69.90,69.90,78.90,9.00,True,published,20,floor(products.price * 1.12) + 0.90
a205ce8f-cad3-4c8c-96c7-b01e0850c154,4976064025418,【原塊嚼勁】國產純雞砂肝硬質原塊耐嚼肉乾 45g,69.90,69.90,78.90,9.00,True,published,20,floor(products.price * 1.12) + 0.90
3d1b2e73-dfd1-49de-b149-cd3f36409590,4976064025425,【原塊嚼勁特惠】國產純雞砂肝硬質原塊耐嚼大容量裝 120g,169.90,169.90,190.90,21.00,True,published,20,floor(products.price * 1.12) + 0.90
54929813-2466-4233-9a43-422cb6f9d8e2,4976064025449,【極限低脂】澳洲野生袋鼠肉牛扒脆片 20g（低敏極致・胰腺體重管理犬必備）,109.90,109.90,123.90,14.00,True,published,20,floor(products.price * 1.12) + 0.90
6ca963fe-6ce1-42f1-a63d-66fbc41b9eaa,4976064025463,【高鈣耐嚼】國產天然鰻魚頭酥脆磨牙骨 30g,69.90,69.90,78.90,9.00,True,published,20,floor(products.price * 1.12) + 0.90
1c94caa5-c7ca-44d8-b924-5f2034c1af36,4976064025470,【關節守護】日本近海天然鯊魚軟骨排 20g,69.90,69.90,78.90,9.00,True,published,20,floor(products.price * 1.12) + 0.90
ad2a6421-a48d-48c5-9428-71cf54d8d0d6,4976064025487,【極上滋補】國產天然鰻魚誘食純魚粉 30g,59.90,59.90,67.90,8.00,True,published,20,floor(products.price * 1.12) + 0.90
8180f2ea-bdda-4350-abfd-a790efb86a4e,4976064025494,【原塊下巴】北海道天然鱈魚下巴軟骨厚切片 2枚入,129.90,129.90,145.90,16.00,True,published,20,floor(products.price * 1.12) + 0.90
76d575da-0ff5-4954-905a-35af35a10c93,4976064025500,【原肉撕咬】原肉純雞里肌細切長條 50g（扎實嚼勁・手餵互動解悶神器）,69.90,69.90,78.90,9.00,True,published,20,floor(products.price * 1.12) + 0.90
a9e53f20-4b9e-4f20-bb50-235d413bbcb0,4976064025524,【原隻鳳爪潔齒】天然原隻乾燥雞爪膠原磨牙骨 4隻入,99.90,99.90,111.90,12.00,True,published,20,floor(products.price * 1.12) + 0.90
b07ccbdb-dd58-4ad9-ae75-8d726225ad53,4976064025531,【植物高蛋白】航天級原塊凍乾豆腐一口植物蛋白丁 12g,59.90,59.90,67.90,8.00,True,published,20,floor(products.price * 1.12) + 0.90
7f5c7c5b-ba4b-4390-a810-3d0afdcd6cb4,4976064025548,【超級益生菌】航天級原粒凍乾納豆整腸納豆激酶機能丁 25g,69.90,69.90,78.90,9.00,True,published,20,floor(products.price * 1.12) + 0.90
a7317196-04ff-4d9a-ba44-7fb0d0b92444,4976064025609,【耐嚼羊骨】天然紐西蘭帶肉仔羊肋骨磨牙骨 2塊入,119.90,119.90,134.90,15.00,True,published,20,floor(products.price * 1.12) + 0.90
a36d416c-837d-4295-8c5b-36f9722f334a,4976064025623,【低敏紅肉】日本國產純馬肉健康能量棒 35g,69.90,69.90,78.90,9.00,True,published,20,floor(products.price * 1.12) + 0.90
93e19853-07d8-4647-9f9a-48ed13bb931b,4976064025630,【低敏潔齒】純天然馬皮磨牙潔齒棒 S號 12支（無小麥澱粉・抗過敏物理除牙石）,59.90,59.90,67.90,8.00,True,published,20,floor(products.price * 1.12) + 0.90
29e7e4f6-e46c-4d54-99d9-3cbbf93ddf38,4976064025647,【高鐵補血】北海道野生鹿肝營養薄切片 30g（天然綜合維生素・貧血老犬滋補首選）,79.90,79.90,89.90,10.00,True,published,20,floor(products.price * 1.12) + 0.90
c1a4ccd0-ead3-4b8e-bf75-df5258f08327,4976064025654,【天然鴨頸骨】國產天然鴨頸骨海綿質潔齒骨 2本入,119.90,119.90,134.90,15.00,True,published,20,floor(products.price * 1.12) + 0.90
759630d2-a4de-4c31-8161-40214d433b93,4976064025661,【喜馬拉雅原產・終極耐咬】高山犛牛天然潔齒芝士棒 S號小型犬專用 2本入,169.90,169.90,190.90,21.00,True,published,20,floor(products.price * 1.12) + 0.90
51b605fa-49a9-4ad0-868e-6f8e4ea537fe,4976064025685,【喜馬拉雅原產・終極耐咬】高山犛牛天然潔齒芝士棒 M號中大型犬專用 1本入,169.90,169.90,190.90,21.00,True,published,20,floor(products.price * 1.12) + 0.90
5a229d41-3720-4872-b94a-81aed86b0407,4976064025708,【護心高鐵】國產純牛心薄切乾 35g（天然輔酶Q10・充沛能量心肌活力）,69.90,69.90,78.90,9.00,True,published,20,floor(products.price * 1.12) + 0.90
40d41c16-09bd-43a0-8ef3-ad1ccce84000,4976064025715,【無刺魚柳】國產天然小竹莢魚去骨魚柳 30g,69.90,69.90,78.90,9.00,True,published,20,floor(products.price * 1.12) + 0.90
0261a2be-b8c4-4fcf-8d2d-9fd4ff1b333f,4976064025722,【整隻雞翅】國產天然雞翅尖骨肉脆嚼磨牙點心 40g,69.90,69.90,78.90,9.00,True,published,20,floor(products.price * 1.12) + 0.90
af0798d5-03b1-42cf-aec0-fd39764ed589,4976064025739,【一口耐嚼特惠】國產純雞里肌一口肉塊大容量裝 180g,199.90,199.90,223.90,24.00,True,published,20,floor(products.price * 1.12) + 0.90
33be952d-b734-4138-ab51-209dc2d15d03,4976064025746,【原條慢烘特惠】國產純雞里肌整條硬質乾大容量裝 180g,199.90,199.90,223.90,24.00,True,published,20,floor(products.price * 1.12) + 0.90
4dcc6092-0a6f-453f-8d02-230d531f87f0,4976064025753,【濃醇高鈣】國產天然熟成芝士一口機能迷你方塊 25g,59.90,59.90,67.90,8.00,True,published,20,floor(products.price * 1.12) + 0.90
597bf25f-c4ad-41d1-92b2-90374043c324,4976064025760,【極上嫩牛】100%純日本國產仔牛肉鬆 35g（極細軟嫩・幼老犬極致鮮香拌糧）,69.90,69.90,78.90,9.00,True,published,20,floor(products.price * 1.12) + 0.90
fb93699a-4558-400f-b278-dc340193f2c7,4976064025777,【純肉佐餐】100%純馬肉鬆伴糧撒粉 30g（低敏高鐵・專治乾糧挑嘴犬）,69.90,69.90,78.90,9.00,True,published,20,floor(products.price * 1.12) + 0.90
51e227a6-57d3-46c2-b104-ffc3451db585,4976064025784,【極上滋補】國產天然鰻魚一口機能方塊 30g,79.90,79.90,89.90,10.00,True,published,20,floor(products.price * 1.12) + 0.90
5c3b0bed-e408-4959-904e-e4d54cc8fedc,4976064025791,【航天級凍乾】日本國產原條凍乾雞里肌肉 4本入,169.90,169.90,190.90,21.00,True,published,20,floor(products.price * 1.12) + 0.90
3f23fb0a-59d3-4091-9bc5-d6b8ee7b3057,4976064025807,【祝賀級白身】國產天然真鯛原條慢烘奢華魚乾 30g,69.90,69.90,78.90,9.00,True,published,20,floor(products.price * 1.12) + 0.90
791bc62b-dd5b-40fe-be04-19b5ce345655,4976064025814,【低脂低敏】國產天然白身魚一口清爽方塊 30g,69.90,69.90,78.90,9.00,True,published,20,floor(products.price * 1.12) + 0.90
88ff3da3-0005-44d8-8f91-d6f07cfd4601,4976064025821,【口服玻尿酸特惠】天然原隻雞冠骨膠原潔齒大容量裝 60g,129.90,129.90,145.90,16.00,True,published,20,floor(products.price * 1.12) + 0.90
26c0020f-9c56-4505-8c1b-988af9570955,4976064025852,【深海肌肽】日本近海天然鯨魚厚切純肉乾 30g,79.90,79.90,89.90,10.00,True,published,20,floor(products.price * 1.12) + 0.90
3d6484bc-0898-49ef-8e66-9fc64deb9e37,4976064025869,【耐咬小腿腱】國產天然馬腱肉細切耐嚼條 30g,119.90,119.90,134.90,15.00,True,published,20,floor(products.price * 1.12) + 0.90
ae2db3e0-09d9-42db-8680-5a16f6d53318,4976064025876,【和風燉肉】和風即食料理包 慢燉野生鹿肉 80g（鮮濃肉湯・補鐵開胃低脂濕糧）,89.90,89.90,100.90,11.00,True,published,20,floor(products.price * 1.12) + 0.90
a6b9ca4e-4015-423b-bf8b-07bd53c2268d,4976064025883,【耐嚼膠原】國產天然豬食道筋乾標準裝 40g,69.90,69.90,78.90,9.00,True,published,20,floor(products.price * 1.12) + 0.90
292526b8-a1f4-4a58-9ebd-68c2bf44a735,4976064025890,【耐咬之王】天然無添加牛蹄筋/牛大筋 50g（物理潔齒・防拆家耐咬神器）,119.90,119.90,134.90,15.00,True,published,20,floor(products.price * 1.12) + 0.90
99987f48-2ffb-4b03-bbb8-1ba3125c240e,4976064025920,【日本原裝・防暴衝訓練】雙色不銹鋼半鏈防暴衝頸圈 SS號 海軍藍配白,199.90,199.90,223.90,24.00,False,archived,20,floor(products.price * 1.12) + 0.90
e65ed41c-9221-4796-bc23-446748ac62b2,4976064025937,【日本原裝・防暴衝訓練】雙色不銹鋼半鏈防暴衝頸圈 S號 酒紅配白,239.90,239.90,268.90,29.00,False,archived,20,floor(products.price * 1.12) + 0.90
0452cc79-72a1-4933-92f3-da891dc70bdd,4976064025944,【日本原裝・防暴衝訓練】雙色不銹鋼半鏈防暴衝頸圈 S號 海軍藍配白,239.90,239.90,268.90,29.00,False,archived,20,floor(products.price * 1.12) + 0.90
7ed6fcf6-b715-4056-9911-5897e4fe548d,4976064025951,【日本原裝・防暴衝訓練】雙色不銹鋼半鏈防暴衝頸圈 M號 酒紅配白,289.90,289.90,324.90,35.00,False,archived,20,floor(products.price * 1.12) + 0.90
f2f2c4ae-9b84-448d-8a69-b842cceab251,4976064025968,【日本原裝・防暴衝訓練】雙色不銹鋼半鏈防暴衝頸圈 M號 海軍藍配白,289.90,289.90,324.90,35.00,False,archived,20,floor(products.price * 1.12) + 0.90
17aeb768-3af8-444e-b9ec-024f66cf20ff,4976064025975,【日本原裝・防暴衝訓練】雙色不銹鋼半鏈防暴衝頸圈 L號 酒紅配白,329.90,329.90,369.90,40.00,False,archived,20,floor(products.price * 1.12) + 0.90
a543b6e8-d5d8-4fc5-921b-0d770f030296,4976064025982,【日本原裝・防暴衝訓練】雙色不銹鋼半鏈防暴衝頸圈 L號 海軍藍配白,329.90,329.90,369.90,40.00,False,archived,20,floor(products.price * 1.12) + 0.90
f880b2d0-047e-4092-b9d6-08b8a7f2c079,4976064025999,【日本原裝・秒速穿脫】雙色快拆安全插扣舒適頸圈 SS號 酒紅配白,129.90,129.90,145.90,16.00,False,archived,20,floor(products.price * 1.12) + 0.90
ee7bce4a-8d62-40d8-93b5-db6d82d5a2e6,4976064026002,【日本原裝・秒速穿脫】雙色快拆安全插扣舒適頸圈 SS號 海軍藍配白,129.90,129.90,145.90,16.00,False,archived,20,floor(products.price * 1.12) + 0.90
0986bd15-081b-4874-8659-cf356cd1c24a,4976064026019,【日本原裝・秒速穿脫】雙色快拆安全插扣舒適頸圈 S號 酒紅配白,179.90,179.90,201.90,22.00,False,archived,20,floor(products.price * 1.12) + 0.90
2480f190-f6c6-4f4b-9e91-eae25fa79226,4976064026026,【日本原裝・秒速穿脫】雙色快拆安全插扣舒適頸圈 S號 海軍藍配白,179.90,179.90,201.90,22.00,False,archived,20,floor(products.price * 1.12) + 0.90
7f239e12-3efd-4429-9f32-80ffbac28251,4976064026033,【日本原裝・秒速穿脫】雙色快拆安全插扣舒適頸圈 M號 酒紅配白,199.90,199.90,223.90,24.00,False,archived,20,floor(products.price * 1.12) + 0.90
934a1b28-4f1f-4c57-83e4-5718b84c0d2f,4976064026040,【日本原裝・秒速穿脫】雙色快拆安全插扣舒適頸圈 M號 海軍藍配白,199.90,199.90,223.90,24.00,False,archived,20,floor(products.price * 1.12) + 0.90
c578e3cd-79ef-47df-84c9-f4cec08806ec,4976064026057,【日本原裝・秒速穿脫】雙色快拆安全插扣舒適頸圈 L號 酒紅配白,239.90,239.90,268.90,29.00,False,archived,20,floor(products.price * 1.12) + 0.90
17a65ca3-5bef-4d5b-b513-02e5a2daa5e5,4976064026064,【日本原裝・秒速穿脫】雙色快拆安全插扣舒適頸圈 L號 海軍藍配白,239.90,239.90,268.90,29.00,False,archived,20,floor(products.price * 1.12) + 0.90
a29e9303-7e78-461c-8e21-23adf5271231,4976064026071,【日本原裝・減壓透氣】雙色軟墊防暴衝胸背帶 SS號 酒紅配白,279.90,279.90,313.90,34.00,False,archived,20,floor(products.price * 1.12) + 0.90
f52168cb-54a3-43fd-ae28-1f497ef531d6,4976064026088,【日本原裝・減壓透氣】雙色軟墊防暴衝胸背帶 SS號 海軍藍配白,279.90,279.90,313.90,34.00,False,archived,20,floor(products.price * 1.12) + 0.90
b4ff1efa-6a79-4b9c-b8b6-7712802552b9,4976064026095,【日本原裝・減壓透氣】雙色軟墊防暴衝胸背帶 S號 酒紅配白,309.90,309.90,347.90,38.00,False,archived,20,floor(products.price * 1.12) + 0.90
0d8c6509-fcac-443b-aea8-a8448cae831e,4976064026101,【日本原裝・減壓透氣】雙色軟墊防暴衝胸背帶 S號 海軍藍配白,309.90,309.90,347.90,38.00,False,archived,20,floor(products.price * 1.12) + 0.90
cd6dcbba-f10f-4441-97b8-4429fe612512,4976064026118,【日本原裝・減壓透氣】雙色軟墊防暴衝胸背帶 M號 酒紅配白,379.90,379.90,425.90,46.00,False,archived,20,floor(products.price * 1.12) + 0.90
05803f2a-e0dd-49cb-a124-26b06d29dbfe,4976064026125,【日本原裝・減壓透氣】雙色軟墊防暴衝胸背帶 M號 海軍藍配白,379.90,379.90,425.90,46.00,False,archived,20,floor(products.price * 1.12) + 0.90
570ac794-1165-4243-9d3a-431559347daf,4976064026132,【日本原裝・減壓透氣】雙色軟墊防暴衝胸背帶 L號 酒紅配白,439.90,439.90,492.90,53.00,False,archived,20,floor(products.price * 1.12) + 0.90
e0721148-c560-4b49-8cfb-67d998c9d7e7,4976064026149,【日本原裝・減壓透氣】雙色軟墊防暴衝胸背帶 L號 海軍藍配白,439.90,439.90,492.90,53.00,False,archived,20,floor(products.price * 1.12) + 0.90
18369324-bc72-4963-8e22-deb5101c5ddc,4976064026156,【日本原裝・防勒舒適】雙色耐磨防暴衝牽引帶 SS號 酒紅配白,209.90,209.90,235.90,26.00,False,archived,20,floor(products.price * 1.12) + 0.90
fe349075-2498-4518-90ef-eb91f0f3860d,4976064026163,【日本原裝・防勒舒適】雙色耐磨防暴衝牽引帶 SS號 海軍藍配白,209.90,209.90,235.90,26.00,False,archived,20,floor(products.price * 1.12) + 0.90
156661f9-5dbb-495e-ad43-cd987131524d,4976064026170,【日本原裝・防勒舒適】雙色耐磨防暴衝牽引帶 S號 酒紅配白,239.90,239.90,268.90,29.00,False,archived,20,floor(products.price * 1.12) + 0.90
d4cdb490-1911-45f6-a7a5-4abfab69d67b,4976064026187,【日本原裝・防勒舒適】雙色耐磨防暴衝牽引帶 S號 海軍藍配白,239.90,239.90,268.90,29.00,False,archived,20,floor(products.price * 1.12) + 0.90
1b6c1f2d-b7dc-459f-afd6-389d13e4c497,4976064026194,【日本原裝・防勒舒適】雙色耐磨防暴衝牽引帶 M號 酒紅配白,309.90,309.90,347.90,38.00,False,archived,20,floor(products.price * 1.12) + 0.90
4362ffff-7967-4750-91b8-46ee4825041f,4976064026200,【日本原裝・防勒舒適】雙色耐磨防暴衝牽引帶 M號 海軍藍配白,309.90,309.90,347.90,38.00,False,archived,20,floor(products.price * 1.12) + 0.90
bc297b3d-32e4-4802-91a6-a7952d1365ec,4976064026217,【日本原裝・防勒舒適】雙色耐磨防暴衝牽引帶 L號 酒紅配白,379.90,379.90,425.90,46.00,False,archived,20,floor(products.price * 1.12) + 0.90
2a8d1118-b5cd-439c-8abd-1cd1ef0ff131,4976064026224,【日本原裝・防勒舒適】雙色耐磨防暴衝牽引帶 L號 海軍藍配白,379.90,379.90,425.90,46.00,False,archived,20,floor(products.price * 1.12) + 0.90
52848b22-54a4-4196-a482-4d44b63a1c42,4976064026231,【日本原裝・多功能外出】戶外漫步純棉帆布多口袋托特包,259.90,259.90,291.90,32.00,False,archived,20,floor(products.price * 1.12) + 0.90
c58efc37-cc99-41c6-a4e8-7150abee1718,4976064026255,【關節軟骨】國產純雞膝軟骨天然軟骨素磨牙嚼片 30g,69.90,69.90,78.90,9.00,True,published,20,floor(products.price * 1.12) + 0.90
c408dc50-96bd-4912-8e5c-e93b84301eb1,4976064026279,【終極耐啃】國產天然原隻豬蹄磨牙潔齒骨 50g,59.90,59.90,67.90,8.00,True,published,20,floor(products.price * 1.12) + 0.90
6f0a07f0-6669-451b-be37-91d1aa2d3db7,4976064026286,【關節配方】蒙古馬肉薄片添加葡萄糖胺 35g（關節修護・高齡活躍犬必備）,99.90,99.90,111.90,12.00,True,published,20,floor(products.price * 1.12) + 0.90
84323b74-1963-4ff3-a72a-9375d327fb22,4976064026316,【草原放牧】蒙古天然放牧馬蹄筋 30g（純淨無污染・天然高硬度耐咬骨筋）,129.90,129.90,145.90,16.00,True,published,20,floor(products.price * 1.12) + 0.90
84e3c3f5-8b43-416a-8187-c8ac4bb17233,4976064026323,【極限耐咬】蒙古放牧馬蹄筋特長大條 60g（大犬專屬・20cm巨型耐咬膠原棒）,159.90,159.90,179.90,20.00,True,published,20,floor(products.price * 1.12) + 0.90
37d7171f-ab5b-47bc-9038-3adad58c0d64,4976064026330,【極薄脆片】國產純雞里肌咔嚓酥脆薄片 35g,59.90,59.90,67.90,8.00,True,published,20,floor(products.price * 1.12) + 0.90
f1f4f76f-e4ff-43c0-814f-ed7a3402631d,4976064026347,【純白手撕】北海道天然純鱈魚手撕肉絲 25g,69.90,69.90,78.90,9.00,True,published,20,floor(products.price * 1.12) + 0.90
27d4f28e-a79f-4d0a-a939-12b52a58938d,4976064026354,【珍稀美肌】國產天然烏魚白子高蛋白機能棒 40g,99.90,99.90,111.90,12.00,True,published,20,floor(products.price * 1.12) + 0.90
d6107d4c-9431-4a4b-a08f-2ad3b3bb1c8d,4976064026378,【鮮味肉棒】國產天然黑鮪魚肉泥棒 35g,69.90,69.90,78.90,9.00,True,published,20,floor(products.price * 1.12) + 0.90
8922dcb9-fa6e-483d-8b39-93260b92efc1,4976064026385,【腸道益生】國產純天然優酪乳酸奶一口機能脆粒 25g,79.90,79.90,89.90,10.00,True,published,20,floor(products.price * 1.12) + 0.90
9d9d0c62-2d74-42fd-a29a-88e37f2730a4,4976064026392,【海洋膠原】天然鯊魚皮終極耐咬潔齒皮棒 20g,69.90,69.90,78.90,9.00,True,published,20,floor(products.price * 1.12) + 0.90
d245b45c-7b14-4f32-ab4d-0fb849f842fe,4976064026415,【天然軟骨素】國產天然豬喉氣管軟骨潔齒圈 30g,59.90,59.90,67.90,8.00,True,published,20,floor(products.price * 1.12) + 0.90
d7fd4419-9f52-4bcf-9ee8-03e7013dd10a,4976064026422,【高鈣膠原】瀨戶內海天然海鰻/鱧魚尾鰭耐嚼片 30g,69.90,69.90,78.90,9.00,True,published,20,floor(products.price * 1.12) + 0.90
f3e918e7-8b47-43aa-b5e2-8e0cfa00b6b4,4976064026439,【極低敏白身】國產天然日本鯰魚薄切脆片 25g,69.90,69.90,78.90,9.00,True,published,20,floor(products.price * 1.12) + 0.90
13b729b8-49ed-45e9-85d9-2a9a662477d5,4976064026446,【特長大條】天然牛大筋/牛蹄筋特長耐咬大條 3本入（長達20cm・大狗極限潔齒抗拆家）,119.90,119.90,134.90,15.00,True,published,20,floor(products.price * 1.12) + 0.90
a0587dd2-7576-4f0d-9cf5-d6d56c38027f,4976064026453,【天然馬皮】原塊風乾天然馬皮潔齒咬膠 35g（低敏無膠・高韌性持久潔齒）,89.90,89.90,100.90,11.00,True,published,20,floor(products.price * 1.12) + 0.90
bf130543-85b2-4f68-a1fb-fca336c31a7c,4976064026460,【嚐鮮小包】國產馬肉無穀低敏主食糧試食裝 50g（轉糧嚐鮮・挑嘴犬過敏測試）,69.90,69.90,78.90,9.00,True,published,20,floor(products.price * 1.12) + 0.90
41652547-1eb4-407c-a17c-a475c6b153d1,4976064026477,【低敏全價主糧】國產馬肉無穀低敏主食糧 800g（皮膚過敏救星・全食材天然安心）,289.90,289.90,324.90,35.00,True,published,20,floor(products.price * 1.12) + 0.90
a1a31391-1ab2-48e3-9139-b10b5341351a,4976064026491,【便攜肉棒】國產純雞里肌元氣長條肉棒 45g,69.90,69.90,78.90,9.00,True,published,20,floor(products.price * 1.12) + 0.90
2956c793-d42f-48a9-8d9a-b617b551523e,4976064026507,【濃郁雙享】國產純雞里肌+濃醇芝士一口雙色丁 30g,69.90,69.90,78.90,9.00,True,published,20,floor(products.price * 1.12) + 0.90
c801a4c1-9c34-4d9c-bfa7-0347a5d35765,4976064026514,【降火滋陰】原條風乾日本鴨里肌肉乾 30g（低敏清心・不易上火防淚痕）,69.90,69.90,78.90,9.00,True,published,20,floor(products.price * 1.12) + 0.90
4aff919f-7017-415d-938b-9aacdc3b31dc,4976064026521,【北海道產】北海道純牛肉棒 35g（嚴選北國牧場牛・純肉細條好握持）,69.90,69.90,78.90,9.00,True,published,20,floor(products.price * 1.12) + 0.90
a8cf7fa3-dba6-4537-a75d-039227e2bf36,4976064026538,【一口丁耐嚼】國產牛舌皮一口丁大容量裝 80g（一口一粒免動刀・咀嚼解悶高頻訓練）,99.90,99.90,111.90,12.00,True,published,20,floor(products.price * 1.12) + 0.90
e353209a-dfd5-43fe-8ff1-51c2d95a9f7d,4976064026545,【北海珍味】北海道野生蝦夷鹿原肉乾 25g,99.90,99.90,111.90,12.00,True,published,20,floor(products.price * 1.12) + 0.90
cfdd16aa-8217-4f26-b673-ab43d2e36b7d,4976064026552,【原肉風乾】國產原肉厚切風乾純馬肉條 35g（高鐵低脂・越嚼越香紅肉美味）,79.90,79.90,89.90,10.00,True,published,20,floor(products.price * 1.12) + 0.90
01ad762d-d49d-47b8-8881-863f1a682239,4976064026569,【雙重食感】純雞里肌捲天然牛皮潔齒棒 40g（外香內韌・挑食犬也瘋狂潔齒）,69.90,69.90,78.90,9.00,True,published,20,floor(products.price * 1.12) + 0.90
1cedf51b-3d00-42db-ae4b-95042bf55efb,4976064026576,【深海EPA】國產天然黑鮪魚酥脆薄片 35g,59.90,59.90,67.90,8.00,True,published,20,floor(products.price * 1.12) + 0.90
14cc644f-d570-46f8-983b-b5b12d1af64c,4976064026583,【極上鮮美】北海道天然姬鱈魚乾 35g,69.90,69.90,78.90,9.00,True,published,20,floor(products.price * 1.12) + 0.90
4ce349e5-ca8f-4845-becf-82fcb3fbf1f0,4976064026590,【低脂潔齒大容量】北海道天然姬鱈魚乾家庭裝 70g,129.90,129.90,145.90,16.00,True,published,20,floor(products.price * 1.12) + 0.90
e14c1400-def2-436e-b946-41eaf41a761b,4976064026606,【極上白身】國產天然海鰻/鱧魚一口機能丁 30g,69.90,69.90,78.90,9.00,True,published,20,floor(products.price * 1.12) + 0.90
e10da3bd-6a40-4566-a787-f180e0ca125f,4976064026613,【天然有機鈣】國產天然酥脆鰻魚骨高鈣磨牙棒 35g,59.90,59.90,67.90,8.00,True,published,20,floor(products.price * 1.12) + 0.90
5a03d315-2017-4c64-ae46-356580b25cf3,4976064026620,【極上海味】國產天然鰤魚/油甘魚元氣肉棒 25g,69.90,69.90,78.90,9.00,True,published,20,floor(products.price * 1.12) + 0.90
49e38409-c02e-4dae-ac98-fe621e479c90,4976064026637,【彩虹植化素】國產天然綜合蔬果乾彩虹酵素包 40g,69.90,69.90,78.90,9.00,True,published,20,floor(products.price * 1.12) + 0.90
8c75095f-3477-46b8-9135-231b34fdc605,4976064026644,【原切酥脆】國產黃金甘藷香脆薄切片 40g,69.90,69.90,78.90,9.00,True,published,20,floor(products.price * 1.12) + 0.90
a2c8f9fb-c3ca-4806-921e-c320a7e490da,4976064026651,【金黃甘藷】鹿兒島產天然黃金地瓜纖維耐嚼棒 45g,69.90,69.90,78.90,9.00,True,published,20,floor(products.price * 1.12) + 0.90
3ef62e90-7f61-446e-bc59-cbd46e780d56,4976064026668,【高纖腸道】鹿兒島黃金蕃薯營養小方塊 50g（天然膳食纖維・排毛通便健康點心）,59.90,59.90,67.90,8.00,True,published,20,floor(products.price * 1.12) + 0.90
7cae9bd1-2750-48ce-bc1a-1a241db6abf6,4976064026682,【高鉀活力】天然原切香蕉脆片消化酵素點心 40g,59.90,59.90,67.90,8.00,True,published,20,floor(products.price * 1.12) + 0.90
8dddef9f-acac-42ff-be60-6eb0dec6973c,4976064026699,【極細粉末】國產純雞里肌高純度誘食粉末 60g,69.90,69.90,78.90,9.00,True,published,20,floor(products.price * 1.12) + 0.90
9a5b5d77-73c8-41a3-af03-da3a07836c8d,4976064026705,【雪花拌糧】國產純牛肉雪花碎粒片 35g（均勻卡緊飼料縫隙・徹底杜絕挑食挑肉）,69.90,69.90,78.90,9.00,True,published,20,floor(products.price * 1.12) + 0.90
06f47cb9-593d-4dd0-b254-07b642a43ba9,4976064026712,【自然鮮糧】國產純豬肉全天然低敏乾糧試吃裝 60g,69.90,69.90,78.90,9.00,True,published,20,floor(products.price * 1.12) + 0.90
9d5a2d2a-cf6f-4079-8772-9370c4967202,4976064026729,【自然鮮糧】國產純豬肉全天然低敏主食乾糧 400g,289.90,289.90,324.90,35.00,True,published,20,floor(products.price * 1.12) + 0.90
5c195956-bc06-4d3a-8f64-b6e93f7148c7,4976064026736,【嚐鮮小包】北海道野生蝦夷鹿無穀主食糧試食裝 50g（適口性測試・過敏犬嚐鮮首選）,69.90,69.90,78.90,9.00,True,published,20,floor(products.price * 1.12) + 0.90
055f8bac-23d8-47f9-b3e8-8907cce24fd7,4976064026743,【低敏全價主糧】北海道天然野生蝦夷鹿無穀主食糧 800g（高鐵高滋補・全齡犬溫補配方）,289.90,289.90,324.90,35.00,True,published,20,floor(products.price * 1.12) + 0.90
4340b688-6bda-40d8-b1cc-1fce8f0403d0,4976064026750,【京都名產】京丹波產野生鹿肉乾薄切片 35g,79.90,79.90,89.90,10.00,True,published,20,floor(products.price * 1.12) + 0.90
564d1e4c-0bec-4645-8cf1-2b04039a1d53,4976064026767,【油花濃郁】國產天然馬肋排肉條 30g（中落牛腩狀馬肉・極致脂香挑嘴救星）,99.90,99.90,111.90,12.00,True,published,20,floor(products.price * 1.12) + 0.90
cc31c547-aebf-48b4-b5ee-6cbb256f02cc,MOFU-BUNDLE-DENTAL-02,【限時特惠・現省$61】室內放電防拆家・物理潔齒耐咬 3 件套裝（天然原隻牛蹄＋特長牛大筋＋高山犛牛芝士棒M）,298.90,298.90,334.90,36.00,True,published,50,floor(products.price * 1.12) + 0.90
c76041b4-8f83-434f-8244-7061fad383a0,MOFU-BUNDLE-PICKY-01,【限時特惠・現省$51】挑食怪終結者・日系拌糧誘食 4 件套裝（純雞雪花碎＋黑鮪魚碎＋安納芋粉＋熟成起司粉）,198.90,198.90,222.90,24.00,True,published,50,floor(products.price * 1.12) + 0.90
8c2e351d-2979-4ef0-88a1-695650e622bc,MOFU-BUNDLE-SEAFOOD-03,【限時特惠・現省$72】深海美毛亮眼・Omega-3 全魚滋補 4 件套裝（三文魚肉棒＋黑鮪赤身片＋北海道姬鱈魚乾＋無鹽丁香魚）,267.90,267.90,300.90,33.00,True,published,50,floor(products.price * 1.12) + 0.90
